rank,cveId,vendorProject,product,kevDateAdded,knownRansomware,epssDate,epss,percentile,previousDate,previousRank,epssDelta
1,CVE-2019-11510,"Ivanti","Pulse Connect Secure",2021-11-03,Known,2026-09-26,0.99999,1.0,,,
2,CVE-2020-5902,"F5","BIG-IP",2021-11-03,Known,2026-09-26,0.99999,1.0,,,
3,CVE-2021-44228,"Apache","Log4j2",2021-12-10,Known,2026-09-26,0.99999,1.0,,,
4,CVE-2024-3400,"Palo Alto Networks","PAN-OS",2024-04-12,Known,2026-09-26,0.99999,1.0,,,
5,CVE-2019-0708,"Microsoft","Remote Desktop Services",2021-11-03,Known,2026-09-26,0.99999,0.99999,,,
6,CVE-2024-21887,"Ivanti","Connect Secure and Policy Secure",2024-01-10,Known,2026-09-26,0.99999,0.99999,,,
7,CVE-2024-21893,"Ivanti","Connect Secure, Policy Secure, and Neurons",2024-01-31,Known,2026-09-26,0.99999,0.99999,,,
8,CVE-2015-1635,"Microsoft","HTTP.sys",2022-02-10,Unknown,2026-09-26,0.99999,0.99998,,,
9,CVE-2019-19781,"Citrix","Application Delivery Controller (ADC), Gateway, and SD-WAN WANOP Appliance",2021-11-03,Known,2026-09-26,0.99999,0.99998,,,
10,CVE-2023-35078,"Ivanti","Endpoint Manager Mobile (EPMM)",2023-07-25,Known,2026-09-26,0.99999,0.99998,,,
11,CVE-2023-44487,"IETF","HTTP/2",2023-10-10,Unknown,2026-09-26,0.99999,0.99998,,,
12,CVE-2014-0160,"OpenSSL","OpenSSL",2022-05-04,Unknown,2026-09-26,0.99999,0.99997,,,
13,CVE-2021-22005,"VMware","vCenter Server",2021-11-03,Known,2026-09-26,0.99999,0.99997,,,
14,CVE-2021-40438,"Apache","Apache",2021-12-01,Known,2026-09-26,0.99999,0.99997,,,
15,CVE-2023-4966,"Citrix","NetScaler ADC and NetScaler Gateway",2023-10-18,Known,2026-09-26,0.99999,0.99997,,,
16,CVE-2021-34473,"Microsoft","Exchange Server",2021-11-03,Known,2026-09-26,0.99999,0.99996,,,
17,CVE-2023-0669,"Fortra","GoAnywhere MFT",2023-02-10,Known,2026-09-26,0.99999,0.99996,,,
18,CVE-2023-22518,"Atlassian","Confluence Data Center and Server",2023-11-07,Known,2026-09-26,0.99999,0.99996,,,
19,CVE-2022-29464,"WSO2","Multiple Products",2022-04-25,Known,2026-09-26,0.99999,0.99995,,,
20,CVE-2023-27350,"PaperCut","MF/NG",2023-04-21,Known,2026-09-26,0.99999,0.99995,,,
21,CVE-2023-35082,"Ivanti","Endpoint Manager Mobile (EPMM) and MobileIron Core",2024-01-18,Known,2026-09-26,0.99999,0.99995,,,
22,CVE-2024-23897,"Jenkins","Jenkins Command Line Interface (CLI)",2024-08-19,Known,2026-09-26,0.99999,0.99995,,,
23,CVE-2017-5638,"Apache","Struts",2021-11-03,Known,2026-09-26,0.99999,0.99994,,,
24,CVE-2017-9841,"PHPUnit","PHPUnit",2022-02-15,Unknown,2026-09-26,0.99999,0.99994,,,
25,CVE-2018-13379,"Fortinet","FortiOS",2021-11-03,Known,2026-09-26,0.99999,0.99994,,,
26,CVE-2021-35464,"ForgeRock","Access Management (AM)",2021-11-03,Known,2026-09-26,0.99999,0.99994,,,
27,CVE-2014-6271,"GNU","Bourne-Again Shell (Bash)",2022-01-28,Unknown,2026-09-26,0.99999,0.99993,,,
28,CVE-2021-21985,"VMware","vCenter Server",2021-11-03,Known,2026-09-26,0.99999,0.99993,,,
29,CVE-2021-26084,"Atlassian","Confluence Server and Data Center",2021-11-03,Known,2026-09-26,0.99999,0.99993,,,
30,CVE-2022-26134,"Atlassian","Confluence Server/Data Center",2022-06-02,Known,2026-09-26,0.99999,0.99993,,,
31,CVE-2021-26086,"Atlassian","Jira Server and Data Center",2024-11-12,Unknown,2026-09-26,0.99999,0.99992,,,
32,CVE-2023-1389,"TP-Link","Archer AX21",2023-05-01,Unknown,2026-09-26,0.99999,0.99992,,,
33,CVE-2023-1671,"Sophos","Web Appliance",2023-11-16,Unknown,2026-09-26,0.99999,0.99992,,,
34,CVE-2023-32315,"Ignite Realtime","Openfire",2023-08-24,Unknown,2026-09-26,0.99999,0.99992,,,
35,CVE-2021-1498,"Cisco","HyperFlex HX",2021-11-03,Unknown,2026-09-26,0.99999,0.99991,,,
36,CVE-2024-7593,"Ivanti","Virtual Traffic Manager",2024-09-24,Unknown,2026-09-26,0.99999,0.99991,,,
37,CVE-2012-1823,"PHP","PHP",2022-03-25,Unknown,2026-09-26,0.99998,0.9999,,,
38,CVE-2013-2251,"Apache","Struts",2022-03-25,Unknown,2026-09-26,0.99998,0.9999,,,
39,CVE-2017-7921,"Hikvision","Multiple Products",2026-03-05,Unknown,2026-09-26,0.99998,0.9999,,,
40,CVE-2025-53770,"Microsoft","SharePoint",2025-07-20,Known,2026-09-26,0.99998,0.9999,,,
41,CVE-2022-22954,"VMware","Workspace ONE Access and Identity Manager",2022-04-14,Known,2026-09-26,0.99998,0.99989,,,
42,CVE-2020-14882,"Oracle","WebLogic Server",2021-11-03,Unknown,2026-09-26,0.99997,0.99989,,,
43,CVE-2024-3273,"D-Link","Multiple NAS Devices",2024-04-11,Unknown,2026-09-26,0.99997,0.99989,,,
44,CVE-2019-16920,"D-Link","Multiple Routers",2022-03-25,Unknown,2026-09-26,0.99996,0.99989,,,
45,CVE-2021-26855,"Microsoft","Exchange Server",2021-11-03,Known,2026-09-26,0.99996,0.99988,,,
46,CVE-2022-44877,"CWP","Control Web Panel",2023-01-17,Unknown,2026-09-26,0.99995,0.99988,,,
47,CVE-2025-49704,"Microsoft","SharePoint",2025-07-22,Known,2026-09-26,0.99995,0.99988,,,
48,CVE-2024-34102,"Adobe","Commerce and Magento Open Source",2024-07-17,Unknown,2026-09-26,0.99994,0.99988,,,
49,CVE-2020-8515,"DrayTek","Multiple Vigor Routers",2021-11-03,Unknown,2026-09-26,0.99993,0.99987,,,
50,CVE-2025-3248,"Langflow","Langflow",2025-05-05,Known,2026-09-26,0.99993,0.99987,,,
51,CVE-2020-3452,"Cisco","Adaptive Security Appliance (ASA) and Firepower Threat Defense (FTD)",2021-11-03,Unknown,2026-09-26,0.99992,0.99987,,,
52,CVE-2024-13159,"Ivanti","Endpoint Manager (EPM)",2025-03-10,Unknown,2026-09-26,0.99992,0.99987,,,
53,CVE-2021-41773,"Apache","HTTP Server",2021-11-03,Known,2026-09-26,0.99992,0.99986,,,
54,CVE-2018-11776,"Apache","Struts",2021-11-03,Unknown,2026-09-26,0.99991,0.99986,,,
55,CVE-2024-27199,"JetBrains","TeamCity",2026-04-20,Known,2026-09-26,0.99991,0.99986,,,
56,CVE-2018-7600,"Drupal","Drupal Core",2021-11-03,Known,2026-09-26,0.99991,0.99985,,,
57,CVE-2023-29300,"Adobe","ColdFusion",2024-01-08,Known,2026-09-26,0.99991,0.99985,,,
58,CVE-2017-10271,"Oracle","WebLogic Server",2022-02-10,Known,2026-09-26,0.9999,0.99985,,,
59,CVE-2021-34523,"Microsoft","Exchange Server",2021-11-03,Known,2026-09-26,0.9999,0.99985,,,
60,CVE-2020-9054,"Zyxel","Multiple Network-Attached Storage (NAS) Devices",2022-03-25,Unknown,2026-09-26,0.99988,0.99984,,,
61,CVE-2023-42793,"JetBrains","TeamCity",2023-10-04,Known,2026-09-26,0.99988,0.99984,,,
62,CVE-2021-33044,"Dahua","IP Camera Firmware",2024-08-21,Unknown,2026-09-26,0.99987,0.99984,,,
63,CVE-2024-4577,"PHP Group","PHP",2024-06-12,Known,2026-09-26,0.99987,0.99983,,,
64,CVE-2019-9670,"Synacor","Zimbra Collaboration Suite (ZCS)",2022-01-10,Unknown,2026-09-26,0.99986,0.99983,,,
65,CVE-2023-46805,"Ivanti","Connect Secure and Policy Secure",2024-01-10,Known,2026-09-26,0.99986,0.99983,,,
66,CVE-2022-40684,"Fortinet","Multiple Products",2022-10-11,Known,2026-09-26,0.99984,0.99983,,,
67,CVE-2023-22527,"Atlassian","Confluence Data Center and Server",2024-01-24,Known,2026-09-26,0.99984,0.99982,,,
68,CVE-2023-29357,"Microsoft","SharePoint Server",2024-01-10,Known,2026-09-26,0.99984,0.99982,,,
69,CVE-2021-20090,"Arcadyan","Buffalo Firmware",2021-11-03,Unknown,2026-09-26,0.99983,0.99982,,,
70,CVE-2024-45195,"Apache","OFBiz",2025-02-04,Unknown,2026-09-26,0.99983,0.99982,,,
71,CVE-2021-22204,"Perl","Exiftool",2021-11-17,Unknown,2026-09-26,0.99981,0.99981,,,
72,CVE-2025-22457,"Ivanti","Connect Secure, Policy Secure, and ZTA Gateways",2025-04-04,Known,2026-09-26,0.99981,0.99981,,,
73,CVE-2025-59287,"Microsoft","Windows",2025-10-24,Unknown,2026-09-26,0.9998,0.99981,,,
74,CVE-2024-1709,"ConnectWise","ScreenConnect",2024-02-22,Known,2026-09-26,0.9998,0.9998,,,
75,CVE-2023-4863,"Google","Chromium WebP",2023-09-13,Unknown,2026-09-26,0.99979,0.9998,,,
76,CVE-2025-0282,"Ivanti","Connect Secure, Policy Secure, and ZTA Gateways",2025-01-08,Known,2026-09-26,0.99979,0.9998,,,
77,CVE-2024-24919,"Check Point","Quantum Security Gateways",2024-05-30,Known,2026-09-26,0.99978,0.9998,,,
78,CVE-2021-45046,"Apache","Log4j2",2023-05-01,Known,2026-09-26,0.99977,0.99979,,,
79,CVE-2012-0158,"Microsoft","MSCOMCTL.OCX",2021-11-03,Unknown,2026-09-26,0.99976,0.99979,,,
80,CVE-2024-4879,"ServiceNow","Utah, Vancouver, and Washington DC Now Platform",2024-07-29,Unknown,2026-09-26,0.99976,0.99979,,,
81,CVE-2025-31161,"CrushFTP","CrushFTP",2025-04-07,Known,2026-09-26,0.99976,0.99978,,,
82,CVE-2014-8361,"Realtek","SDK",2023-09-18,Unknown,2026-09-26,0.99975,0.99978,,,
83,CVE-2025-5777,"Citrix","NetScaler ADC and Gateway",2025-07-10,Known,2026-09-26,0.99972,0.99978,,,
84,CVE-2022-41082,"Microsoft","Exchange Server",2022-09-30,Known,2026-09-26,0.9997,0.99977,,,
85,CVE-2017-12617,"Apache","Tomcat",2022-03-25,Unknown,2026-09-26,0.99968,0.99977,,,
86,CVE-2020-25506,"D-Link","DNS-320 Device",2021-11-03,Unknown,2026-09-26,0.99968,0.99977,,,
87,CVE-2022-47986,"IBM","Aspera Faspex",2023-02-21,Known,2026-09-26,0.99968,0.99977,,,
88,CVE-2019-2725,"Oracle","WebLogic Server",2022-01-10,Known,2026-09-26,0.99964,0.99976,,,
89,CVE-2021-42013,"Apache","HTTP Server",2021-11-03,Known,2026-09-26,0.99964,0.99976,,,
90,CVE-2020-0688,"Microsoft","Exchange Server",2021-11-03,Known,2026-09-26,0.99962,0.99975,,,
91,CVE-2021-3156,"Sudo","Sudo",2022-04-06,Unknown,2026-09-26,0.99962,0.99975,,,
92,CVE-2019-10149,"Exim","Mail Transfer Agent (MTA)",2022-01-10,Unknown,2026-09-26,0.99961,0.99975,,,
93,CVE-2018-2628,"Oracle","WebLogic Server",2022-09-08,Unknown,2026-09-26,0.99959,0.99975,,,
94,CVE-2024-38475,"Apache","HTTP Server",2025-05-01,Unknown,2026-09-26,0.99957,0.99974,,,
95,CVE-2022-41040,"Microsoft","Exchange Server",2022-09-30,Known,2026-09-26,0.99956,0.99974,,,
96,CVE-2022-1388,"F5","BIG-IP",2022-05-10,Known,2026-09-26,0.99954,0.99974,,,
97,CVE-2023-38035,"Ivanti","Sentry",2023-08-22,Known,2026-09-26,0.9995,0.99974,,,
98,CVE-2018-15961,"Adobe","ColdFusion",2021-11-03,Unknown,2026-09-26,0.9995,0.99973,,,
99,CVE-2018-10562,"Dasan","Gigabit Passive Optical Network (GPON) Routers",2022-03-31,Known,2026-09-26,0.99949,0.99973,,,
100,CVE-2017-11882,"Microsoft","Office",2021-11-03,Known,2026-09-26,0.99945,0.99973,,,
101,CVE-2022-30525,"Zyxel","Multiple Firewalls",2022-05-16,Unknown,2026-09-26,0.99944,0.99973,,,
102,CVE-2015-3113,"Adobe","Flash Player",2022-04-13,Unknown,2026-09-26,0.99944,0.99972,,,
103,CVE-2021-3129,"Laravel","Ignition",2023-09-18,Known,2026-09-26,0.99943,0.99972,,,
104,CVE-2020-10189,"Zoho","ManageEngine",2021-11-03,Unknown,2026-09-26,0.99941,0.99972,,,
105,CVE-2014-7169,"GNU","Bourne-Again Shell (Bash)",2022-01-28,Unknown,2026-09-26,0.9994,0.99972,,,
106,CVE-2022-22963,"VMware Tanzu","Spring Cloud",2022-08-25,Unknown,2026-09-26,0.99938,0.99971,,,
107,CVE-2024-27198,"JetBrains","TeamCity",2024-03-07,Known,2026-09-26,0.99938,0.99971,,,
108,CVE-2024-29824,"Ivanti","Endpoint Manager (EPM)",2024-10-02,Unknown,2026-09-26,0.99938,0.99971,,,
109,CVE-2021-26085,"Atlassian","Confluence Server",2022-03-28,Known,2026-09-26,0.99937,0.9997,,,
110,CVE-2023-34362,"Progress","MOVEit Transfer",2023-06-02,Known,2026-09-26,0.99934,0.9997,,,
111,CVE-2021-38647,"Microsoft","Open Management Infrastructure (OMI)",2021-11-03,Known,2026-09-26,0.99933,0.9997,,,
112,CVE-2021-39226,"Grafana Labs","Grafana",2022-08-25,Unknown,2026-09-26,0.99933,0.99969,,,
113,CVE-2021-1497,"Cisco","HyperFlex HX",2021-11-03,Unknown,2026-09-26,0.9993,0.99969,,,
114,CVE-2022-35405,"Zoho","ManageEngine",2022-09-22,Unknown,2026-09-26,0.99927,0.99969,,,
115,CVE-2025-24813,"Apache","Tomcat",2025-04-01,Unknown,2026-09-26,0.99927,0.99968,,,
116,CVE-2025-4427,"Ivanti","Endpoint Manager Mobile (EPMM)",2025-05-19,Unknown,2026-09-26,0.99927,0.99968,,,
117,CVE-2024-32113,"Apache","OFBiz",2024-08-07,Unknown,2026-09-26,0.99919,0.99968,,,
118,CVE-2026-10520,"Ivanti","Sentry",2026-06-11,Unknown,2026-09-26,0.99915,0.99967,,,
119,CVE-2018-0296,"Cisco","Adaptive Security Appliance (ASA)",2021-11-03,Unknown,2026-09-26,0.99913,0.99967,,,
120,CVE-2019-0604,"Microsoft","SharePoint",2021-11-03,Known,2026-09-26,0.99913,0.99967,,,
121,CVE-2019-3396,"Atlassian","Confluence Server and Data Server",2021-11-03,Known,2026-09-26,0.99913,0.99967,,,
122,CVE-2021-20038,"SonicWall","SMA 100 Appliances",2022-01-28,Known,2026-09-26,0.99912,0.99966,,,
123,CVE-2022-24816,"OSGeo","JAI-EXT",2024-06-26,Unknown,2026-09-26,0.99911,0.99966,,,
124,CVE-2024-45519,"Synacor","Zimbra Collaboration Suite (ZCS)",2024-10-03,Unknown,2026-09-26,0.99907,0.99966,,,
125,CVE-2015-1427,"Elastic","Elasticsearch",2022-03-25,Unknown,2026-09-26,0.99906,0.99965,,,
126,CVE-2019-7481,"SonicWall","SMA100",2021-11-03,Known,2026-09-26,0.99906,0.99965,,,
127,CVE-2020-7961,"Liferay","Liferay Portal",2021-11-03,Unknown,2026-09-26,0.99905,0.99965,,,
128,CVE-2023-21839,"Oracle","WebLogic Server",2023-05-01,Unknown,2026-09-26,0.999,0.99965,,,
129,CVE-2021-22986,"F5","BIG-IP and BIG-IQ Centralized Management",2021-11-03,Known,2026-09-26,0.99898,0.99964,,,
130,CVE-2023-46604,"Apache","ActiveMQ",2023-11-02,Known,2026-09-26,0.99891,0.99964,,,
131,CVE-2014-0497,"Adobe","Flash Player",2024-09-17,Unknown,2026-09-26,0.99883,0.99964,,,
132,CVE-2022-35914,"Teclib","GLPI",2023-03-07,Unknown,2026-09-26,0.9988,0.99964,,,
133,CVE-2019-1653,"Cisco","Small Business RV320 and RV325 Routers",2021-11-03,Unknown,2026-09-26,0.99876,0.99963,,,
134,CVE-2021-27065,"Microsoft","Exchange Server",2021-11-03,Known,2026-09-26,0.99876,0.99963,,,
135,CVE-2021-44515,"Zoho","Desktop Central",2021-12-10,Unknown,2026-09-26,0.99871,0.99962,,,
136,CVE-2021-36260,"Hikvision","Security cameras web server",2022-01-10,Unknown,2026-09-26,0.99869,0.99962,,,
137,CVE-2021-21972,"VMware","vCenter Server",2021-11-03,Known,2026-09-26,0.99865,0.99962,,,
138,CVE-2025-24893,"XWiki","Platform",2025-10-30,Unknown,2026-09-26,0.99864,0.99962,,,
139,CVE-2021-35394,"Realtek","Jungle Software Development Kit (SDK)",2021-12-10,Unknown,2026-09-26,0.99861,0.99961,,,
140,CVE-2024-0012,"Palo Alto Networks","PAN-OS",2024-11-18,Known,2026-09-26,0.99848,0.9996,,,
141,CVE-2023-23752,"Joomla!","Joomla!",2024-01-08,Unknown,2026-09-26,0.99827,0.9996,,,
142,CVE-2022-46169,"Cacti","Cacti",2023-02-16,Unknown,2026-09-26,0.99826,0.99959,,,
143,CVE-2021-37415,"Zoho","ManageEngine ServiceDesk Plus (SDP)",2021-12-01,Unknown,2026-09-26,0.99825,0.99959,,,
144,CVE-2017-7269,"Microsoft","Internet Information Services (IIS)",2021-11-03,Unknown,2026-09-26,0.99823,0.99959,,,
145,CVE-2023-38831,"RARLAB","WinRAR",2023-08-24,Known,2026-09-26,0.99815,0.99958,,,
146,CVE-2024-36401,"OSGeo","GeoServer",2024-07-15,Unknown,2026-09-26,0.99813,0.99958,,,
147,CVE-2020-0796,"Microsoft","SMBv3",2022-02-10,Known,2026-09-26,0.9981,0.99958,,,
148,CVE-2016-6277,"NETGEAR","Multiple Routers",2022-03-07,Unknown,2026-09-26,0.99803,0.99957,,,
149,CVE-2025-55182,"Meta","React Server Components",2025-12-05,Known,2026-09-26,0.99802,0.99957,,,
150,CVE-2025-10035,"Fortra","GoAnywhere MFT",2025-09-29,Known,2026-09-26,0.99799,0.99957,,,
151,CVE-2022-1040,"Sophos","Firewall",2022-03-31,Unknown,2026-09-26,0.99796,0.99956,,,
152,CVE-2021-34527,"Microsoft","Windows",2021-11-03,Known,2026-09-26,0.99792,0.99956,,,
153,CVE-2023-29298,"Adobe","ColdFusion",2023-07-20,Unknown,2026-09-26,0.9979,0.99955,,,
154,CVE-2025-32432,"Craft CMS","Craft CMS",2026-03-20,Unknown,2026-09-26,0.99785,0.99955,,,
155,CVE-2021-31207,"Microsoft","Exchange Server",2021-11-03,Known,2026-09-26,0.99782,0.99955,,,
156,CVE-2019-11043,"PHP","FastCGI Process Manager (FPM)",2022-03-25,Known,2026-09-26,0.9978,0.99955,,,
157,CVE-2020-13927,"Apache","Airflow's Experimental API",2022-01-18,Unknown,2026-09-26,0.99778,0.99954,,,
158,CVE-2025-25257,"Fortinet","FortiWeb",2025-07-18,Unknown,2026-09-26,0.99775,0.99954,,,
159,CVE-2021-31166,"Microsoft","HTTP Protocol Stack",2022-04-06,Unknown,2026-09-26,0.99772,0.99954,,,
160,CVE-2022-47966,"Zoho","ManageEngine",2023-01-23,Known,2026-09-26,0.99753,0.99954,,,
161,CVE-2023-3519,"Citrix","NetScaler ADC and NetScaler Gateway",2023-07-19,Known,2026-09-26,0.99749,0.99953,,,
162,CVE-2023-38205,"Adobe","ColdFusion",2023-07-20,Unknown,2026-09-26,0.99742,0.99953,,,
163,CVE-2019-18935,"Progress","Telerik UI for ASP.NET AJAX",2021-11-03,Known,2026-09-26,0.99737,0.99953,,,
164,CVE-2020-15505,"Ivanti","MobileIron Multiple Products",2021-11-03,Unknown,2026-09-26,0.99737,0.99953,,,
165,CVE-2025-61882,"Oracle","E-Business Suite",2025-10-06,Known,2026-09-26,0.99732,0.99952,,,
166,CVE-2021-22205,"GitLab","Community and Enterprise Editions",2021-11-03,Known,2026-09-26,0.99731,0.99952,,,
167,CVE-2019-16759,"vBulletin","vBulletin",2021-11-03,Unknown,2026-09-26,0.99728,0.99952,,,
168,CVE-2010-2861,"Adobe","ColdFusion",2022-03-25,Known,2026-09-26,0.99721,0.99951,,,
169,CVE-2016-10033,"PHP","PHPMailer",2025-07-07,Unknown,2026-09-26,0.99714,0.99951,,,
170,CVE-2019-15107,"Webmin","Webmin",2022-03-25,Known,2026-09-26,0.9971,0.99951,,,
171,CVE-2017-0147,"Microsoft","SMBv1 server",2022-05-24,Known,2026-09-26,0.99693,0.9995,,,
172,CVE-2017-1000353,"Jenkins","Jenkins",2025-10-02,Unknown,2026-09-26,0.99679,0.99949,,,
173,CVE-2021-22054,"Omnissa","Workspace One UEM",2026-03-09,Unknown,2026-09-26,0.99677,0.99949,,,
174,CVE-2025-48703,"CWP","Control Web Panel",2025-11-04,Unknown,2026-09-26,0.99655,0.99949,,,
175,CVE-2017-12615,"Apache","Tomcat",2022-03-25,Known,2026-09-26,0.99641,0.99949,,,
176,CVE-2022-22965,"VMware","Spring Framework",2022-04-04,Unknown,2026-09-26,0.99638,0.99948,,,
177,CVE-2024-5217,"ServiceNow","Utah, Vancouver, and Washington DC Now Platform",2024-07-29,Unknown,2026-09-26,0.99628,0.99948,,,
178,CVE-2024-9465,"Palo Alto Networks","Expedition",2024-11-14,Unknown,2026-09-26,0.99626,0.99948,,,
179,CVE-2024-28995,"SolarWinds","Serv-U",2024-07-17,Unknown,2026-09-26,0.99614,0.99947,,,
180,CVE-2014-6278,"GNU","GNU Bash",2025-10-02,Unknown,2026-09-26,0.99603,0.99947,,,
181,CVE-2021-33045,"Dahua","IP Camera Firmware",2024-08-21,Unknown,2026-09-26,0.99593,0.99946,,,
182,CVE-2020-16846,"SaltStack","Salt",2021-11-03,Unknown,2026-09-26,0.99585,0.99946,,,
183,CVE-2023-20198,"Cisco","IOS XE Web UI",2023-10-16,Unknown,2026-09-26,0.99571,0.99945,,,
184,CVE-2024-4040,"CrushFTP","CrushFTP",2024-04-24,Unknown,2026-09-26,0.99539,0.99945,,,
185,CVE-2018-20062,"ThinkPHP","noneCms",2021-11-03,Unknown,2026-09-26,0.9953,0.99944,,,
186,CVE-2017-0199,"Microsoft","Office and WordPad",2021-11-03,Known,2026-09-26,0.99497,0.99944,,,
187,CVE-2024-23692,"Rejetto","HTTP File Server",2024-07-09,Unknown,2026-09-26,0.99485,0.99944,,,
188,CVE-2018-0171,"Cisco","IOS and IOS XE",2021-11-03,Unknown,2026-09-26,0.99479,0.99943,,,
189,CVE-2022-42475,"Fortinet","FortiOS",2022-12-13,Known,2026-09-26,0.99474,0.99943,,,
190,CVE-2025-31324,"SAP","NetWeaver",2025-04-29,Known,2026-09-26,0.9947,0.99943,,,
191,CVE-2017-7494,"Samba","Samba",2023-03-30,Known,2026-09-26,0.99448,0.99942,,,
192,CVE-2023-34048,"VMware","vCenter Server",2024-01-22,Unknown,2026-09-26,0.99428,0.99942,,,
193,CVE-2024-38856,"Apache","OFBiz",2024-08-27,Unknown,2026-09-26,0.99427,0.99941,,,
194,CVE-2011-0611,"Adobe","Flash Player",2022-03-03,Unknown,2026-09-26,0.9941,0.99941,,,
195,CVE-2024-21412,"Microsoft","Windows",2024-02-13,Known,2026-09-26,0.9941,0.99941,,,
196,CVE-2017-9805,"Apache","Struts",2021-11-03,Unknown,2026-09-26,0.99396,0.9994,,,
197,CVE-2021-32030,"ASUS","Routers",2025-06-02,Unknown,2026-09-26,0.99393,0.9994,,,
198,CVE-2020-1472,"Microsoft","Netlogon",2021-11-03,Known,2026-09-26,0.99389,0.9994,,,
199,CVE-2017-0148,"Microsoft","SMBv1 server",2022-04-06,Known,2026-09-26,0.99356,0.99939,,,
200,CVE-2022-0543,"Redis","Debian-specific Redis Servers",2022-03-28,Unknown,2026-09-26,0.99351,0.99939,,,
201,CVE-2015-5119,"Adobe","Flash Player",2022-03-03,Unknown,2026-09-26,0.99326,0.99939,,,
202,CVE-2014-6287,"Rejetto","HTTP File Server (HFS)",2022-03-25,Unknown,2026-09-26,0.99323,0.99938,,,
203,CVE-2024-4885,"Progress","WhatsUp Gold",2025-03-03,Unknown,2026-09-26,0.99288,0.99937,,,
204,CVE-2023-28771,"Zyxel","Multiple Firewalls",2023-05-31,Unknown,2026-09-26,0.99284,0.99937,,,
205,CVE-2020-14750,"Oracle","WebLogic Server",2021-11-03,Unknown,2026-09-26,0.9927,0.99936,,,
206,CVE-2020-1938,"Apache","Tomcat",2022-03-03,Unknown,2026-09-26,0.9927,0.99936,,,
207,CVE-2022-30190,"Microsoft","Windows",2022-06-14,Known,2026-09-26,0.99234,0.99936,,,
208,CVE-2017-0144,"Microsoft","SMBv1",2022-02-10,Known,2026-09-26,0.9923,0.99935,,,
209,CVE-2020-0646,"Microsoft",".NET Framework",2021-11-03,Unknown,2026-09-26,0.99222,0.99935,,,
210,CVE-2024-27348,"Apache","HugeGraph-Server",2024-09-18,Unknown,2026-09-26,0.9921,0.99934,,,
211,CVE-2018-7602,"Drupal","Core",2022-04-13,Known,2026-09-26,0.99205,0.99934,,,
212,CVE-2022-24086,"Adobe","Commerce and Magento Open Source",2022-02-15,Unknown,2026-09-26,0.99199,0.99934,,,
213,CVE-2020-11978,"Apache","Airflow",2022-01-18,Unknown,2026-09-26,0.99189,0.99933,,,
214,CVE-2022-36804,"Atlassian","Bitbucket Server and Data Center",2022-09-30,Unknown,2026-09-26,0.99174,0.99933,,,
215,CVE-2023-22515,"Atlassian","Confluence Data Center and Server",2023-10-05,Known,2026-09-26,0.99156,0.99933,,,
216,CVE-2021-44529,"Ivanti","Endpoint Manager Cloud Service Appliance (EPM CSA)",2024-03-25,Known,2026-09-26,0.99105,0.99932,,,
217,CVE-2022-30333,"RARLAB","UnRAR",2022-08-09,Known,2026-09-26,0.99085,0.99932,,,
218,CVE-2020-10199,"Sonatype","Nexus Repository",2021-11-03,Unknown,2026-09-26,0.99064,0.99932,,,
219,CVE-2025-49706,"Microsoft","SharePoint",2025-07-22,Known,2026-09-26,0.99063,0.99931,,,
220,CVE-2019-16278,"Nostromo","nhttpd",2024-11-07,Unknown,2026-09-26,0.99033,0.9993,,,
221,CVE-2020-0618,"Microsoft","SQL Server",2024-09-18,Unknown,2026-09-26,0.99022,0.9993,,,
222,CVE-2025-68613,"n8n","n8n",2026-03-11,Unknown,2026-09-26,0.98994,0.99929,,,
223,CVE-2026-24061,"GNU","InetUtils",2026-01-26,Unknown,2026-09-26,0.98984,0.99929,,,
224,CVE-2020-7247,"OpenBSD","OpenSMTPD",2022-03-25,Unknown,2026-09-26,0.98972,0.99929,,,
225,CVE-2021-40539,"Zoho","ManageEngine",2021-11-03,Known,2026-09-26,0.9896,0.99929,,,
226,CVE-2019-3929,"Crestron","Multiple Products",2022-04-15,Unknown,2026-09-26,0.98952,0.99928,,,
227,CVE-2017-3881,"Cisco","IOS and IOS XE",2022-03-25,Unknown,2026-09-26,0.9895,0.99928,,,
228,CVE-2023-36884,"Microsoft","Windows",2023-07-17,Known,2026-09-26,0.98932,0.99928,,,
229,CVE-2017-9791,"Apache","Struts 1",2022-02-10,Unknown,2026-09-26,0.98908,0.99927,,,
230,CVE-2022-3236,"Sophos","Firewall",2022-09-23,Unknown,2026-09-26,0.98905,0.99927,,,
231,CVE-2025-49113,"Roundcube","Webmail",2026-02-20,Unknown,2026-09-26,0.98897,0.99926,,,
232,CVE-2023-47246,"SysAid","SysAid Server",2023-11-13,Known,2026-09-26,0.98851,0.99926,,,
233,CVE-2013-2465,"Oracle","Java SE",2022-03-28,Known,2026-09-26,0.98802,0.99925,,,
234,CVE-2012-3152,"Oracle","Fusion Middleware",2021-11-03,Unknown,2026-09-26,0.98793,0.99925,,,
235,CVE-2025-32433,"Erlang","Erlang/OTP",2025-06-09,Unknown,2026-09-26,0.98786,0.99925,,,
236,CVE-2008-4250,"Microsoft","Windows",2026-05-20,Unknown,2026-09-26,0.98751,0.99924,,,
237,CVE-2026-1281,"Ivanti","Endpoint Manager Mobile (EPMM)",2026-01-29,Unknown,2026-09-26,0.98688,0.99923,,,
238,CVE-2022-27925,"Synacor","Zimbra Collaboration Suite (ZCS)",2022-08-11,Known,2026-09-26,0.98676,0.99923,,,
239,CVE-2026-1340,"Ivanti","Endpoint Manager Mobile (EPMM)",2026-04-08,Unknown,2026-09-26,0.98639,0.99922,,,
240,CVE-2024-29059,"Microsoft",".NET Framework",2025-02-04,Unknown,2026-09-26,0.98624,0.99922,,,
241,CVE-2024-50623,"Cleo","Multiple Products",2024-12-13,Known,2026-09-26,0.98607,0.99922,,,
242,CVE-2024-8963,"Ivanti","Cloud Services Appliance (CSA)",2024-09-19,Unknown,2026-09-26,0.98607,0.99921,,,
243,CVE-2019-17558,"Apache","Solr",2021-11-03,Unknown,2026-09-26,0.98567,0.99921,,,
244,CVE-2024-9463,"Palo Alto Networks","Expedition",2024-11-14,Unknown,2026-09-26,0.98546,0.99921,,,
245,CVE-2024-50603,"Aviatrix","Controllers",2025-01-16,Unknown,2026-09-26,0.98545,0.9992,,,
246,CVE-2019-11539,"Ivanti","Pulse Connect Secure and Pulse Policy Secure",2021-11-03,Known,2026-09-26,0.98544,0.9992,,,
247,CVE-2012-4681,"Oracle","Java SE",2022-03-03,Known,2026-09-26,0.98536,0.9992,,,
248,CVE-2026-41940,"WebPros","cPanel & WHM and WP2 (WordPress Squared)",2026-04-30,Known,2026-09-26,0.98527,0.9992,,,
249,CVE-2016-3088,"Apache","ActiveMQ",2022-02-10,Unknown,2026-09-26,0.98518,0.99919,,,
250,CVE-2024-20767,"Adobe","ColdFusion",2024-12-16,Unknown,2026-09-26,0.98514,0.99919,,,
251,CVE-2019-5418,"Rails","Ruby on Rails",2025-07-07,Unknown,2026-09-26,0.98507,0.99919,,,
252,CVE-2008-2992,"Adobe","Acrobat and Reader",2022-03-03,Known,2026-09-26,0.98482,0.99918,,,
253,CVE-2021-21311,"Adminer","Adminer",2025-09-29,Unknown,2026-09-26,0.98464,0.99918,,,
254,CVE-2025-0108,"Palo Alto Networks","PAN-OS",2025-02-18,Unknown,2026-09-26,0.98455,0.99918,,,
255,CVE-2023-48788,"Fortinet","FortiClient EMS",2024-03-25,Known,2026-09-26,0.98446,0.99917,,,
256,CVE-2022-21587,"Oracle","E-Business Suite",2023-02-02,Known,2026-09-26,0.98342,0.99916,,,
257,CVE-2018-1000861,"Jenkins","Jenkins Stapler Web Framework",2022-02-10,Unknown,2026-09-26,0.98326,0.99915,,,
258,CVE-2017-15944,"Palo Alto Networks","PAN-OS",2022-08-18,Unknown,2026-09-26,0.98303,0.99915,,,
259,CVE-2016-1555,"NETGEAR","Wireless Access Point (WAP) Devices",2022-03-25,Unknown,2026-09-26,0.98288,0.99915,,,
260,CVE-2023-20887,"VMware","Aria Operations for Networks",2023-06-22,Unknown,2026-09-26,0.98281,0.99914,,,
261,CVE-2022-22947,"VMware","Spring Cloud Gateway",2022-05-16,Unknown,2026-09-26,0.98253,0.99914,,,
262,CVE-2022-26138,"Atlassian","Confluence",2022-07-29,Unknown,2026-09-26,0.9817,0.99913,,,
263,CVE-2021-33766,"Microsoft","Exchange Server",2022-01-18,Unknown,2026-09-26,0.98136,0.99912,,,
264,CVE-2020-6207,"SAP","Solution Manager",2021-11-03,Unknown,2026-09-26,0.98135,0.99912,,,
265,CVE-2021-39144,"XStream","XStream",2023-03-10,Unknown,2026-09-26,0.98124,0.99912,,,
266,CVE-2012-0507,"Oracle","Java SE",2022-03-03,Known,2026-09-26,0.98113,0.99911,,,
267,CVE-2024-41713,"Mitel","MiCollab",2025-01-07,Known,2026-09-26,0.9811,0.99911,,,
268,CVE-2024-12987,"DrayTek","Vigor Routers",2025-05-15,Unknown,2026-09-26,0.98084,0.99911,,,
269,CVE-2023-25717,"Ruckus Wireless","Multiple Products",2023-05-12,Unknown,2026-09-26,0.98069,0.9991,,,
270,CVE-2024-3272,"D-Link","Multiple NAS Devices",2024-04-11,Unknown,2026-09-26,0.98038,0.9991,,,
271,CVE-2022-29303,"SolarView","Compact",2023-07-13,Unknown,2026-09-26,0.97997,0.99909,,,
272,CVE-2021-35395,"Realtek","AP-Router SDK",2021-11-03,Unknown,2026-09-26,0.97961,0.99909,,,
273,CVE-2022-22536,"SAP","Multiple Products",2022-08-18,Unknown,2026-09-26,0.97945,0.99908,,,
274,CVE-2018-19410,"Paessler","PRTG Network Monitor",2025-02-04,Unknown,2026-09-26,0.97939,0.99908,,,
275,CVE-2020-14883,"Oracle","WebLogic Server",2021-11-03,Unknown,2026-09-26,0.97929,0.99908,,,
276,CVE-2023-25280,"D-Link","DIR-820 Router",2024-09-30,Unknown,2026-09-26,0.97864,0.99907,,,
277,CVE-2021-45382,"D-Link","Multiple Routers",2022-04-04,Unknown,2026-09-26,0.97836,0.99906,,,
278,CVE-2020-11738,"WordPress","Snap Creek Duplicator Plugin",2021-11-03,Unknown,2026-09-26,0.97822,0.99905,,,
279,CVE-2020-17519,"Apache","Flink",2024-05-23,Unknown,2026-09-26,0.97809,0.99905,,,
280,CVE-2015-7450,"IBM","WebSphere Application Server and Server Hypervisor Edition",2022-01-10,Unknown,2026-09-26,0.97764,0.99904,,,
281,CVE-2022-43769,"Hitachi Vantara","Pentaho Business Analytics (BA) Server",2025-03-03,Unknown,2026-09-26,0.9767,0.99902,,,
282,CVE-2021-36380,"Sunhillo","SureLine",2024-03-05,Unknown,2026-09-26,0.97647,0.99902,,,
283,CVE-2025-20281,"Cisco","Identity Services Engine",2025-07-28,Unknown,2026-09-26,0.97601,0.99901,,,
284,CVE-2021-42237,"Sitecore","XP",2022-03-25,Known,2026-09-26,0.97566,0.99901,,,
285,CVE-2025-34028,"Commvault","Command Center",2025-05-02,Unknown,2026-09-26,0.97551,0.99901,,,
286,CVE-2020-25078,"D-Link","DCS-2530L and DCS-2670L Devices",2025-08-05,Unknown,2026-09-26,0.97511,0.999,,,
287,CVE-2016-3714,"ImageMagick","ImageMagick",2024-09-09,Unknown,2026-09-26,0.97485,0.99899,,,
288,CVE-2024-4358,"Progress","Telerik Report Server",2024-06-13,Unknown,2026-09-26,0.97482,0.99899,,,
289,CVE-2021-40444,"Microsoft","MSHTML",2021-11-03,Known,2026-09-26,0.9745,0.99899,,,
290,CVE-2019-9082,"ThinkPHP","ThinkPHP",2021-11-03,Unknown,2026-09-26,0.97419,0.99899,,,
291,CVE-2023-27524,"Apache","Superset",2024-01-08,Unknown,2026-09-26,0.97405,0.99898,,,
292,CVE-2024-56145,"Craft CMS","Craft CMS",2025-06-02,Unknown,2026-09-26,0.97405,0.99898,,,
293,CVE-2007-3010,"Alcatel","OmniPCX Enterprise",2022-04-15,Unknown,2026-09-26,0.97385,0.99897,,,
294,CVE-2023-24489,"Citrix","Content Collaboration",2023-08-16,Unknown,2026-09-26,0.97343,0.99897,,,
295,CVE-2023-26360,"Adobe","ColdFusion",2023-03-15,Unknown,2026-09-26,0.97339,0.99896,,,
296,CVE-2020-1956,"Apache","Kylin",2022-03-25,Unknown,2026-09-26,0.97337,0.99896,,,
297,CVE-2020-25213,"WordPress","File Manager Plugin",2021-11-03,Unknown,2026-09-26,0.97328,0.99896,,,
298,CVE-2019-5544,"VMware","VMware ESXi and Horizon DaaS",2021-11-03,Known,2026-09-26,0.97258,0.99895,,,
299,CVE-2020-14864,"Oracle","Intelligence Enterprise Edition",2022-01-18,Unknown,2026-09-26,0.97233,0.99894,,,
300,CVE-2021-41277,"Metabase","Metabase",2024-11-12,Unknown,2026-09-26,0.97178,0.99893,,,
301,CVE-2025-2747,"Kentico","Xperience CMS",2025-10-20,Unknown,2026-09-26,0.97166,0.99893,,,
302,CVE-2023-23397,"Microsoft","Office",2023-03-14,Unknown,2026-09-26,0.97159,0.99893,,,
303,CVE-2020-2555,"Oracle","Multiple Products",2021-11-03,Unknown,2026-09-26,0.97116,0.99892,,,
304,CVE-2019-20500,"D-Link","DWL-2600AP Access Point",2023-06-29,Unknown,2026-09-26,0.97109,0.99892,,,
305,CVE-2015-2051,"D-Link","DIR-645 Router",2022-02-10,Unknown,2026-09-26,0.97101,0.99892,,,
306,CVE-2024-20439,"Cisco","Smart Licensing Utility",2025-03-31,Unknown,2026-09-26,0.9709,0.99891,,,
307,CVE-2019-7256,"Nice","Linear eMerge E3-Series",2024-03-25,Unknown,2026-09-26,0.97081,0.99891,,,
308,CVE-2023-38203,"Adobe","ColdFusion",2024-01-08,Known,2026-09-26,0.97074,0.99891,,,
309,CVE-2025-54068,"Laravel","Livewire",2026-03-20,Unknown,2026-09-26,0.97072,0.9989,,,
310,CVE-2013-0422,"Oracle","Java Runtime Environment (JRE)",2022-05-25,Known,2026-09-26,0.97024,0.9989,,,
311,CVE-2017-8291,"Artifex","Ghostscript",2022-05-24,Unknown,2026-09-26,0.96968,0.99889,,,
312,CVE-2018-1273,"VMware Tanzu","Spring Data Commons",2022-03-25,Known,2026-09-26,0.96956,0.99889,,,
313,CVE-2026-20253,"Splunk","Enterprise",2026-06-18,Unknown,2026-09-26,0.96939,0.99889,,,
314,CVE-2023-52163,"Digiever","DS-2105 Pro",2025-12-22,Unknown,2026-09-26,0.96921,0.99888,,,
315,CVE-2025-5086,"Dassault Systèmes","DELMIA Apriso",2025-09-11,Unknown,2026-09-26,0.96915,0.99888,,,
316,CVE-2019-1003030,"Jenkins","Matrix Project Plugin",2022-03-25,Unknown,2026-09-26,0.96868,0.99887,,,
317,CVE-2019-3398,"Atlassian","Confluence Server and Data Center",2021-11-03,Unknown,2026-09-26,0.96837,0.99887,,,
318,CVE-2010-3962,"Microsoft","Internet Explorer",2025-10-06,Unknown,2026-09-26,0.96831,0.99887,,,
319,CVE-2020-25223,"Sophos","SG UTM",2022-03-25,Unknown,2026-09-26,0.96753,0.99886,,,
320,CVE-2021-22502,"Micro Focus","Operation Bridge Reporter (OBR)",2021-11-03,Unknown,2026-09-26,0.9674,0.99885,,,
321,CVE-2020-1350,"Microsoft","Windows",2021-11-03,Unknown,2026-09-26,0.96721,0.99884,,,
322,CVE-2011-3544,"Oracle","Java SE JDK and JRE",2022-03-03,Unknown,2026-09-26,0.96714,0.99884,,,
323,CVE-2015-1641,"Microsoft","Office",2021-11-03,Unknown,2026-09-26,0.96698,0.99884,,,
324,CVE-2018-6530,"D-Link","Multiple Routers",2022-09-08,Known,2026-09-26,0.96682,0.99884,,,
325,CVE-2009-0927,"Adobe","Reader and Acrobat",2022-03-25,Unknown,2026-09-26,0.96632,0.99883,,,
326,CVE-2020-11651,"SaltStack","Salt",2021-11-03,Unknown,2026-09-26,0.96614,0.99883,,,
327,CVE-2024-57727,"SimpleHelp ","SimpleHelp",2025-02-13,Known,2026-09-26,0.96576,0.99881,,,
328,CVE-2023-33246,"Apache","RocketMQ",2023-09-06,Unknown,2026-09-26,0.96568,0.99881,,,
329,CVE-2009-1151,"phpMyAdmin","phpMyAdmin",2022-03-25,Unknown,2026-09-26,0.96565,0.99881,,,
330,CVE-2026-23760,"SmarterTools","SmarterMail",2026-01-26,Known,2026-09-26,0.96544,0.9988,,,
331,CVE-2023-46747,"F5","BIG-IP Configuration Utility",2023-10-31,Known,2026-09-26,0.96515,0.9988,,,
332,CVE-2020-8260,"Ivanti","Pulse Connect Secure",2021-11-03,Unknown,2026-09-26,0.9648,0.9988,,,
333,CVE-2026-0257,"Palo Alto Networks","PAN-OS",2026-05-29,Known,2026-09-26,0.96382,0.99879,,,
334,CVE-2010-0840,"Oracle","Java Runtime Environment (JRE)",2022-05-25,Unknown,2026-09-26,0.96319,0.99879,,,
335,CVE-2021-20124,"DrayTek","VigorConnect",2024-09-03,Unknown,2026-09-26,0.96308,0.99878,,,
336,CVE-2021-35587,"Oracle","Fusion Middleware",2022-11-28,Unknown,2026-09-26,0.96284,0.99878,,,
337,CVE-2017-3506,"Oracle","WebLogic Server",2024-06-03,Unknown,2026-09-26,0.96281,0.99878,,,
338,CVE-2017-17562,"Embedthis","GoAhead",2021-12-10,Unknown,2026-09-26,0.96262,0.99877,,,
339,CVE-2018-14847,"MikroTik","RouterOS",2021-12-01,Unknown,2026-09-26,0.96087,0.99876,,,
340,CVE-2019-20085,"TVT","NVMS-1000",2021-11-03,Unknown,2026-09-26,0.96071,0.99876,,,
341,CVE-2022-24112,"Apache","APISIX",2022-08-25,Unknown,2026-09-26,0.96069,0.99875,,,
342,CVE-2015-4852,"Oracle","WebLogic Server",2021-11-03,Unknown,2026-09-26,0.96032,0.99875,,,
343,CVE-2018-20250,"RARLAB","WinRAR",2022-02-15,Known,2026-09-26,0.96004,0.99874,,,
344,CVE-2020-17530,"Apache","Struts",2021-11-03,Unknown,2026-09-26,0.95931,0.99873,,,
345,CVE-2019-1652,"Cisco","Small Business RV320 and RV325 Dual Gigabit WAN VPN Routers",2022-03-03,Unknown,2026-09-26,0.95923,0.99873,,,
346,CVE-2025-61884,"Oracle","E-Business Suite",2025-10-20,Known,2026-09-26,0.95891,0.99872,,,
347,CVE-2020-5847,"Unraid","Unraid",2021-11-03,Unknown,2026-09-26,0.95844,0.99872,,,
348,CVE-2021-26857,"Microsoft","Exchange Server",2021-11-03,Known,2026-09-26,0.95762,0.99871,,,
349,CVE-2022-23131,"Zabbix","Frontend",2022-02-22,Unknown,2026-09-26,0.95683,0.9987,,,
350,CVE-2020-5410,"VMware Tanzu","Spring Cloud Configuration (Config) Server",2022-03-25,Unknown,2026-09-26,0.95586,0.99869,,,
351,CVE-2016-0752,"Rails","Ruby on Rails",2022-03-25,Unknown,2026-09-26,0.95537,0.99869,,,
352,CVE-2022-41352,"Synacor","Zimbra Collaboration Suite (ZCS)",2022-10-20,Unknown,2026-09-26,0.95478,0.99869,,,
353,CVE-2024-1708,"ConnectWise","ScreenConnect",2026-04-28,Known,2026-09-26,0.95436,0.99868,,,
354,CVE-2025-12480,"Gladinet","Triofox",2025-11-12,Unknown,2026-09-26,0.95428,0.99868,,,
355,CVE-2022-36537,"ZK Framework","AuUploader",2023-02-27,Known,2026-09-26,0.95397,0.99867,,,
356,CVE-2024-1212,"Progress","Kemp LoadMaster",2024-11-18,Unknown,2026-09-26,0.95388,0.99866,,,
357,CVE-2019-11580,"Atlassian","Crowd and Crowd Data Center",2021-11-03,Known,2026-09-26,0.95355,0.99866,,,
358,CVE-2019-7609,"Elastic","Kibana",2022-01-10,Unknown,2026-09-26,0.95338,0.99865,,,
359,CVE-2015-0313,"Adobe","Flash Player",2022-04-13,Unknown,2026-09-26,0.95266,0.99864,,,
360,CVE-2022-23134,"Zabbix","Frontend",2022-02-22,Unknown,2026-09-26,0.9526,0.99864,,,
361,CVE-2024-53704,"SonicWall","SonicOS",2025-02-18,Known,2026-09-26,0.95132,0.99863,,,
362,CVE-2018-0798,"Microsoft","Office",2021-11-03,Unknown,2026-09-26,0.95121,0.99862,,,
363,CVE-2017-12637,"SAP","NetWeaver",2025-03-19,Unknown,2026-09-26,0.95111,0.99862,,,
364,CVE-2019-10068,"Kentico","Xperience",2022-03-25,Unknown,2026-09-26,0.95074,0.99861,,,
365,CVE-2023-36845,"Juniper","Junos OS",2023-11-13,Unknown,2026-09-26,0.9507,0.99861,,,
366,CVE-2014-6332,"Microsoft","Windows",2022-03-25,Unknown,2026-09-26,0.94996,0.9986,,,
367,CVE-2019-12989,"Citrix","SD-WAN and NetScaler",2022-03-25,Unknown,2026-09-26,0.94957,0.99859,,,
368,CVE-2020-2883,"Oracle","WebLogic Server",2025-01-07,Unknown,2026-09-26,0.94928,0.99859,,,
369,CVE-2025-54309,"CrushFTP","CrushFTP",2025-07-22,Unknown,2026-09-26,0.94905,0.99859,,,
370,CVE-2018-14933,"NUUO","NVRmini Devices",2024-12-18,Unknown,2026-09-26,0.94884,0.99858,,,
371,CVE-2017-9822,"DotNetNuke (DNN)","DotNetNuke (DNN)",2021-11-03,Known,2026-09-26,0.94789,0.99858,,,
372,CVE-2024-47575,"Fortinet","FortiManager",2024-10-23,Unknown,2026-09-26,0.94766,0.99857,,,
373,CVE-2020-6287,"SAP","NetWeaver",2021-11-03,Unknown,2026-09-26,0.94719,0.99856,,,
374,CVE-2024-9474,"Palo Alto Networks","PAN-OS",2024-11-18,Known,2026-09-26,0.94701,0.99856,,,
375,CVE-2024-51378,"CyberPersons","CyberPanel",2024-12-04,Known,2026-09-26,0.94668,0.99855,,,
376,CVE-2024-21413,"Microsoft","Office Outlook",2025-02-06,Unknown,2026-09-26,0.9466,0.99855,,,
377,CVE-2023-7028,"GitLab","GitLab CE/EE",2024-05-01,Unknown,2026-09-26,0.94647,0.99854,,,
378,CVE-2020-14644,"Oracle","WebLogic Server",2024-09-18,Unknown,2026-09-26,0.94548,0.99852,,,
379,CVE-2025-54236,"Adobe","Commerce and Magento",2025-10-24,Unknown,2026-09-26,0.94532,0.99851,,,
380,CVE-2017-18368,"Zyxel","P660HN-T1A Routers",2023-08-07,Unknown,2026-09-26,0.94425,0.9985,,,
381,CVE-2024-48248,"NAKIVO","Backup and Replication",2025-03-19,Unknown,2026-09-26,0.94356,0.9985,,,
382,CVE-2016-4117,"Adobe","Flash Player",2022-03-03,Unknown,2026-09-26,0.94354,0.99849,,,
383,CVE-2021-4034,"Red Hat","Polkit",2022-06-27,Unknown,2026-09-26,0.94345,0.99849,,,
384,CVE-2025-30406,"Gladinet","CentreStack",2025-04-08,Unknown,2026-09-26,0.94343,0.99849,,,
385,CVE-2024-55591,"Fortinet","FortiOS and FortiProxy",2025-01-14,Known,2026-09-26,0.94149,0.99846,,,
386,CVE-2017-1000486,"Primetek","Primefaces Application",2022-01-10,Unknown,2026-09-26,0.94104,0.99846,,,
387,CVE-2016-0189,"Microsoft","Internet Explorer",2022-03-28,Unknown,2026-09-26,0.94062,0.99845,,,
388,CVE-2025-8088,"RARLAB","WinRAR",2025-08-12,Unknown,2026-09-26,0.94051,0.99845,,,
389,CVE-2025-11953,"React Native Community","CLI",2026-02-05,Unknown,2026-09-26,0.9398,0.99844,,,
390,CVE-2015-5122,"Adobe","Flash Player",2022-04-13,Unknown,2026-09-26,0.93978,0.99844,,,
391,CVE-2024-55956,"Cleo","Multiple Products",2024-12-17,Known,2026-09-26,0.93968,0.99844,,,
392,CVE-2020-1147,"Microsoft",".NET Framework, SharePoint, Visual Studio",2021-11-03,Unknown,2026-09-26,0.93966,0.99843,,,
393,CVE-2025-24016,"Wazuh","Wazuh Server",2025-06-10,Unknown,2026-09-26,0.9384,0.99843,,,
394,CVE-2013-0625,"Adobe","ColdFusion",2022-03-07,Unknown,2026-09-26,0.93758,0.99842,,,
395,CVE-2026-21643,"Fortinet","FortiClient EMS",2026-04-13,Unknown,2026-09-26,0.93723,0.99841,,,
396,CVE-2012-1723,"Oracle","Java SE",2022-03-03,Known,2026-09-26,0.93688,0.99841,,,
397,CVE-2025-4008,"Smartbedded","Meteobridge",2025-10-02,Unknown,2026-09-26,0.93667,0.99841,,,
398,CVE-2021-26858,"Microsoft","Exchange Server",2021-11-03,Known,2026-09-26,0.93651,0.9984,,,
399,CVE-2013-0632,"Adobe","ColdFusion",2022-03-03,Unknown,2026-09-26,0.93603,0.9984,,,
400,CVE-2023-36846,"Juniper","Junos OS",2023-11-13,Unknown,2026-09-26,0.93473,0.99838,,,
401,CVE-2017-0143,"Microsoft","Windows",2021-11-03,Known,2026-09-26,0.93307,0.99835,,,
402,CVE-2024-28987,"SolarWinds","Web Help Desk",2024-10-15,Unknown,2026-09-26,0.93299,0.99835,,,
403,CVE-2021-44077,"Zoho","ManageEngine ServiceDesk Plus (SDP) / SupportCenter Plus",2021-12-01,Unknown,2026-09-26,0.93298,0.99834,,,
404,CVE-2018-0802,"Microsoft","Office",2021-11-03,Unknown,2026-09-26,0.93289,0.99834,,,
405,CVE-2020-5849,"Unraid","Unraid",2021-11-03,Unknown,2026-09-26,0.93243,0.99833,,,
406,CVE-2020-2551,"Oracle","Fusion Middleware",2023-11-16,Unknown,2026-09-26,0.93217,0.99833,,,
407,CVE-2022-33891,"Apache","Spark",2023-03-07,Unknown,2026-09-26,0.93076,0.99832,,,
408,CVE-2016-4437,"Apache","Shiro",2021-11-03,Unknown,2026-09-26,0.93039,0.99831,,,
409,CVE-2021-40870,"Aviatrix","Aviatrix Controller",2022-01-18,Unknown,2026-09-26,0.93019,0.9983,,,
410,CVE-2024-6670,"Progress","WhatsUp Gold",2024-09-16,Known,2026-09-26,0.93,0.9983,,,
411,CVE-2018-10561,"Dasan","Gigabit Passive Optical Network (GPON) Routers",2022-03-31,Unknown,2026-09-26,0.92893,0.99829,,,
412,CVE-2025-47812,"Wing FTP Server","Wing FTP Server",2025-07-14,Unknown,2026-09-26,0.92862,0.99828,,,
413,CVE-2025-34291,"Langflow","Langflow",2026-05-21,Unknown,2026-09-26,0.92808,0.99828,,,
414,CVE-2022-0847,"Linux","Kernel",2022-04-25,Unknown,2026-09-26,0.92795,0.99827,,,
415,CVE-2022-24706,"Apache","CouchDB",2022-08-25,Unknown,2026-09-26,0.9251,0.99825,,,
416,CVE-2023-38950,"ZKTeco","BioTime",2025-05-19,Unknown,2026-09-26,0.92468,0.99823,,,
417,CVE-2016-3427,"Oracle","Java SE and JRockit",2023-05-12,Unknown,2026-09-26,0.92334,0.99821,,,
418,CVE-2022-43939,"Hitachi Vantara","Pentaho Business Analytics (BA) Server",2025-03-03,Unknown,2026-09-26,0.92266,0.99821,,,
419,CVE-2017-5689,"Intel","Active Management Technology (AMT), Small Business Technology (SBT), and Standard Manageability",2022-01-28,Unknown,2026-09-26,0.92189,0.9982,,,
420,CVE-2019-2616,"Oracle","BI Publisher (Formerly XML Publisher)",2022-03-25,Unknown,2026-09-26,0.92183,0.9982,,,
421,CVE-2025-11371,"Gladinet","CentreStack and Triofox",2025-11-04,Unknown,2026-09-26,0.92137,0.9982,,,
422,CVE-2019-6340,"Drupal","Core",2022-03-25,Unknown,2026-09-26,0.92017,0.99819,,,
423,CVE-2022-26258,"D-Link","DIR-820L",2022-09-08,Unknown,2026-09-26,0.91981,0.99818,,,
424,CVE-2020-10148,"SolarWinds","Orion",2021-11-03,Unknown,2026-09-26,0.9198,0.99818,,,
425,CVE-2024-7399,"Samsung","MagicINFO 9 Server",2026-04-24,Unknown,2026-09-26,0.91941,0.99817,,,
426,CVE-2010-0249,"Microsoft","Internet Explorer",2026-05-20,Unknown,2026-09-26,0.91939,0.99817,,,
427,CVE-2022-37042,"Synacor","Zimbra Collaboration Suite (ZCS)",2022-08-11,Known,2026-09-26,0.91893,0.99816,,,
428,CVE-2020-8657,"EyesOfNetwork","EyesOfNetwork",2021-11-03,Unknown,2026-09-26,0.91874,0.99816,,,
429,CVE-2025-64446,"Fortinet","FortiWeb",2025-11-14,Unknown,2026-09-26,0.91838,0.99815,,,
430,CVE-2024-5910,"Palo Alto Networks","Expedition",2024-11-07,Unknown,2026-09-26,0.91783,0.99815,,,
431,CVE-2018-11138,"Quest","KACE System Management Appliance",2022-03-25,Known,2026-09-26,0.91778,0.99814,,,
432,CVE-2021-42321,"Microsoft","Exchange",2021-11-17,Known,2026-09-26,0.91737,0.99814,,,
433,CVE-2024-11680,"ProjectSend","ProjectSend",2024-12-03,Unknown,2026-09-26,0.91697,0.99813,,,
434,CVE-2022-26352,"dotCMS","dotCMS",2022-08-25,Known,2026-09-26,0.91553,0.99811,,,
435,CVE-2026-20182,"Cisco","Catalyst SD-WAN",2026-05-14,Unknown,2026-09-26,0.91522,0.99811,,,
436,CVE-2026-85706,"GitLab","Community Edition and Enterprise Edition",2026-09-11,Unknown,2026-09-26,0.91425,0.9981,,,
437,CVE-2010-2568,"Microsoft","Windows",2022-09-15,Unknown,2026-09-26,0.91324,0.99809,,,
438,CVE-2025-9242,"WatchGuard","Firebox",2025-11-12,Unknown,2026-09-26,0.913,0.99808,,,
439,CVE-2012-5076,"Oracle","Java SE",2022-03-28,Unknown,2026-09-26,0.9125,0.99808,,,
440,CVE-2024-13160,"Ivanti","Endpoint Manager (EPM)",2025-03-10,Unknown,2026-09-26,0.91247,0.99807,,,
441,CVE-2012-0754,"Adobe","Flash Player",2022-06-08,Unknown,2026-09-26,0.91244,0.99807,,,
442,CVE-2021-35211,"SolarWinds","Serv-U",2021-11-03,Known,2026-09-26,0.9116,0.99806,,,
443,CVE-2026-1731,"BeyondTrust","Remote Support (RS) and Privileged Remote Access (PRA)",2026-02-13,Known,2026-09-26,0.90963,0.99804,,,
444,CVE-2020-8243,"Ivanti","Pulse Connect Secure",2021-11-03,Unknown,2026-09-26,0.90759,0.99802,,,
445,CVE-2017-12149,"Red Hat","JBoss Application Server",2021-12-10,Known,2026-09-26,0.90713,0.99801,,,
446,CVE-2021-21315,"Npm package","System Information Library for Node.JS",2022-01-18,Unknown,2026-09-26,0.90675,0.99801,,,
447,CVE-2017-3066,"Adobe","ColdFusion",2025-02-24,Unknown,2026-09-26,0.90597,0.998,,,
448,CVE-2025-6218,"RARLAB","WinRAR",2025-12-09,Unknown,2026-09-26,0.90479,0.99799,,,
449,CVE-2021-32648,"October CMS","October CMS",2022-01-18,Unknown,2026-09-26,0.90418,0.99798,,,
450,CVE-2020-3952,"VMware","vCenter Server",2021-11-03,Unknown,2026-09-26,0.90384,0.99797,,,
451,CVE-2024-40711,"Veeam","Backup & Replication",2024-10-17,Known,2026-09-26,0.90369,0.99797,,,
452,CVE-2023-41763,"Microsoft","Skype for Business",2023-10-10,Unknown,2026-09-26,0.90353,0.99797,,,
453,CVE-2016-8735,"Apache","Tomcat",2023-05-12,Unknown,2026-09-26,0.90338,0.99796,,,
454,CVE-2013-0431,"Oracle","Java Runtime Environment (JRE)",2022-05-25,Known,2026-09-26,0.90237,0.99796,,,
455,CVE-2021-20123,"DrayTek","VigorConnect",2024-09-03,Unknown,2026-09-26,0.90234,0.99796,,,
456,CVE-2025-37164,"Hewlett Packard Enterprise (HPE)","OneView",2026-01-07,Unknown,2026-09-26,0.90193,0.99795,,,
457,CVE-2020-29583,"Zyxel","Multiple Products",2021-11-03,Unknown,2026-09-26,0.90155,0.99795,,,
458,CVE-2023-40044,"Progress","WS_FTP Server",2023-10-05,Known,2026-09-26,0.9015,0.99794,,,
459,CVE-2009-3960,"Adobe","BlazeDS",2022-03-07,Known,2026-09-26,0.90118,0.99794,,,
460,CVE-2024-13161,"Ivanti","Endpoint Manager (EPM)",2025-03-10,Unknown,2026-09-26,0.90081,0.99793,,,
461,CVE-2023-36844,"Juniper","Junos OS",2023-11-13,Unknown,2026-09-26,0.89958,0.99791,,,
462,CVE-2017-8464,"Microsoft","Windows",2022-02-10,Unknown,2026-09-26,0.8992,0.9979,,,
463,CVE-2017-8570,"Microsoft","Office",2022-02-25,Unknown,2026-09-26,0.89889,0.99789,,,
464,CVE-2017-0146,"Microsoft","Windows",2022-03-25,Known,2026-09-26,0.89862,0.99789,,,
465,CVE-2017-0145,"Microsoft","SMBv1",2022-02-10,Known,2026-09-26,0.8985,0.99789,,,
466,CVE-2020-17463,"Fuel CMS","Fuel CMS",2021-12-10,Unknown,2026-09-26,0.89689,0.99786,,,
467,CVE-2019-7195,"QNAP","Photo Station",2022-06-08,Known,2026-09-26,0.89681,0.99785,,,
468,CVE-2023-20273,"Cisco","Cisco IOS XE Web UI",2023-10-23,Unknown,2026-09-26,0.89634,0.99785,,,
469,CVE-2019-17621,"D-Link","DIR-859 Router",2023-06-29,Unknown,2026-09-26,0.89624,0.99784,,,
470,CVE-2018-15982,"Adobe","Flash Player",2022-02-15,Known,2026-09-26,0.89581,0.99784,,,
471,CVE-2018-4878,"Adobe","Flash Player",2021-11-03,Known,2026-09-26,0.89532,0.99783,,,
472,CVE-2025-26399,"SolarWinds","Web Help Desk",2026-03-09,Unknown,2026-09-26,0.895,0.99783,,,
473,CVE-2010-3333,"Microsoft","Office",2022-03-03,Unknown,2026-09-26,0.89497,0.99782,,,
474,CVE-2020-0601,"Microsoft","Windows",2021-11-03,Unknown,2026-09-26,0.89436,0.99781,,,
475,CVE-2018-14839,"LG","N1A1 NAS",2022-03-25,Unknown,2026-09-26,0.89354,0.9978,,,
476,CVE-2017-5521,"NETGEAR","Multiple Devices",2022-09-08,Unknown,2026-09-26,0.89245,0.99778,,,
477,CVE-2017-8759,"Microsoft",".NET Framework",2021-11-03,Unknown,2026-09-26,0.88698,0.99773,,,
478,CVE-2021-20021,"SonicWall","SonicWall Email Security",2021-11-03,Known,2026-09-26,0.8867,0.99772,,,
479,CVE-2025-61757,"Oracle","Fusion Middleware",2025-11-21,Unknown,2026-09-26,0.88647,0.99771,,,
480,CVE-2014-3120,"Elastic","Elasticsearch",2022-03-25,Unknown,2026-09-26,0.88559,0.99771,,,
481,CVE-2024-8190,"Ivanti","Cloud Services Appliance",2024-09-13,Unknown,2026-09-26,0.88535,0.99771,,,
482,CVE-2011-2462,"Adobe","Reader and Acrobat",2022-06-08,Unknown,2026-09-26,0.88516,0.9977,,,
483,CVE-2026-48908,"JoomShaper","SP Page Builder",2026-07-07,Unknown,2026-09-26,0.88512,0.9977,,,
484,CVE-2021-43798,"Grafana Labs","Grafana",2025-10-09,Unknown,2026-09-26,0.88503,0.99769,,,
485,CVE-2026-20127,"Cisco","Catalyst SD-WAN Controller and Manager",2026-02-25,Unknown,2026-09-26,0.88476,0.99769,,,
486,CVE-2020-8193,"Citrix","Application Delivery Controller (ADC), Gateway, and SD-WAN WANOP Appliance",2021-11-03,Unknown,2026-09-26,0.88411,0.99768,,,
487,CVE-2018-8174,"Microsoft","Windows",2022-02-15,Known,2026-09-26,0.88332,0.99767,,,
488,CVE-2010-0188,"Adobe","Reader and Acrobat",2022-03-03,Known,2026-09-26,0.88246,0.99766,,,
489,CVE-2023-41265,"Qlik","Sense",2023-12-07,Known,2026-09-26,0.88215,0.99766,,,
490,CVE-2026-20230,"Cisco","Unified Communications Manager",2026-06-25,Unknown,2026-09-26,0.882,0.99765,,,
491,CVE-2026-20079,"Cisco","Secure Firewall Management Center (FMC) and Security Cloud Control (SCC) Firewall Management",2026-09-09,Unknown,2026-09-26,0.8818,0.99765,,,
492,CVE-2026-24423,"SmarterTools","SmarterMail",2026-02-05,Known,2026-09-26,0.88177,0.99765,,,
493,CVE-2019-7192,"QNAP","Photo Station",2022-06-08,Known,2026-09-26,0.88102,0.99763,,,
494,CVE-2023-36025,"Microsoft","Windows",2023-11-14,Unknown,2026-09-26,0.88085,0.99763,,,
495,CVE-2025-54253,"Adobe","Experience Manager (AEM) Forms",2025-10-15,Unknown,2026-09-26,0.87989,0.99761,,,
496,CVE-2025-29635,"D-Link","DIR-823X",2026-04-24,Unknown,2026-09-26,0.87944,0.99761,,,
497,CVE-2022-27593,"QNAP","Photo Station",2022-09-08,Known,2026-09-26,0.87908,0.9976,,,
498,CVE-2024-58136,"Yiiframework","Yii",2025-05-02,Unknown,2026-09-26,0.87757,0.99758,,,
499,CVE-2020-17496,"vBulletin","vBulletin",2021-11-03,Unknown,2026-09-26,0.8774,0.99758,,,
500,CVE-2012-0151,"Microsoft","Windows",2022-06-08,Unknown,2026-09-26,0.87719,0.99757,,,
501,CVE-2023-2868,"Barracuda Networks","Email Security Gateway (ESG) Appliance",2023-05-26,Unknown,2026-09-26,0.87691,0.99756,,,
502,CVE-2016-6415,"Cisco","IOS, IOS XR, and IOS XE",2023-05-19,Unknown,2026-09-26,0.87687,0.99756,,,
503,CVE-2026-1603,"Ivanti"," Endpoint Manager (EPM)",2026-03-09,Unknown,2026-09-26,0.87644,0.99756,,,
504,CVE-2021-21973,"VMware","vCenter Server and Cloud Foundation",2022-03-07,Unknown,2026-09-26,0.8764,0.99756,,,
505,CVE-2016-6366,"Cisco","Adaptive Security Appliance (ASA)",2022-05-24,Unknown,2026-09-26,0.87565,0.99755,,,
506,CVE-2013-3893,"Microsoft","Internet Explorer",2025-08-12,Unknown,2026-09-26,0.87526,0.99754,,,
507,CVE-2026-71362,"Adobe","Commerce and Magento ",2026-09-24,Unknown,2026-09-26,0.87507,0.99754,,,
508,CVE-2007-5659,"Adobe","Acrobat and Reader",2022-06-08,Unknown,2026-09-26,0.87423,0.99753,,,
509,CVE-2016-9079,"Mozilla","Firefox, Firefox ESR, and Thunderbird",2023-06-22,Unknown,2026-09-26,0.87423,0.99753,,,
510,CVE-2014-6324,"Microsoft","Kerberos Key Distribution Center (KDC)",2022-03-25,Unknown,2026-09-26,0.87335,0.99751,,,
511,CVE-2022-26143,"Mitel","MiCollab, MiVoice Business Express",2022-03-25,Unknown,2026-09-26,0.87325,0.9975,,,
512,CVE-2024-12356,"BeyondTrust","Privileged Remote Access (PRA) and Remote Support (RS) ",2024-12-19,Unknown,2026-09-26,0.87258,0.99747,,,
513,CVE-2025-20362,"Cisco","Secure Firewall Adaptive Security Appliance and Secure Firewall Threat Defense",2025-09-25,Unknown,2026-09-26,0.87085,0.99745,,,
514,CVE-2025-33053,"Microsoft","Windows",2025-06-10,Unknown,2026-09-26,0.87015,0.99743,,,
515,CVE-2018-9276,"Paessler","PRTG Network Monitor",2025-02-04,Unknown,2026-09-26,0.86996,0.99743,,,
516,CVE-2014-4113,"Microsoft","Win32k",2022-05-04,Unknown,2026-09-26,0.86928,0.99742,,,
517,CVE-2013-0640,"Adobe","Reader and Acrobat",2022-03-03,Unknown,2026-09-26,0.86927,0.99742,,,
518,CVE-2021-31755,"Tenda","AC11 Router",2021-11-03,Unknown,2026-09-26,0.86891,0.99741,,,
519,CVE-2020-0674,"Microsoft","Internet Explorer",2021-11-03,Unknown,2026-09-26,0.86863,0.9974,,,
520,CVE-2017-18362,"Kaseya","Virtual System/Server Administrator (VSA)",2022-05-24,Known,2026-09-26,0.8682,0.99739,,,
521,CVE-2020-8644,"PlaySMS","PlaySMS",2021-11-03,Unknown,2026-09-26,0.86689,0.99737,,,
522,CVE-2021-40655,"D-Link","DIR-605 Router",2024-05-16,Unknown,2026-09-26,0.86659,0.99736,,,
523,CVE-2024-51567,"CyberPersons","CyberPanel",2024-11-07,Known,2026-09-26,0.86633,0.99735,,,
524,CVE-2009-3459,"Adobe","Acrobat and Reader",2026-05-20,Unknown,2026-09-26,0.86583,0.99734,,,
525,CVE-2015-2426,"Microsoft","Windows",2022-03-28,Unknown,2026-09-26,0.86576,0.99734,,,
526,CVE-2025-4428,"Ivanti","Endpoint Manager Mobile (EPMM)",2025-05-19,Unknown,2026-09-26,0.86519,0.99733,,,
527,CVE-2019-16057,"D-Link","DNS-320 Storage Device",2022-04-15,Known,2026-09-26,0.86491,0.99732,,,
528,CVE-2019-4716,"IBM","Planning Analytics",2021-11-03,Unknown,2026-09-26,0.86441,0.99731,,,
529,CVE-2021-21017,"Adobe","Acrobat and Reader",2021-11-03,Unknown,2026-09-26,0.86326,0.99729,,,
530,CVE-2018-6961,"VMware","SD-WAN Edge",2022-03-25,Unknown,2026-09-26,0.86252,0.99728,,,
531,CVE-2020-11652,"SaltStack","Salt",2021-11-03,Unknown,2026-09-26,0.86178,0.99726,,,
532,CVE-2015-2545,"Microsoft","Office",2022-03-03,Unknown,2026-09-26,0.85937,0.99723,,,
533,CVE-2026-24858,"Fortinet","Multiple Products",2026-01-27,Unknown,2026-09-26,0.85796,0.99722,,,
534,CVE-2021-30116,"Kaseya","Virtual System/Server Administrator (VSA)",2021-11-03,Known,2026-09-26,0.85735,0.9972,,,
535,CVE-2023-27997,"Fortinet","FortiOS and FortiProxy SSL-VPN",2023-06-13,Known,2026-09-26,0.85689,0.9972,,,
536,CVE-2025-52691,"SmarterTools","SmarterMail",2026-01-26,Known,2026-09-26,0.85655,0.99719,,,
537,CVE-2015-0311,"Adobe","Flash Player",2022-04-13,Unknown,2026-09-26,0.85589,0.99718,,,
538,CVE-2020-3580,"Cisco","Adaptive Security Appliance (ASA) and Firepower Threat Defense (FTD)",2021-11-03,Known,2026-09-26,0.85575,0.99718,,,
539,CVE-2025-57819,"Sangoma","FreePBX",2025-08-29,Unknown,2026-09-26,0.85463,0.99716,,,
540,CVE-2022-27924,"Synacor","Zimbra Collaboration Suite (ZCS)",2022-08-04,Known,2026-09-26,0.85398,0.99714,,,
541,CVE-2023-24955,"Microsoft","SharePoint Server",2024-03-26,Known,2026-09-26,0.85395,0.99714,,,
542,CVE-2021-1675,"Microsoft","Windows",2021-11-03,Known,2026-09-26,0.85305,0.99711,,,
543,CVE-2013-2423,"Oracle","Java Runtime Environment (JRE)",2022-05-25,Unknown,2026-09-26,0.85215,0.9971,,,
544,CVE-2025-8110,"Gogs","Gogs",2026-01-12,Unknown,2026-09-26,0.85202,0.9971,,,
545,CVE-2014-0322,"Microsoft","Internet Explorer",2022-05-04,Unknown,2026-09-26,0.85122,0.99709,,,
546,CVE-2020-11023,"JQuery","JQuery",2025-01-23,Unknown,2026-09-26,0.84887,0.99706,,,
547,CVE-2013-3906,"Microsoft","Graphics Component",2022-02-15,Unknown,2026-09-26,0.84853,0.99705,,,
548,CVE-2023-41266,"Qlik","Sense",2023-12-07,Known,2026-09-26,0.84843,0.99705,,,
549,CVE-2019-10758,"MongoDB","mongo-express",2021-12-10,Unknown,2026-09-26,0.84726,0.99701,,,
550,CVE-2024-28986,"SolarWinds","Web Help Desk",2024-08-15,Unknown,2026-09-26,0.84628,0.99699,,,
551,CVE-2019-11581,"Atlassian","Jira Server and Data Center",2022-03-07,Unknown,2026-09-26,0.84621,0.99699,,,
552,CVE-2025-64328,"Sangoma","FreePBX ",2026-02-03,Unknown,2026-09-26,0.84618,0.99699,,,
553,CVE-2018-17463,"Google","Chromium V8",2022-06-08,Unknown,2026-09-26,0.84564,0.99697,,,
554,CVE-2020-28949,"PEAR","Archive_Tar",2022-08-25,Unknown,2026-09-26,0.84554,0.99697,,,
555,CVE-2020-15415,"DrayTek","Multiple Vigor Routers",2024-09-30,Unknown,2026-09-26,0.8448,0.99695,,,
556,CVE-2020-7796,"Synacor","Zimbra Collaboration Suite",2026-02-17,Unknown,2026-09-26,0.84418,0.99694,,,
557,CVE-2020-5722,"Grandstream","UCM6200",2022-01-28,Unknown,2026-09-26,0.84406,0.99694,,,
558,CVE-2020-12641,"Roundcube","Roundcube Webmail",2023-06-22,Unknown,2026-09-26,0.84336,0.99693,,,
559,CVE-2024-38112,"Microsoft","Windows",2024-07-09,Unknown,2026-09-26,0.84225,0.99692,,,
560,CVE-2025-40551,"SolarWinds","Web Help Desk",2026-02-03,Unknown,2026-09-26,0.84181,0.9969,,,
561,CVE-2017-11317,"Telerik","User Interface (UI) for ASP.NET AJAX",2022-04-11,Unknown,2026-09-26,0.84175,0.99689,,,
562,CVE-2021-21224,"Google","Chromium V8",2021-11-03,Unknown,2026-09-26,0.84173,0.99689,,,
563,CVE-2017-0213,"Microsoft","Windows",2022-03-28,Known,2026-09-26,0.84138,0.99688,,,
564,CVE-2024-43451,"Microsoft","Windows",2024-11-12,Unknown,2026-09-26,0.84108,0.99687,,,
565,CVE-2009-3129,"Microsoft","Excel",2022-03-03,Unknown,2026-09-26,0.84034,0.99687,,,
566,CVE-2023-28432,"MinIO","MinIO",2023-04-21,Unknown,2026-09-26,0.83957,0.99686,,,
567,CVE-2015-3035,"TP-Link","Multiple Archer Devices",2022-03-25,Unknown,2026-09-26,0.83948,0.99686,,,
568,CVE-2020-3161,"Cisco","Cisco IP Phones",2021-11-03,Unknown,2026-09-26,0.83855,0.99684,,,
569,CVE-2019-9874,"Sitecore","CMS and Experience Platform (XP)",2025-03-26,Unknown,2026-09-26,0.83736,0.99683,,,
570,CVE-2019-0193,"Apache","Solr",2021-12-10,Unknown,2026-09-26,0.83547,0.99678,,,
571,CVE-2016-5195,"Linux","Kernel",2022-03-03,Unknown,2026-09-26,0.83524,0.99677,,,
572,CVE-2012-1889,"Microsoft","XML Core Services",2022-06-08,Unknown,2026-09-26,0.83516,0.99677,,,
573,CVE-2022-26923,"Microsoft","Active Directory",2022-08-18,Unknown,2026-09-26,0.835,0.99677,,,
574,CVE-2023-36847,"Juniper","Junos OS",2023-11-13,Unknown,2026-09-26,0.83455,0.99676,,,
575,CVE-2024-21762,"Fortinet","FortiOS",2024-02-09,Known,2026-09-26,0.83428,0.99675,,,
576,CVE-2010-1871,"Red Hat","JBoss Seam 2",2021-12-10,Unknown,2026-09-26,0.83397,0.99674,,,
577,CVE-2016-10174,"NETGEAR","WNR2000v5 Router",2022-03-25,Unknown,2026-09-26,0.83328,0.99672,,,
578,CVE-2009-3953,"Adobe","Acrobat and Reader",2022-06-08,Unknown,2026-09-26,0.83219,0.99671,,,
579,CVE-2025-14847,"MongoDB","MongoDB and MongoDB Server",2025-12-29,Unknown,2026-09-26,0.83218,0.9967,,,
580,CVE-2010-3765,"Mozilla","Multiple Products",2025-10-06,Unknown,2026-09-26,0.83156,0.99669,,,
581,CVE-2019-7194,"QNAP","Photo Station",2022-06-08,Known,2026-09-26,0.83124,0.99667,,,
582,CVE-2022-24990,"TerraMaster","TerraMaster OS",2023-02-10,Known,2026-09-26,0.83043,0.99666,,,
583,CVE-2020-3992,"VMware","ESXi",2021-11-03,Known,2026-09-26,0.83015,0.99665,,,
584,CVE-2024-42009,"Roundcube","Webmail",2025-06-09,Unknown,2026-09-26,0.82882,0.99663,,,
585,CVE-2021-27561,"Yealink","Device Management",2021-11-03,Unknown,2026-09-26,0.82865,0.99663,,,
586,CVE-2015-1187,"D-Link and TRENDnet","Multiple Devices",2022-03-25,Unknown,2026-09-26,0.82863,0.99662,,,
587,CVE-2023-27992,"Zyxel","Multiple Network-Attached Storage (NAS) Devices",2023-06-23,Unknown,2026-09-26,0.82828,0.99662,,,
588,CVE-2016-7200,"Microsoft","Edge",2022-03-28,Unknown,2026-09-26,0.82779,0.99661,,,
589,CVE-2024-0769,"D-Link","DIR-859 Router",2025-06-25,Unknown,2026-09-26,0.82714,0.99659,,,
590,CVE-2023-43208,"NextGen Healthcare","Mirth Connect",2024-05-20,Known,2026-09-26,0.82708,0.99659,,,
591,CVE-2025-33073,"Microsoft","Windows",2025-10-20,Unknown,2026-09-26,0.82699,0.99659,,,
592,CVE-2014-1776,"Microsoft","Internet Explorer",2022-01-28,Unknown,2026-09-26,0.82682,0.99658,,,
593,CVE-2021-23758,"Ajax.NET Professional","Ajax.NET Professional",2026-08-26,Unknown,2026-09-26,0.82578,0.99657,,,
594,CVE-2010-1297,"Adobe","Flash Player",2022-06-08,Unknown,2026-09-26,0.82239,0.99648,,,
595,CVE-2010-0806,"Microsoft","Internet Explorer",2026-05-20,Unknown,2026-09-26,0.82172,0.99647,,,
596,CVE-2018-6789,"Exim","Exim",2021-11-03,Known,2026-09-26,0.82137,0.99646,,,
597,CVE-2025-34026,"Versa","Concerto",2026-01-22,Unknown,2026-09-26,0.8194,0.99641,,,
598,CVE-2009-4324,"Adobe","Acrobat and Reader",2022-06-08,Unknown,2026-09-26,0.8188,0.9964,,,
599,CVE-2018-13382,"Fortinet","FortiOS and FortiProxy",2022-01-10,Known,2026-09-26,0.81691,0.99635,,,
600,CVE-2014-4114,"Microsoft","Windows",2022-03-03,Unknown,2026-09-26,0.81628,0.99634,,,
601,CVE-2019-0752,"Microsoft","Internet Explorer",2022-02-15,Known,2026-09-26,0.81551,0.99633,,,
602,CVE-2023-4911,"GNU","GNU C Library",2023-11-21,Unknown,2026-09-26,0.81422,0.9963,,,
603,CVE-2010-2883,"Adobe","Acrobat and Reader",2022-06-08,Unknown,2026-09-26,0.81376,0.99629,,,
604,CVE-2023-27532,"Veeam","Backup & Replication",2023-08-22,Known,2026-09-26,0.81326,0.99627,,,
605,CVE-2017-11826,"Microsoft","Office",2022-03-03,Unknown,2026-09-26,0.81158,0.99625,,,
606,CVE-2021-31955,"Microsoft","Windows",2021-11-03,Unknown,2026-09-26,0.81107,0.99624,,,
607,CVE-2019-9621,"Synacor","Zimbra Collaboration Suite (ZCS)",2025-07-07,Unknown,2026-09-26,0.81037,0.99622,,,
608,CVE-2017-0262,"Microsoft","Office",2022-02-10,Unknown,2026-09-26,0.81005,0.99621,,,
609,CVE-2016-7255,"Microsoft","Win32k",2021-11-03,Unknown,2026-09-26,0.80968,0.99621,,,
610,CVE-2024-43468,"Microsoft","Configuration Manager",2026-02-12,Unknown,2026-09-26,0.80912,0.9962,,,
611,CVE-2021-26411,"Microsoft","Internet Explorer",2021-11-03,Known,2026-09-26,0.80765,0.99618,,,
612,CVE-2017-0037,"Microsoft","Edge and Internet Explorer",2022-03-28,Unknown,2026-09-26,0.80386,0.99611,,,
613,CVE-2012-4969,"Microsoft","Internet Explorer",2022-06-08,Unknown,2026-09-26,0.8025,0.9961,,,
614,CVE-2020-14871,"Oracle","Solaris and Zettabyte File System (ZFS)",2021-11-03,Unknown,2026-09-26,0.80157,0.99607,,,
615,CVE-2023-22952,"SugarCRM","Multiple Products",2023-02-02,Unknown,2026-09-26,0.80139,0.99607,,,
616,CVE-2016-7201,"Microsoft","Edge",2022-03-28,Unknown,2026-09-26,0.80004,0.99604,,,
617,CVE-2013-1331,"Microsoft","Office",2022-06-08,Unknown,2026-09-26,0.79822,0.996,,,
618,CVE-2020-10987,"Tenda","AC1900 Router AC15 Model",2021-11-03,Unknown,2026-09-26,0.7981,0.996,,,
619,CVE-2024-8957,"PTZOptics","PT30X-SDI/NDI Cameras",2024-11-04,Unknown,2026-09-26,0.79703,0.99597,,,
620,CVE-2013-4810,"Hewlett Packard (HP)","ProCurve Manager (PCM), PCM+, Identity Driven Manager (IDM), and Application Lifecycle Management",2022-03-25,Unknown,2026-09-26,0.79468,0.99593,,,
621,CVE-2010-0738,"Red Hat","JBoss",2022-05-25,Known,2026-09-26,0.79415,0.99592,,,
622,CVE-2021-21551,"Dell","dbutil Driver",2022-03-31,Unknown,2026-09-26,0.79249,0.99589,,,
623,CVE-2018-18809,"TIBCO","JasperReports",2022-12-29,Unknown,2026-09-26,0.79064,0.99587,,,
624,CVE-2013-3346,"Adobe","Reader and Acrobat",2022-03-03,Unknown,2026-09-26,0.78913,0.99583,,,
625,CVE-2013-0074,"Microsoft","Silverlight",2022-05-25,Known,2026-09-26,0.78885,0.99582,,,
626,CVE-2012-4792,"Microsoft","Internet Explorer",2024-07-23,Unknown,2026-09-26,0.78823,0.99581,,,
627,CVE-2020-6418,"Google","Chromium V8",2021-11-03,Unknown,2026-09-26,0.78808,0.9958,,,
628,CVE-2021-22555,"Linux","Kernel",2025-10-06,Unknown,2026-09-26,0.78684,0.99577,,,
629,CVE-2023-49103,"ownCloud","ownCloud graphapi",2023-11-30,Unknown,2026-09-26,0.78428,0.9957,,,
630,CVE-2021-1732,"Microsoft","Win32k",2021-11-03,Known,2026-09-26,0.78376,0.9957,,,
631,CVE-2021-21975,"VMware","vRealize Operations Manager API",2022-01-18,Known,2026-09-26,0.7829,0.99567,,,
632,CVE-2021-28799,"QNAP","Network Attached Storage (NAS)",2022-03-31,Known,2026-09-26,0.7825,0.99566,,,
633,CVE-2020-8816,"Pi-hole","AdminLTE",2021-12-10,Unknown,2026-09-26,0.7819,0.99565,,,
634,CVE-2022-26318,"WatchGuard","Firebox and XTM Appliances",2022-03-25,Unknown,2026-09-26,0.78157,0.99565,,,
635,CVE-2011-3402,"Microsoft","Windows",2025-10-06,Unknown,2026-09-26,0.78138,0.99564,,,
636,CVE-2017-0261,"Microsoft","Office",2022-03-03,Unknown,2026-09-26,0.7813,0.99564,,,
637,CVE-2023-27351,"PaperCut","NG/MF",2026-04-20,Known,2026-09-26,0.78052,0.99563,,,
638,CVE-2023-24880,"Microsoft","Windows",2023-03-14,Known,2026-09-26,0.78005,0.99562,,,
639,CVE-2026-16232,"Check Point","SmartConsole",2026-07-22,Unknown,2026-09-26,0.77972,0.99561,,,
640,CVE-2025-6204,"Dassault Systèmes","DELMIA Apriso",2025-10-28,Unknown,2026-09-26,0.77957,0.9956,,,
641,CVE-2013-1347,"Microsoft","Internet Explorer",2022-03-03,Unknown,2026-09-26,0.7774,0.99554,,,
642,CVE-2017-11357,"Telerik","User Interface (UI) for ASP.NET AJAX",2023-01-26,Known,2026-09-26,0.77679,0.99552,,,
643,CVE-2014-6352,"Microsoft","Windows",2022-02-25,Unknown,2026-09-26,0.77485,0.99547,,,
644,CVE-2014-1761,"Microsoft","Word",2022-02-15,Unknown,2026-09-26,0.7746,0.99545,,,
645,CVE-2026-8037,"Progress","LoadMaster",2026-08-07,Unknown,2026-09-26,0.77362,0.99543,,,
646,CVE-2022-41080,"Microsoft","Exchange Server",2023-01-10,Known,2026-09-26,0.77326,0.99543,,,
647,CVE-2013-3897,"Microsoft","Internet Explorer",2022-03-03,Unknown,2026-09-26,0.7731,0.99542,,,
648,CVE-2019-1429,"Microsoft","Internet Explorer",2021-11-03,Unknown,2026-09-26,0.7729,0.99542,,,
649,CVE-2023-34192,"Synacor","Zimbra Collaboration Suite (ZCS)",2025-02-25,Unknown,2026-09-26,0.77266,0.99541,,,
650,CVE-2021-42287,"Microsoft","Active Directory",2022-04-11,Known,2026-09-26,0.7717,0.99539,,,
651,CVE-2019-7238,"Sonatype","Nexus Repository Manager",2021-12-10,Unknown,2026-09-26,0.77146,0.99539,,,
652,CVE-2020-10221,"rConfig","rConfig",2021-11-03,Unknown,2026-09-26,0.77123,0.99538,,,
653,CVE-2019-15949,"Nagios","Nagios XI",2021-11-03,Unknown,2026-09-26,0.77039,0.99537,,,
654,CVE-2018-15133,"Laravel","Laravel Framework",2024-01-16,Unknown,2026-09-26,0.76814,0.99534,,,
655,CVE-2016-3718,"ImageMagick","ImageMagick",2021-11-03,Unknown,2026-09-26,0.76741,0.99532,,,
656,CVE-2008-0015,"Microsoft","Windows",2026-02-17,Unknown,2026-09-26,0.76733,0.99532,,,
657,CVE-2020-13965,"Roundcube","Webmail",2024-06-26,Unknown,2026-09-26,0.76596,0.99528,,,
658,CVE-2021-38406,"Delta Electronics","DOPSoft 2",2022-08-25,Unknown,2026-09-26,0.76428,0.99525,,,
659,CVE-2022-44698,"Microsoft","Defender",2022-12-13,Known,2026-09-26,0.76267,0.99522,,,
660,CVE-2023-44221,"SonicWall","SMA100 Appliances",2025-05-01,Unknown,2026-09-26,0.7625,0.99521,,,
661,CVE-2018-15811,"DotNetNuke (DNN)","DotNetNuke (DNN)",2021-11-03,Unknown,2026-09-26,0.76143,0.9952,,,
662,CVE-2026-25089,"Fortinet","FortiSandbox",2026-07-16,Unknown,2026-09-26,0.76112,0.99518,,,
663,CVE-2021-30860,"Apple","Multiple Products",2021-11-03,Unknown,2026-09-26,0.75994,0.99515,,,
664,CVE-2023-5631,"Roundcube","Webmail",2023-10-26,Unknown,2026-09-26,0.75873,0.99513,,,
665,CVE-2015-0016,"Microsoft","Windows",2022-05-25,Unknown,2026-09-26,0.75777,0.9951,,,
666,CVE-2012-0391,"Apache","Struts 2",2022-01-21,Unknown,2026-09-26,0.75599,0.99505,,,
667,CVE-2016-3715,"ImageMagick","ImageMagick",2021-11-03,Unknown,2026-09-26,0.75307,0.995,,,
668,CVE-2021-25298,"Nagios","Nagios XI",2022-01-18,Unknown,2026-09-26,0.75148,0.99496,,,
669,CVE-2017-9248,"Progress","ASP.NET AJAX and Sitefinity",2021-11-03,Unknown,2026-09-26,0.75098,0.99495,,,
670,CVE-2014-0780,"InduSoft","Web Studio",2022-04-15,Unknown,2026-09-26,0.74679,0.99489,,,
671,CVE-2005-2773,"Hewlett Packard (HP)","OpenView Network Node Manager",2022-03-25,Unknown,2026-09-26,0.74592,0.99485,,,
672,CVE-2018-8298,"ChakraCore","ChakraCore scripting engine",2022-03-03,Unknown,2026-09-26,0.74521,0.99483,,,
673,CVE-2025-1316,"Edimax","IC-7100 IP Camera",2025-03-19,Unknown,2026-09-26,0.74482,0.99481,,,
674,CVE-2021-42258,"BQE","BillQuick Web Suite",2021-11-03,Known,2026-09-26,0.74426,0.99479,,,
675,CVE-2019-1458,"Microsoft","Win32k",2022-01-10,Known,2026-09-26,0.74263,0.99476,,,
676,CVE-2018-14667,"Red Hat","JBoss RichFaces Framework",2023-09-28,Unknown,2026-09-26,0.74202,0.99474,,,
677,CVE-2017-8543,"Microsoft","Windows",2022-05-24,Unknown,2026-09-26,0.74164,0.99473,,,
678,CVE-2024-21182,"Oracle","WebLogic Server",2026-06-01,Unknown,2026-09-26,0.74162,0.99473,,,
679,CVE-2021-40449,"Microsoft","Windows",2021-11-17,Known,2026-09-26,0.74129,0.99473,,,
680,CVE-2013-2551,"Microsoft","Internet Explorer",2022-03-28,Known,2026-09-26,0.74096,0.99472,,,
681,CVE-2019-12991,"Citrix","SD-WAN and NetScaler",2022-03-25,Unknown,2026-09-26,0.74052,0.99471,,,
682,CVE-2018-8414,"Microsoft","Windows",2022-03-25,Unknown,2026-09-26,0.73968,0.99468,,,
683,CVE-2018-18325,"DotNetNuke (DNN)","DotNetNuke (DNN)",2021-11-03,Unknown,2026-09-26,0.7387,0.99466,,,
684,CVE-2015-3043,"Adobe","Flash Player",2022-03-03,Unknown,2026-09-26,0.73862,0.99465,,,
685,CVE-2019-1003029,"Jenkins","Script Security Plugin",2022-04-25,Unknown,2026-09-26,0.73854,0.99465,,,
686,CVE-2013-3918,"Microsoft","Windows",2025-10-06,Unknown,2026-09-26,0.73693,0.99459,,,
687,CVE-2025-40536,"SolarWinds","Web Help Desk",2026-02-12,Unknown,2026-09-26,0.73562,0.99454,,,
688,CVE-2018-8120,"Microsoft","Win32k",2022-03-15,Known,2026-09-26,0.73434,0.99451,,,
689,CVE-2025-6205,"Dassault Systèmes","DELMIA Apriso",2025-10-28,Unknown,2026-09-26,0.73308,0.99447,,,
690,CVE-2021-42278,"Microsoft","Active Directory",2022-04-11,Known,2026-09-26,0.73297,0.99446,,,
691,CVE-2024-37383,"Roundcube","Webmail",2024-10-24,Unknown,2026-09-26,0.73296,0.99446,,,
692,CVE-2023-47565,"QNAP","VioStor NVR",2023-12-21,Unknown,2026-09-26,0.73277,0.99445,,,
693,CVE-2018-0824,"Microsoft","Windows",2024-08-05,Unknown,2026-09-26,0.73185,0.99443,,,
694,CVE-2025-2746,"Kentico","Xperience CMS",2025-10-20,Unknown,2026-09-26,0.7304,0.9944,,,
695,CVE-2017-6316,"Citrix","NetScaler SD-WAN Enterprise, CloudBridge Virtual WAN, and XenMobile Server",2022-03-25,Unknown,2026-09-26,0.7303,0.9944,,,
696,CVE-2019-9978,"WordPress","Social Warfare Plugin",2021-11-03,Unknown,2026-09-26,0.72946,0.99437,,,
697,CVE-2020-5741,"Plex","Media Server",2023-03-10,Unknown,2026-09-26,0.72936,0.99437,,,
698,CVE-2026-21509,"Microsoft","Office",2026-01-26,Unknown,2026-09-26,0.72872,0.99436,,,
699,CVE-2018-7841,"Schneider Electric","U.motion Builder",2022-04-15,Unknown,2026-09-26,0.72675,0.99429,,,
700,CVE-2017-6334,"NETGEAR","DGN2200 Devices",2022-03-25,Unknown,2026-09-26,0.7264,0.99428,,,
701,CVE-2022-20699,"Cisco","Small Business RV160, RV260, RV340, and RV345 Series Routers",2022-03-03,Unknown,2026-09-26,0.72458,0.99424,,,
702,CVE-2021-25296,"Nagios","Nagios XI",2022-01-18,Unknown,2026-09-26,0.72182,0.99418,,,
703,CVE-2019-2215,"Android","Android Kernel",2021-11-03,Unknown,2026-09-26,0.72105,0.99415,,,
704,CVE-2025-30066,"tj-actions","changed-files GitHub Action",2025-03-18,Unknown,2026-09-26,0.72092,0.99415,,,
705,CVE-2012-1856,"Microsoft","Office",2022-03-03,Unknown,2026-09-26,0.72032,0.99413,,,
706,CVE-2017-8540,"Microsoft","Malware Protection Engine",2022-03-03,Unknown,2026-09-26,0.71874,0.9941,,,
707,CVE-2020-3259,"Cisco","Adaptive Security Appliance (ASA) and Firepower Threat Defense (FTD)",2024-02-15,Known,2026-09-26,0.71789,0.99408,,,
708,CVE-2010-4344,"Exim","Exim",2022-03-25,Unknown,2026-09-26,0.71706,0.99405,,,
709,CVE-2016-2386,"SAP","NetWeaver",2022-06-09,Unknown,2026-09-26,0.71522,0.994,,,
710,CVE-2022-28810,"Zoho","ManageEngine",2023-03-07,Unknown,2026-09-26,0.70966,0.99386,,,
711,CVE-2026-21962,"Oracle","HTTP Server and Oracle Weblogic Server Proxy Plug-in",2026-08-24,Unknown,2026-09-26,0.70915,0.99384,,,
712,CVE-2024-20353,"Cisco","Adaptive Security Appliance (ASA) and Firepower Threat Defense (FTD)",2024-04-24,Unknown,2026-09-26,0.70686,0.99377,,,
713,CVE-2013-3163,"Microsoft","Internet Explorer",2023-03-30,Unknown,2026-09-26,0.70676,0.99377,,,
714,CVE-2025-20333,"Cisco","Secure Firewall Adaptive Security Appliance and Secure Firewall Threat Defense",2025-09-25,Unknown,2026-09-26,0.70651,0.99375,,,
715,CVE-2020-36193,"PEAR","Archive_Tar",2022-08-25,Unknown,2026-09-26,0.70595,0.99374,,,
716,CVE-2022-2294,"WebRTC","WebRTC",2022-08-25,Known,2026-09-26,0.70461,0.99371,,,
717,CVE-2021-21220,"Google","Chromium V8",2021-11-03,Unknown,2026-09-26,0.70435,0.9937,,,
718,CVE-2012-1535,"Adobe","Flash Player",2022-03-03,Unknown,2026-09-26,0.70384,0.99368,,,
719,CVE-2017-6736,"Cisco","IOS and IOS XE Software",2022-03-03,Unknown,2026-09-26,0.70354,0.99367,,,
720,CVE-2018-8453,"Microsoft","Win32k",2022-01-21,Known,2026-09-26,0.70042,0.99358,,,
721,CVE-2020-4427,"IBM","Data Risk Manager",2021-11-03,Unknown,2026-09-26,0.70031,0.99357,,,
722,CVE-2021-44026,"Roundcube","Roundcube Webmail",2023-06-22,Unknown,2026-09-26,0.69882,0.99354,,,
723,CVE-2016-0185,"Microsoft","Windows",2021-11-03,Unknown,2026-09-26,0.69846,0.99353,,,
724,CVE-2016-0034,"Microsoft","Silverlight",2022-05-25,Known,2026-09-26,0.69397,0.9934,,,
725,CVE-2013-1690,"Mozilla","Firefox and Thunderbird",2022-03-28,Unknown,2026-09-26,0.69021,0.99333,,,
726,CVE-2020-0938,"Microsoft","Windows",2021-11-03,Unknown,2026-09-26,0.6895,0.9933,,,
727,CVE-2016-11021,"D-Link","DCS-930L Devices",2022-03-25,Unknown,2026-09-26,0.6887,0.99328,,,
728,CVE-2017-6077,"NETGEAR","Wireless Router DGN2200",2022-03-07,Unknown,2026-09-26,0.68712,0.99322,,,
729,CVE-2015-4495,"Mozilla","Firefox",2022-05-25,Unknown,2026-09-26,0.68558,0.99317,,,
730,CVE-2020-4430,"IBM","Data Risk Manager",2021-11-03,Unknown,2026-09-26,0.68544,0.99317,,,
731,CVE-2021-30657,"Apple","macOS",2021-11-03,Unknown,2026-09-26,0.68531,0.99316,,,
732,CVE-2016-3393,"Microsoft","Windows",2022-05-25,Unknown,2026-09-26,0.68465,0.99315,,,
733,CVE-2025-59718,"Fortinet","Multiple Products",2025-12-16,Unknown,2026-09-26,0.68293,0.99311,,,
734,CVE-2024-30088,"Microsoft","Windows ",2024-10-15,Known,2026-09-26,0.68202,0.99308,,,
735,CVE-2023-28461,"Array Networks ","AG/vxAG ArrayOS",2024-11-25,Known,2026-09-26,0.68079,0.99305,,,
736,CVE-2013-3896,"Microsoft","Silverlight",2022-05-25,Unknown,2026-09-26,0.67959,0.99301,,,
737,CVE-2019-18426,"Meta Platforms","WhatsApp",2022-05-23,Unknown,2026-09-26,0.67859,0.99299,,,
738,CVE-2025-20337,"Cisco","Identity Services Engine",2025-07-28,Unknown,2026-09-26,0.67825,0.99298,,,
739,CVE-2022-34713,"Microsoft","Windows",2022-08-09,Unknown,2026-09-26,0.67757,0.99297,,,
740,CVE-2015-8651,"Adobe","Flash Player",2022-05-25,Unknown,2026-09-26,0.67698,0.99295,,,
741,CVE-2009-0556,"Microsoft","Office",2026-01-07,Unknown,2026-09-26,0.67312,0.99284,,,
742,CVE-2021-36934,"Microsoft","Windows",2022-02-10,Unknown,2026-09-26,0.67252,0.99282,,,
743,CVE-2025-0411,"7-Zip","7-Zip",2025-02-06,Unknown,2026-09-26,0.67071,0.99278,,,
744,CVE-2016-4657,"Apple","iOS",2022-05-24,Unknown,2026-09-26,0.66788,0.99269,,,
745,CVE-2024-43572,"Microsoft","Windows",2024-10-08,Unknown,2026-09-26,0.66695,0.99268,,,
746,CVE-2024-57726,"SimpleHelp ","SimpleHelp",2026-04-24,Known,2026-09-26,0.66601,0.99265,,,
747,CVE-2013-2729,"Adobe","Reader and Acrobat",2022-03-28,Unknown,2026-09-26,0.66555,0.99264,,,
748,CVE-2013-0631,"Adobe","ColdFusion",2022-03-07,Unknown,2026-09-26,0.66413,0.9926,,,
749,CVE-2021-36942,"Microsoft","Windows",2021-11-03,Known,2026-09-26,0.66023,0.99252,,,
750,CVE-2013-0629,"Adobe","ColdFusion",2022-03-07,Unknown,2026-09-26,0.65795,0.99246,,,
751,CVE-2015-7645,"Adobe","Flash Player",2022-03-03,Known,2026-09-26,0.65339,0.99236,,,
752,CVE-2020-1020,"Microsoft","Windows",2021-11-03,Unknown,2026-09-26,0.65037,0.99229,,,
753,CVE-2019-0211,"Apache","HTTP Server",2021-11-03,Unknown,2026-09-26,0.65005,0.99228,,,
754,CVE-2021-27877,"Veritas","Backup Exec Agent",2023-04-07,Known,2026-09-26,0.6491,0.99225,,,
755,CVE-2014-1812,"Microsoft","Windows",2021-11-03,Known,2026-09-26,0.64876,0.99224,,,
756,CVE-2021-30551,"Google","Chromium V8",2021-11-03,Unknown,2026-09-26,0.64701,0.9922,,,
757,CVE-2025-31125,"Vite","Vitejs",2026-01-22,Unknown,2026-09-26,0.64688,0.99219,,,
758,CVE-2024-57728,"SimpleHelp ","SimpleHelp",2026-04-24,Known,2026-09-26,0.64664,0.99218,,,
759,CVE-2016-7256,"Microsoft","Windows",2022-05-25,Unknown,2026-09-26,0.64591,0.99215,,,
760,CVE-2025-2776,"SysAid","SysAid On-Prem",2025-07-22,Unknown,2026-09-26,0.64397,0.9921,,,
761,CVE-2016-20017,"D-Link","DSL-2750B Devices",2024-01-08,Unknown,2026-09-26,0.64238,0.99206,,,
762,CVE-2023-29552,"IETF","Service Location Protocol (SLP)",2023-11-08,Unknown,2026-09-26,0.63975,0.99199,,,
763,CVE-2026-0770,"Langflow","Langflow",2026-07-21,Unknown,2026-09-26,0.63839,0.99197,,,
764,CVE-2023-43770,"Roundcube","Webmail",2024-02-12,Unknown,2026-09-26,0.6366,0.99192,,,
765,CVE-2015-4068,"Arcserve","Unified Data Protection (UDP)",2022-03-25,Unknown,2026-09-26,0.63643,0.99192,,,
766,CVE-2021-22681,"Rockwell","Multiple Products",2026-03-05,Unknown,2026-09-26,0.6363,0.99191,,,
767,CVE-2023-35081,"Ivanti","Endpoint Manager Mobile (EPMM)",2023-07-31,Unknown,2026-09-26,0.63577,0.9919,,,
768,CVE-2011-0609,"Adobe","Flash Player",2022-06-08,Unknown,2026-09-26,0.63507,0.99188,,,
769,CVE-2019-8394,"Zoho","ManageEngine",2021-11-03,Unknown,2026-09-26,0.63336,0.99183,,,
770,CVE-2021-30632,"Google","Chromium V8",2021-11-03,Unknown,2026-09-26,0.6319,0.99181,,,
771,CVE-2025-47813,"Wing FTP Server","Wing FTP Server",2026-03-16,Unknown,2026-09-26,0.62967,0.99175,,,
772,CVE-2016-0151,"Microsoft","Client-Server Run-time Subsystem (CSRSS)",2022-03-28,Known,2026-09-26,0.62943,0.99175,,,
773,CVE-2009-0563,"Microsoft","Office",2022-06-08,Unknown,2026-09-26,0.62828,0.99172,,,
774,CVE-2022-21445,"Oracle","ADF Faces",2024-09-18,Unknown,2026-09-26,0.62478,0.99164,,,
775,CVE-2025-62593,"Ray-Project","Ray",2026-08-18,Unknown,2026-09-26,0.62459,0.99163,,,
776,CVE-2010-1428,"Red Hat","JBoss",2022-05-25,Known,2026-09-26,0.62052,0.99153,,,
777,CVE-2017-0059,"Microsoft","Internet Explorer",2022-03-28,Unknown,2026-09-26,0.61968,0.99152,,,
778,CVE-2018-8373,"Microsoft","Internet Explorer Scripting Engine",2022-03-25,Unknown,2026-09-26,0.61912,0.9915,,,
779,CVE-2024-23113,"Fortinet","Multiple Products",2024-10-09,Unknown,2026-09-26,0.61725,0.99146,,,
780,CVE-2020-4428,"IBM","Data Risk Manager",2021-11-03,Unknown,2026-09-26,0.61692,0.99146,,,
781,CVE-2018-4939,"Adobe","ColdFusion",2021-11-03,Unknown,2026-09-26,0.6167,0.99145,,,
782,CVE-2023-21608,"Adobe","Acrobat and Reader",2023-10-10,Unknown,2026-09-26,0.61475,0.99141,,,
783,CVE-2015-7755,"Juniper","ScreenOS",2025-10-02,Unknown,2026-09-26,0.61139,0.99135,,,
784,CVE-2019-5786,"Google","Chrome Blink",2022-05-23,Unknown,2026-09-26,0.61085,0.99133,,,
785,CVE-2021-22991,"F5","BIG-IP Traffic Management Microkernel",2022-01-18,Unknown,2026-09-26,0.61064,0.99132,,,
786,CVE-2025-32463,"Sudo","Sudo",2025-09-29,Unknown,2026-09-26,0.61039,0.99129,,,
787,CVE-2018-7445,"MikroTik","RouterOS",2022-09-08,Unknown,2026-09-26,0.60809,0.99125,,,
788,CVE-2024-54085,"AMI","MegaRAC SPx",2025-06-25,Unknown,2026-09-26,0.60747,0.99123,,,
789,CVE-2025-58360,"OSGeo","GeoServer",2025-12-11,Unknown,2026-09-26,0.60522,0.99118,,,
790,CVE-2018-6065,"Google","Chromium V8",2022-06-08,Unknown,2026-09-26,0.60304,0.99112,,,
791,CVE-2020-8655,"EyesOfNetwork","EyesOfNetwork",2021-11-03,Unknown,2026-09-26,0.60075,0.99106,,,
792,CVE-2014-4148,"Microsoft","Windows",2022-05-25,Unknown,2026-09-26,0.5985,0.99104,,,
793,CVE-2024-21338,"Microsoft","Windows",2024-03-04,Known,2026-09-26,0.5981,0.99103,,,
794,CVE-2024-9380,"Ivanti","Cloud Services Appliance (CSA)",2024-10-09,Unknown,2026-09-26,0.59651,0.99101,,,
795,CVE-2017-11774,"Microsoft","Office",2021-11-03,Unknown,2026-09-26,0.59627,0.99099,,,
796,CVE-2021-33742,"Microsoft","Windows",2021-11-03,Unknown,2026-09-26,0.59407,0.99093,,,
797,CVE-2023-21529,"Microsoft","Exchange Server",2026-04-13,Known,2026-09-26,0.59294,0.9909,,,
798,CVE-2022-21882,"Microsoft","Win32k",2022-02-04,Unknown,2026-09-26,0.59205,0.99088,,,
799,CVE-2025-24054,"Microsoft","Windows",2025-04-17,Unknown,2026-09-26,0.58909,0.99082,,,
800,CVE-2024-8956,"PTZOptics","PT30X-SDI/NDI Cameras",2024-11-04,Unknown,2026-09-26,0.58787,0.99078,,,
801,CVE-2010-2572,"Microsoft","PowerPoint",2022-06-08,Unknown,2026-09-26,0.58646,0.99076,,,
802,CVE-2019-1068,"Microsoft","SQL Server",2026-08-26,Unknown,2026-09-26,0.57906,0.9906,,,
803,CVE-2016-7262,"Microsoft","Excel",2022-03-03,Unknown,2026-09-26,0.57733,0.99058,,,
804,CVE-2023-6549,"Citrix","NetScaler ADC and NetScaler Gateway",2024-01-17,Unknown,2026-09-26,0.57633,0.99055,,,
805,CVE-2016-7193,"Microsoft","Office",2022-03-03,Unknown,2026-09-26,0.57582,0.99054,,,
806,CVE-2017-0101,"Microsoft","Windows",2022-03-15,Known,2026-09-26,0.57482,0.99053,,,
807,CVE-2020-26919,"NETGEAR","JGS516PE Devices",2021-11-03,Unknown,2026-09-26,0.57468,0.99052,,,
808,CVE-2025-25181,"Advantive","VeraCore",2025-03-10,Unknown,2026-09-26,0.57304,0.99047,,,
809,CVE-2021-27104,"Accellion","FTA",2021-11-03,Known,2026-09-26,0.56686,0.99034,,,
810,CVE-2021-25297,"Nagios","Nagios XI",2022-01-18,Unknown,2026-09-26,0.56659,0.99033,,,
811,CVE-2019-19006,"Sangoma","FreePBX",2026-02-03,Unknown,2026-09-26,0.55946,0.99016,,,
812,CVE-2019-5825,"Google","Chromium V8",2022-06-08,Unknown,2026-09-26,0.55925,0.99016,,,
813,CVE-2015-1701,"Microsoft","Win32k",2022-03-03,Known,2026-09-26,0.55923,0.99016,,,
814,CVE-2019-11708,"Mozilla","Firefox and Thunderbird",2022-05-23,Unknown,2026-09-26,0.55874,0.99014,,,
815,CVE-2025-58034,"Fortinet","FortiWeb",2025-11-18,Unknown,2026-09-26,0.5558,0.99007,,,
816,CVE-2022-37055,"D-Link","Routers",2025-12-08,Unknown,2026-09-26,0.55531,0.99007,,,
817,CVE-2018-0125,"Cisco","VPN Routers",2022-03-25,Unknown,2026-09-26,0.55186,0.98999,,,
818,CVE-2026-2441,"Google","Chromium",2026-02-17,Unknown,2026-09-26,0.55101,0.98998,,,
819,CVE-2006-1547,"Apache","Struts 1",2022-01-21,Unknown,2026-09-26,0.54635,0.98987,,,
820,CVE-2014-4077,"Microsoft","Input Method Editor (IME) Japanese",2022-05-25,Unknown,2026-09-26,0.54577,0.98986,,,
821,CVE-2024-38812,"VMware","vCenter Server",2024-11-20,Unknown,2026-09-26,0.54571,0.98986,,,
822,CVE-2016-0984,"Adobe","Flash Player and AIR",2022-05-25,Unknown,2026-09-26,0.54544,0.98985,,,
823,CVE-2024-43461,"Microsoft","Windows",2024-09-16,Unknown,2026-09-26,0.54486,0.98982,,,
824,CVE-2020-29557,"D-Link","DIR-825 R1 Devices",2021-11-03,Unknown,2026-09-26,0.5432,0.98978,,,
825,CVE-2022-29499,"Mitel","MiVoice Connect",2022-06-27,Known,2026-09-26,0.54317,0.98977,,,
826,CVE-2020-1054,"Microsoft","Win32k",2021-11-03,Unknown,2026-09-26,0.54158,0.98975,,,
827,CVE-2023-20118,"Cisco","Small Business RV Series Routers",2025-03-03,Unknown,2026-09-26,0.54107,0.98973,,,
828,CVE-2021-31196,"Microsoft","Exchange Server",2024-08-21,Unknown,2026-09-26,0.54056,0.98971,,,
829,CVE-2020-25079,"D-Link","DCS-2530L and DCS-2670L Devices",2025-08-05,Unknown,2026-09-26,0.54007,0.9897,,,
830,CVE-2022-21971,"Microsoft","Windows",2022-08-18,Unknown,2026-09-26,0.53934,0.98968,,,
831,CVE-2014-0130,"Rails","Ruby on Rails",2022-03-25,Unknown,2026-09-26,0.53703,0.98964,,,
832,CVE-2021-22941,"Citrix","ShareFile",2022-03-25,Known,2026-09-26,0.53585,0.9896,,,
833,CVE-2023-41064,"Apple","iOS, iPadOS, and macOS",2023-09-11,Unknown,2026-09-26,0.53403,0.98956,,,
834,CVE-2021-22175,"GitLab","GitLab",2026-02-18,Unknown,2026-09-26,0.53372,0.98954,,,
835,CVE-2025-14611,"Gladinet","CentreStack and Triofox",2025-12-15,Unknown,2026-09-26,0.53302,0.9895,,,
836,CVE-2023-45249,"Acronis","Cyber Infrastructure (ACI)",2024-07-29,Unknown,2026-09-26,0.53255,0.98949,,,
837,CVE-2019-0541,"Microsoft","MSHTML",2021-11-03,Unknown,2026-09-26,0.53202,0.98948,,,
838,CVE-2015-2419,"Microsoft","Internet Explorer",2022-03-28,Unknown,2026-09-26,0.53127,0.98947,,,
839,CVE-2015-1642,"Microsoft","Office",2022-03-03,Unknown,2026-09-26,0.53087,0.98945,,,
840,CVE-2012-2539,"Microsoft","Word",2022-03-28,Unknown,2026-09-26,0.53033,0.98944,,,
841,CVE-2019-0808,"Microsoft","Win32k",2021-11-03,Unknown,2026-09-26,0.53017,0.98943,,,
842,CVE-2009-0557,"Microsoft","Office",2022-06-08,Unknown,2026-09-26,0.53,0.98943,,,
843,CVE-2019-1367,"Microsoft","Internet Explorer",2021-11-03,Known,2026-09-26,0.52449,0.98928,,,
844,CVE-2016-2388,"SAP","NetWeaver",2022-06-09,Unknown,2026-09-26,0.52206,0.98923,,,
845,CVE-2019-13272,"Linux","Kernel",2021-12-10,Unknown,2026-09-26,0.52199,0.98923,,,
846,CVE-2021-28550,"Adobe","Acrobat and Reader",2021-11-03,Unknown,2026-09-26,0.52005,0.98919,,,
847,CVE-2023-32434,"Apple","Multiple Products",2023-06-23,Unknown,2026-09-26,0.51517,0.98908,,,
848,CVE-2021-20023,"SonicWall","SonicWall Email Security",2021-11-03,Known,2026-09-26,0.51407,0.98906,,,
849,CVE-2009-1537,"Microsoft","DirectX",2026-05-20,Unknown,2026-09-26,0.51207,0.98901,,,
850,CVE-2025-53690,"Sitecore","Multiple Products",2025-09-04,Unknown,2026-09-26,0.51094,0.98897,,,
851,CVE-2015-2502,"Microsoft","Internet Explorer",2022-04-13,Unknown,2026-09-26,0.51001,0.98895,,,
852,CVE-2024-38094,"Microsoft","SharePoint",2024-10-22,Known,2026-09-26,0.50892,0.98892,,,
853,CVE-2013-5223,"D-Link","DSL-2760U",2022-03-25,Unknown,2026-09-26,0.50833,0.9889,,,
854,CVE-2023-49897,"FXC","AE1021, AE1021PE",2023-12-21,Unknown,2026-09-26,0.50447,0.98877,,,
855,CVE-2013-7331,"Microsoft","Internet Explorer",2022-05-25,Unknown,2026-09-26,0.5021,0.98871,,,
856,CVE-2020-12812,"Fortinet","FortiOS",2021-11-03,Known,2026-09-26,0.49344,0.98853,,,
857,CVE-2021-22017,"VMware","vCenter Server",2022-01-10,Unknown,2026-09-26,0.49177,0.98848,,,
858,CVE-2021-3493,"Linux","Kernel",2022-10-20,Unknown,2026-09-26,0.49166,0.98847,,,
859,CVE-2019-13720,"Google","Chrome WebAudio",2022-05-23,Unknown,2026-09-26,0.4914,0.98847,,,
860,CVE-2023-37580,"Synacor","Zimbra Collaboration Suite (ZCS)",2023-07-27,Unknown,2026-09-26,0.49083,0.98847,,,
861,CVE-2011-1889,"Microsoft","Forefront Threat Management Gateway (TMG)",2022-03-03,Unknown,2026-09-26,0.4902,0.98844,,,
862,CVE-2023-5217,"Google","Chromium libvpx",2023-10-02,Unknown,2026-09-26,0.49013,0.98844,,,
863,CVE-2015-1671,"Microsoft","Windows",2022-05-25,Unknown,2026-09-26,0.48986,0.98843,,,
864,CVE-2018-5430,"TIBCO","JasperReports",2022-12-29,Unknown,2026-09-26,0.48986,0.98843,,,
865,CVE-2023-28252,"Microsoft","Windows",2023-04-11,Known,2026-09-26,0.48973,0.98843,,,
866,CVE-2014-4404,"Apple","OS X",2022-02-10,Unknown,2026-09-26,0.48923,0.98841,,,
867,CVE-2026-85046,"Google","Chromium V8",2026-09-04,Unknown,2026-09-26,0.48881,0.9884,,,
868,CVE-2025-68645,"Synacor"," Zimbra Collaboration Suite (ZCS)",2026-01-22,Unknown,2026-09-26,0.48873,0.98839,,,
869,CVE-2019-15752,"Docker","Desktop Community Edition",2021-11-03,Unknown,2026-09-26,0.48628,0.98832,,,
870,CVE-2020-9715,"Adobe","Acrobat",2026-04-13,Unknown,2026-09-26,0.48595,0.98831,,,
871,CVE-2022-23227,"NUUO","NVRmini2 Devices",2024-12-18,Unknown,2026-09-26,0.48497,0.98827,,,
872,CVE-2020-16009,"Google","Chromium V8",2021-11-03,Unknown,2026-09-26,0.48293,0.98823,,,
873,CVE-2016-1646,"Google","Chromium V8",2022-06-08,Unknown,2026-09-26,0.4811,0.98818,,,
874,CVE-2006-2492,"Microsoft","Word",2022-06-08,Unknown,2026-09-26,0.48107,0.98818,,,
875,CVE-2021-26829,"OpenPLC","ScadaBR",2025-11-28,Unknown,2026-09-26,0.4805,0.98817,,,
876,CVE-2013-2094,"Linux","Kernel",2022-09-15,Unknown,2026-09-26,0.47709,0.98809,,,
877,CVE-2021-40407,"Reolink","RLC-410W IP Camera",2024-12-18,Unknown,2026-09-26,0.47635,0.98808,,,
878,CVE-2023-48365,"Qlik","Sense",2025-01-13,Known,2026-09-26,0.47453,0.98804,,,
879,CVE-2026-39808,"Fortinet","FortiSandbox",2026-07-16,Unknown,2026-09-26,0.47362,0.98801,,,
880,CVE-2016-3976,"SAP","NetWeaver",2021-11-03,Unknown,2026-09-26,0.47252,0.988,,,
881,CVE-2021-22893,"Ivanti","Pulse Connect Secure",2021-11-03,Known,2026-09-26,0.47172,0.98798,,,
882,CVE-2014-4123,"Microsoft","Internet Explorer",2022-05-25,Unknown,2026-09-26,0.47133,0.98797,,,
883,CVE-2022-39197,"Fortra","Cobalt Strike",2023-03-30,Unknown,2026-09-26,0.46446,0.98781,,,
884,CVE-2019-17026,"Mozilla","Firefox and Thunderbird",2021-11-03,Unknown,2026-09-26,0.46311,0.98778,,,
885,CVE-2019-1579,"Palo Alto Networks","PAN-OS",2022-01-10,Known,2026-09-26,0.46239,0.98774,,,
886,CVE-2024-43573,"Microsoft","Windows",2024-10-08,Unknown,2026-09-26,0.46109,0.98771,,,
887,CVE-2026-12569,"PTC","Windchill and FlexPLM",2026-06-25,Known,2026-09-26,0.46049,0.98769,,,
888,CVE-2026-34910,"Ubiquiti","UniFi OS",2026-06-23,Unknown,2026-09-26,0.45768,0.98762,,,
889,CVE-2017-6862,"NETGEAR","Multiple Devices",2022-06-08,Unknown,2026-09-26,0.45748,0.98761,,,
890,CVE-2017-16651,"Roundcube","Roundcube Webmail",2021-11-03,Unknown,2026-09-26,0.45742,0.98761,,,
891,CVE-2017-6737,"Cisco","IOS and IOS XE Software",2022-03-03,Unknown,2026-09-26,0.4524,0.98747,,,
892,CVE-2019-0803,"Microsoft","Win32k",2021-11-03,Unknown,2026-09-26,0.44954,0.98739,,,
893,CVE-2024-29988,"Microsoft","SmartScreen Prompt",2024-04-30,Unknown,2026-09-26,0.44875,0.98736,,,
894,CVE-2015-2425,"Microsoft","Internet Explorer",2022-05-25,Unknown,2026-09-26,0.44727,0.98731,,,
895,CVE-2013-3900,"Microsoft","WinVerifyTrust function",2022-01-10,Unknown,2026-09-26,0.44647,0.98729,,,
896,CVE-2020-15999,"Google","Chrome FreeType",2021-11-03,Unknown,2026-09-26,0.44303,0.98718,,,
897,CVE-2024-9379,"Ivanti","Cloud Services Appliance (CSA)",2024-10-09,Unknown,2026-09-26,0.43782,0.98703,,,
898,CVE-2014-100005,"D-Link","DIR-600 Router",2024-05-16,Unknown,2026-09-26,0.43456,0.98695,,,
899,CVE-2023-36874,"Microsoft","Windows",2023-07-11,Unknown,2026-09-26,0.43409,0.98694,,,
900,CVE-2016-3235,"Microsoft","Office",2021-11-03,Unknown,2026-09-26,0.43308,0.98686,,,
901,CVE-2007-0671,"Microsoft","Office",2025-08-12,Unknown,2026-09-26,0.43241,0.98683,,,
902,CVE-2009-0238,"Microsoft","Office",2026-04-14,Unknown,2026-09-26,0.43212,0.98682,,,
903,CVE-2021-42292,"Microsoft","Office",2021-11-17,Unknown,2026-09-26,0.43005,0.98678,,,
904,CVE-2025-2775,"SysAid","SysAid On-Prem",2025-07-22,Unknown,2026-09-26,0.42952,0.98677,,,
905,CVE-2023-49105,"ownCloud","ownCloud",2026-08-27,Unknown,2026-09-26,0.42919,0.98676,,,
906,CVE-2026-20131,"Cisco","Secure Firewall Management Center (FMC)",2026-03-19,Known,2026-09-26,0.42665,0.98667,,,
907,CVE-2020-0787,"Microsoft","Windows",2022-01-28,Known,2026-09-26,0.42524,0.98662,,,
908,CVE-2020-12271,"Sophos","SFOS",2021-11-03,Known,2026-09-26,0.42434,0.98659,,,
909,CVE-2026-48282,"Adobe","ColdFusion",2026-07-07,Unknown,2026-09-26,0.42388,0.98659,,,
910,CVE-2024-41710,"Mitel","SIP Phones",2025-02-12,Unknown,2026-09-26,0.41646,0.98638,,,
911,CVE-2019-16928,"Exim","Exim Internet Mailer",2022-03-03,Unknown,2026-09-26,0.41638,0.98638,,,
912,CVE-2023-33538,"TP-Link","Multiple Routers",2025-06-16,Unknown,2026-09-26,0.41606,0.98637,,,
913,CVE-2019-0841,"Microsoft","Windows",2022-03-15,Known,2026-09-26,0.414,0.9863,,,
914,CVE-2024-38178,"Microsoft","Windows",2024-08-13,Unknown,2026-09-26,0.4138,0.98629,,,
915,CVE-2023-4762,"Google","Chromium V8",2024-02-06,Unknown,2026-09-26,0.41375,0.98629,,,
916,CVE-2011-1823,"Android","Android OS",2022-09-08,Unknown,2026-09-26,0.41367,0.98628,,,
917,CVE-2021-22894,"Ivanti","Pulse Connect Secure",2021-11-03,Unknown,2026-09-26,0.41284,0.98625,,,
918,CVE-2022-21999,"Microsoft","Windows",2022-03-25,Known,2026-09-26,0.41007,0.98617,,,
919,CVE-2023-21674,"Microsoft","Windows",2023-01-10,Unknown,2026-09-26,0.40987,0.98616,,,
920,CVE-2023-29336,"Microsoft","Win32k",2023-05-09,Unknown,2026-09-26,0.40919,0.98613,,,
921,CVE-2023-2033,"Google","Chromium V8",2023-04-17,Unknown,2026-09-26,0.40798,0.9861,,,
922,CVE-2017-5030,"Google","Chromium V8",2022-06-08,Unknown,2026-09-26,0.40635,0.98606,,,
923,CVE-2015-2424,"Microsoft","PowerPoint",2022-03-03,Unknown,2026-09-26,0.40388,0.98599,,,
924,CVE-2015-0666,"Cisco","Prime Data Center Network Manager (DCNM)",2022-03-25,Unknown,2026-09-26,0.40379,0.98599,,,
925,CVE-2023-39780,"ASUS","RT-AX55 Routers",2025-06-02,Unknown,2026-09-26,0.40189,0.98591,,,
926,CVE-2021-34448,"Microsoft","Windows",2021-11-03,Unknown,2026-09-26,0.40062,0.98587,,,
927,CVE-2021-20016,"SonicWall","SSLVPN SMA100",2021-11-03,Known,2026-09-26,0.40038,0.98585,,,
928,CVE-2014-0496,"Adobe","Reader and Acrobat",2022-03-03,Unknown,2026-09-26,0.3998,0.98583,,,
929,CVE-2021-27860,"FatPipe","WARP, IPVPN, and MPVPN software",2022-01-10,Unknown,2026-09-26,0.39824,0.98578,,,
930,CVE-2013-6282,"Linux","Kernel",2022-09-15,Unknown,2026-09-26,0.39711,0.98574,,,
931,CVE-2025-20352,"Cisco","IOS and IOS XE",2025-09-29,Unknown,2026-09-26,0.39447,0.98564,,,
932,CVE-2021-1647,"Microsoft","Defender",2021-11-03,Unknown,2026-09-26,0.39392,0.98561,,,
933,CVE-2010-5330,"Ubiquiti","AirOS",2022-04-15,Unknown,2026-09-26,0.39362,0.9856,,,
934,CVE-2021-26828,"OpenPLC","ScadaBR",2025-12-03,Unknown,2026-09-26,0.39356,0.98559,,,
935,CVE-2013-3660,"Microsoft","Win32k",2022-03-28,Unknown,2026-09-26,0.39318,0.98558,,,
936,CVE-2020-1464,"Microsoft","Windows",2021-11-03,Unknown,2026-09-26,0.38946,0.98544,,,
937,CVE-2021-38003,"Google","Chromium V8",2021-11-03,Unknown,2026-09-26,0.38573,0.98531,,,
938,CVE-2024-55550,"Mitel","MiCollab",2025-01-07,Known,2026-09-26,0.37899,0.98502,,,
939,CVE-2008-0655,"Adobe","Acrobat and Reader",2022-06-08,Unknown,2026-09-26,0.37871,0.985,,,
940,CVE-2026-39987,"Marimo","Marimo",2026-04-23,Unknown,2026-09-26,0.37865,0.985,,,
941,CVE-2018-13374,"Fortinet","FortiOS and FortiADC",2022-09-08,Known,2026-09-26,0.37832,0.98498,,,
942,CVE-2019-11707,"Mozilla","Firefox and Thunderbird",2022-05-23,Unknown,2026-09-26,0.37696,0.98493,,,
943,CVE-2019-11001,"Reolink","Multiple IP Cameras",2024-12-18,Unknown,2026-09-26,0.37542,0.98487,,,
944,CVE-2014-3153,"Linux","Kernel",2022-05-25,Unknown,2026-09-26,0.37233,0.98475,,,
945,CVE-2016-0099,"Microsoft","Windows",2022-03-03,Known,2026-09-26,0.36794,0.98455,,,
946,CVE-2020-17144,"Microsoft","Exchange Server",2021-11-03,Unknown,2026-09-26,0.36514,0.98444,,,
947,CVE-2018-4990,"Adobe","Acrobat and Reader",2022-06-08,Unknown,2026-09-26,0.36228,0.9843,,,
948,CVE-2020-5735,"Amcrest","Cameras and Network Video Recorder (NVR)",2021-11-03,Unknown,2026-09-26,0.36217,0.98429,,,
949,CVE-2021-38163,"SAP","NetWeaver",2022-06-09,Unknown,2026-09-26,0.36018,0.98425,,,
950,CVE-2022-31199,"Netwrix","Auditor",2023-07-11,Known,2026-09-26,0.36009,0.98424,,,
951,CVE-2017-6327,"Symantec","Symantec Messaging Gateway",2021-11-03,Unknown,2026-09-26,0.35911,0.98421,,,
952,CVE-2021-39935,"GitLab","Community and Enterprise Editions",2026-02-03,Unknown,2026-09-26,0.35649,0.9841,,,
953,CVE-2018-17480,"Google","Chromium V8",2022-06-08,Unknown,2026-09-26,0.3564,0.9841,,,
954,CVE-2022-22960,"VMware","Multiple Products",2022-04-15,Unknown,2026-09-26,0.35519,0.98404,,,
955,CVE-2020-13671,"Drupal","Drupal core",2022-01-18,Unknown,2026-09-26,0.3535,0.98398,,,
956,CVE-2026-20316,"Cisco","Secure Firewall Management Center (FMC)",2026-07-29,Unknown,2026-09-26,0.35096,0.9839,,,
957,CVE-2015-1770,"Microsoft","Office",2022-03-28,Unknown,2026-09-26,0.34995,0.98386,,,
958,CVE-2021-37975,"Google","Chromium V8",2021-11-03,Unknown,2026-09-26,0.34887,0.98384,,,
959,CVE-2015-2387,"Microsoft","ATM Font Driver",2022-03-03,Unknown,2026-09-26,0.34878,0.98383,,,
960,CVE-2013-5065,"Microsoft","Windows",2022-03-03,Unknown,2026-09-26,0.34651,0.98372,,,
961,CVE-2017-6884,"Zyxel","EMG2926 Routers",2023-09-18,Known,2026-09-26,0.34367,0.98363,,,
962,CVE-2016-5198,"Google","Chromium V8",2022-06-08,Unknown,2026-09-26,0.34164,0.98354,,,
963,CVE-2020-2509,"QNAP","QNAP Network-Attached Storage (NAS)",2022-04-11,Unknown,2026-09-26,0.33987,0.98348,,,
964,CVE-2008-4128,"Cisco","IOS",2026-07-13,Unknown,2026-09-26,0.33871,0.98343,,,
965,CVE-2022-40799,"D-Link","DNR-322L",2025-08-05,Unknown,2026-09-26,0.3365,0.98335,,,
966,CVE-2018-13383,"Fortinet","FortiOS and FortiProxy",2022-01-10,Known,2026-09-26,0.33647,0.98335,,,
967,CVE-2015-0071,"Microsoft","Internet Explorer",2022-05-25,Unknown,2026-09-26,0.33581,0.98332,,,
968,CVE-2025-9377,"TP-Link","Multiple Routers",2025-09-03,Unknown,2026-09-26,0.33524,0.9833,,,
969,CVE-2016-4655,"Apple","iOS",2022-05-24,Unknown,2026-09-26,0.33353,0.98322,,,
970,CVE-2016-3298,"Microsoft","Internet Explorer",2022-05-24,Unknown,2026-09-26,0.33332,0.9832,,,
971,CVE-2021-30633,"Google","Chromium Indexed DB API",2021-11-03,Unknown,2026-09-26,0.3318,0.98315,,,
972,CVE-2025-21042,"Samsung","Mobile Devices",2025-11-10,Unknown,2026-09-26,0.3317,0.98315,,,
973,CVE-2020-8195,"Citrix","Application Delivery Controller (ADC), Gateway, and SD-WAN WANOP Appliance",2021-11-03,Unknown,2026-09-26,0.33029,0.98309,,,
974,CVE-2020-35730,"Roundcube","Roundcube Webmail",2023-06-22,Unknown,2026-09-26,0.32688,0.98291,,,
975,CVE-2025-20393,"Cisco","Multiple Products",2025-12-17,Unknown,2026-09-26,0.32392,0.98279,,,
976,CVE-2013-0641,"Adobe","Reader",2022-03-03,Unknown,2026-09-26,0.32346,0.98274,,,
977,CVE-2024-57968,"Advantive","VeraCore",2025-03-10,Unknown,2026-09-26,0.32284,0.98271,,,
978,CVE-2020-8218,"Pulse Secure","Pulse Connect Secure",2022-03-07,Unknown,2026-09-26,0.3225,0.9827,,,
979,CVE-2023-3079,"Google","Chromium V8",2023-06-07,Unknown,2026-09-26,0.3211,0.98262,,,
980,CVE-2017-5070,"Google","Chromium V8",2022-06-08,Unknown,2026-09-26,0.32071,0.98259,,,
981,CVE-2022-4135,"Google","Chromium GPU",2022-11-28,Unknown,2026-09-26,0.31864,0.98248,,,
982,CVE-2026-20133,"Cisco","Catalyst SD-WAN Manager",2026-04-20,Unknown,2026-09-26,0.31829,0.98246,,,
983,CVE-2026-0300,"Palo Alto Networks","PAN-OS",2026-05-06,Unknown,2026-09-26,0.31725,0.98241,,,
984,CVE-2011-2005,"Microsoft","Ancillary Function Driver (afd.sys)",2022-03-28,Unknown,2026-09-26,0.31534,0.98231,,,
985,CVE-2025-0994,"Trimble","Cityworks",2025-02-07,Unknown,2026-09-26,0.31309,0.98221,,,
986,CVE-2016-4523,"Trihedral","VTScada (formerly VTS)",2022-04-15,Unknown,2026-09-26,0.31167,0.98215,,,
987,CVE-2022-24682,"Synacor","Zimbra Collaborate Suite (ZCS)",2022-02-25,Known,2026-09-26,0.30931,0.98203,,,
988,CVE-2026-56290,"Joomlack","Page Builder",2026-07-07,Unknown,2026-09-26,0.30866,0.98196,,,
989,CVE-2020-0968,"Microsoft","Internet Explorer",2021-11-03,Unknown,2026-09-26,0.30676,0.98189,,,
990,CVE-2025-26633,"Microsoft","Windows",2025-03-11,Known,2026-09-26,0.30391,0.98176,,,
991,CVE-2021-27852,"Checkbox","Checkbox Survey",2022-04-11,Unknown,2026-09-26,0.30258,0.98167,,,
992,CVE-2021-20028,"SonicWall","Secure Remote Access (SRA)",2022-03-28,Known,2026-09-26,0.30084,0.98159,,,
993,CVE-2019-3568,"Meta Platforms","WhatsApp",2022-04-19,Unknown,2026-09-26,0.30076,0.98157,,,
994,CVE-2019-13608,"Citrix","StoreFront Server",2021-11-03,Known,2026-09-26,0.30041,0.98154,,,
995,CVE-2019-1405,"Microsoft","Windows",2022-03-15,Known,2026-09-26,0.2995,0.98151,,,
996,CVE-2025-32756,"Fortinet","Multiple Products",2025-05-14,Unknown,2026-09-26,0.29812,0.98144,,,
997,CVE-2018-6882,"Synacor","Zimbra Collaboration Suite (ZCS)",2022-04-19,Known,2026-09-26,0.29761,0.98142,,,
998,CVE-2017-0222,"Microsoft","Internet Explorer",2022-02-25,Unknown,2026-09-26,0.29645,0.98136,,,
999,CVE-2018-8653,"Microsoft","Internet Explorer",2021-11-03,Unknown,2026-09-26,0.29606,0.98133,,,
1000,CVE-2025-68686,"Fortinet","FortiOS",2026-07-27,Unknown,2026-09-26,0.29601,0.98132,,,
1001,CVE-2026-20963,"Microsoft","SharePoint",2026-03-18,Unknown,2026-09-26,0.29582,0.98132,,,
1002,CVE-2018-20753,"Kaseya","Virtual System/Server Administrator (VSA)",2022-04-13,Known,2026-09-26,0.29336,0.98119,,,
1003,CVE-2023-2533,"PaperCut","NG/MF",2025-07-28,Unknown,2026-09-26,0.29246,0.98115,,,
1004,CVE-2017-0149,"Microsoft","Internet Explorer",2022-05-24,Unknown,2026-09-26,0.29178,0.98112,,,
1005,CVE-2014-3931,"Looking Glass","Multi-Router Looking Glass (MRLG)",2025-07-07,Unknown,2026-09-26,0.28978,0.98101,,,
1006,CVE-2018-2380,"SAP","Customer Relationship Management (CRM)",2021-11-03,Known,2026-09-26,0.28934,0.98098,,,
1007,CVE-2021-30807,"Apple","Multiple Products",2021-11-03,Unknown,2026-09-26,0.28839,0.98093,,,
1008,CVE-2023-33010,"Zyxel","Multiple Firewalls",2023-06-05,Unknown,2026-09-26,0.28813,0.9809,,,
1009,CVE-2018-19953,"QNAP","Network Attached Storage (NAS)",2022-05-24,Known,2026-09-26,0.28771,0.98087,,,
1010,CVE-2010-0232,"Microsoft","Windows",2022-03-03,Unknown,2026-09-26,0.28735,0.98083,,,
1011,CVE-2026-9198,"IBM","Langflow",2026-08-04,Unknown,2026-09-26,0.28658,0.9808,,,
1012,CVE-2024-38193,"Microsoft","Windows",2024-08-13,Unknown,2026-09-26,0.28529,0.98072,,,
1013,CVE-2018-19949,"QNAP","Network Attached Storage (NAS)",2022-05-24,Known,2026-09-26,0.28421,0.98066,,,
1014,CVE-2024-3393,"Palo Alto Networks","PAN-OS",2024-12-30,Unknown,2026-09-26,0.28408,0.98065,,,
1015,CVE-2024-11120,"GeoVision","Multiple Devices",2025-05-07,Unknown,2026-09-26,0.28386,0.98064,,,
1016,CVE-2020-3153,"Cisco","AnyConnect Secure",2022-10-24,Known,2026-09-26,0.28307,0.98059,,,
1017,CVE-2022-37969,"Microsoft","Windows",2022-09-14,Unknown,2026-09-26,0.28275,0.98058,,,
1018,CVE-2026-76461,"Cisco","Secure Email Gateway",2026-09-14,Unknown,2026-09-26,0.28269,0.98058,,,
1019,CVE-2026-20262,"Cisco","Catalyst SD-WAN Manager",2026-06-15,Unknown,2026-09-26,0.28171,0.98051,,,
1020,CVE-2019-19356,"Netis","WF2419 Devices",2021-11-03,Unknown,2026-09-26,0.28168,0.9805,,,
1021,CVE-2023-33009,"Zyxel","Multiple Firewalls",2023-06-05,Unknown,2026-09-26,0.28144,0.98049,,,
1022,CVE-2024-1086,"Linux","Kernel",2024-05-30,Known,2026-09-26,0.28058,0.98046,,,
1023,CVE-2023-36802,"Microsoft","Streaming Service Proxy",2023-09-12,Unknown,2026-09-26,0.27909,0.98037,,,
1024,CVE-2024-21351,"Microsoft","Windows",2024-02-13,Unknown,2026-09-26,0.27798,0.9803,,,
1025,CVE-2025-27363,"FreeType","FreeType",2025-05-06,Unknown,2026-09-26,0.27775,0.98029,,,
1026,CVE-2018-8581,"Microsoft","Exchange Server",2022-03-03,Known,2026-09-26,0.27355,0.97997,,,
1027,CVE-2023-28205,"Apple","Multiple Products",2023-04-10,Unknown,2026-09-26,0.27076,0.97984,,,
1028,CVE-2018-4063,"Sierra Wireless","AirLink ALEOS",2025-12-12,Unknown,2026-09-26,0.27059,0.97981,,,
1029,CVE-2024-4978,"Justice AV Solutions","Viewer ",2024-05-29,Unknown,2026-09-26,0.26937,0.97974,,,
1030,CVE-2020-5135,"SonicWall","SonicOS",2022-03-15,Unknown,2026-09-26,0.26869,0.9797,,,
1031,CVE-2025-68461,"Roundcube","Webmail",2026-02-20,Unknown,2026-09-26,0.26842,0.97968,,,
1032,CVE-2025-30397,"Microsoft","Windows",2025-05-13,Unknown,2026-09-26,0.26835,0.97968,,,
1033,CVE-2024-37085,"VMware","ESXi",2024-07-30,Known,2026-09-26,0.2677,0.97964,,,
1034,CVE-2025-14733,"WatchGuard","Firebox",2025-12-19,Unknown,2026-09-26,0.2651,0.97947,,,
1035,CVE-2014-2817,"Microsoft","Internet Explorer",2022-05-25,Unknown,2026-09-26,0.26349,0.97939,,,
1036,CVE-2020-8196,"Citrix","Application Delivery Controller (ADC), Gateway, and SD-WAN WANOP Appliance",2021-11-03,Unknown,2026-09-26,0.26333,0.97939,,,
1037,CVE-2016-3351,"Microsoft","Internet Explorer and Edge",2022-05-24,Known,2026-09-26,0.26286,0.97936,,,
1038,CVE-2024-49138,"Microsoft","Windows",2024-12-10,Unknown,2026-09-26,0.26215,0.97933,,,
1039,CVE-2021-22506,"Micro Focus","Micro Focus Access Manager",2021-11-03,Unknown,2026-09-26,0.25695,0.97898,,,
1040,CVE-2015-2590,"Oracle","Java SE",2022-03-03,Unknown,2026-09-26,0.25469,0.97884,,,
1041,CVE-2023-20269,"Cisco","Adaptive Security Appliance and Firepower Threat Defense",2023-09-13,Known,2026-09-26,0.25453,0.97882,,,
1042,CVE-2026-20245,"Cisco","Catalyst SD-WAN Manager",2026-06-09,Unknown,2026-09-26,0.25323,0.97874,,,
1043,CVE-2016-7855,"Adobe","Flash Player",2022-03-03,Unknown,2026-09-26,0.25198,0.97867,,,
1044,CVE-2022-0185,"Linux","Kernel",2024-08-21,Unknown,2026-09-26,0.25151,0.97865,,,
1045,CVE-2019-18187,"Trend Micro","OfficeScan",2021-11-03,Unknown,2026-09-26,0.25125,0.97862,,,
1046,CVE-2018-5002,"Adobe","Flash Player",2022-05-23,Unknown,2026-09-26,0.25059,0.97854,,,
1047,CVE-2024-35250,"Microsoft","Windows",2024-12-16,Unknown,2026-09-26,0.25033,0.9785,,,
1048,CVE-2026-20122,"Cisco","Catalyst SD-WAN Manger",2026-04-20,Unknown,2026-09-26,0.24978,0.97846,,,
1049,CVE-2014-0502,"Adobe","Flash Player",2024-09-17,Unknown,2026-09-26,0.24817,0.97834,,,
1050,CVE-2026-33017,"Langflow","Langflow",2026-03-25,Unknown,2026-09-26,0.24755,0.97829,,,
1051,CVE-2022-3038,"Google","Chromium Network Service",2023-03-30,Unknown,2026-09-26,0.24738,0.97827,,,
1052,CVE-2022-41128,"Microsoft","Windows",2022-11-08,Unknown,2026-09-26,0.24623,0.97815,,,
1053,CVE-2016-0040,"Microsoft","Windows",2022-03-28,Unknown,2026-09-26,0.24467,0.97804,,,
1054,CVE-2023-41993,"Apple","Multiple Products",2023-09-25,Unknown,2026-09-26,0.24349,0.97793,,,
1055,CVE-2025-4632,"Samsung","MagicINFO 9 Server",2025-05-22,Unknown,2026-09-26,0.24295,0.97789,,,
1056,CVE-2016-9563,"SAP","NetWeaver",2021-11-03,Unknown,2026-09-26,0.24226,0.97783,,,
1057,CVE-2026-21510,"Microsoft","Windows",2026-02-10,Unknown,2026-09-26,0.24226,0.97782,,,
1058,CVE-2022-1096,"Google","Chromium V8",2022-03-28,Unknown,2026-09-26,0.24205,0.97781,,,
1059,CVE-2020-1380,"Microsoft","Internet Explorer",2021-11-03,Unknown,2026-09-26,0.24188,0.9778,,,
1060,CVE-2021-21166,"Google","Chromium",2021-11-03,Unknown,2026-09-26,0.24027,0.97768,,,
1061,CVE-2026-60004,"Gitea","Gitea",2026-08-25,Unknown,2026-09-26,0.23988,0.97765,,,
1062,CVE-2023-32439,"Apple","Multiple Products",2023-06-23,Unknown,2026-09-26,0.23968,0.97764,,,
1063,CVE-2021-27878,"Veritas","Backup Exec Agent",2023-04-07,Known,2026-09-26,0.23952,0.97762,,,
1064,CVE-2021-3560,"Red Hat","Polkit",2023-05-12,Unknown,2026-09-26,0.23708,0.97745,,,
1065,CVE-2024-27443,"Synacor","Zimbra Collaboration Suite (ZCS)",2025-05-19,Unknown,2026-09-26,0.23632,0.97735,,,
1066,CVE-2016-4656,"Apple","iOS",2022-05-24,Unknown,2026-09-26,0.23626,0.97735,,,
1067,CVE-2025-23006,"SonicWall","SMA1000 Appliances",2025-01-24,Known,2026-09-26,0.23432,0.97719,,,
1068,CVE-2021-36948,"Microsoft","Windows",2021-11-03,Unknown,2026-09-26,0.2327,0.97706,,,
1069,CVE-2023-28206,"Apple","iOS, iPadOS, and macOS",2023-04-10,Unknown,2026-09-26,0.23215,0.97701,,,
1070,CVE-2024-9680,"Mozilla","Firefox",2024-10-15,Known,2026-09-26,0.23184,0.97698,,,
1071,CVE-2015-5317,"Jenkins","Jenkins User Interface (UI)",2023-05-12,Unknown,2026-09-26,0.23003,0.97683,,,
1072,CVE-2023-32435,"Apple","Multiple Products",2023-06-23,Unknown,2026-09-26,0.22951,0.97679,,,
1073,CVE-2022-0609,"Google","Chromium Animation",2022-02-15,Unknown,2026-09-26,0.22933,0.97677,,,
1074,CVE-2021-22899,"Ivanti","Pulse Connect Secure",2021-11-03,Unknown,2026-09-26,0.22915,0.97675,,,
1075,CVE-2024-44309,"Apple","Multiple Products",2024-11-21,Unknown,2026-09-26,0.2259,0.97645,,,
1076,CVE-2016-6367,"Cisco","Adaptive Security Appliance (ASA)",2022-05-24,Unknown,2026-09-26,0.22583,0.97644,,,
1077,CVE-2014-0196,"Linux","Kernel",2023-05-12,Unknown,2026-09-26,0.22475,0.97632,,,
1078,CVE-2024-37079,"Broadcom","VMware vCenter Server",2026-01-23,Unknown,2026-09-26,0.22377,0.97619,,,
1079,CVE-2017-0210,"Microsoft","Internet Explorer",2022-05-24,Unknown,2026-09-26,0.22334,0.97615,,,
1080,CVE-2014-0546,"Adobe","Reader and Acrobat",2022-05-25,Unknown,2026-09-26,0.2233,0.97614,,,
1081,CVE-2025-14174,"Google","Chromium",2025-12-12,Unknown,2026-09-26,0.22327,0.97614,,,
1082,CVE-2016-1019,"Adobe","Flash Player",2022-03-03,Known,2026-09-26,0.22316,0.97613,,,
1083,CVE-2021-31956,"Microsoft","Windows",2021-11-03,Unknown,2026-09-26,0.22273,0.97608,,,
1084,CVE-2018-8639,"Microsoft","Windows",2025-03-03,Known,2026-09-26,0.22179,0.976,,,
1085,CVE-2025-54948,"Trend Micro","Apex One",2025-08-18,Unknown,2026-09-26,0.2204,0.97591,,,
1086,CVE-2016-0162,"Microsoft","Internet Explorer",2022-05-24,Unknown,2026-09-26,0.22012,0.97588,,,
1087,CVE-2020-27930,"Apple","Multiple Products",2021-11-03,Unknown,2026-09-26,0.22009,0.97588,,,
1088,CVE-2025-43300,"Apple","iOS, iPadOS, and macOS",2025-08-21,Unknown,2026-09-26,0.21994,0.97587,,,
1089,CVE-2021-34484,"Microsoft","Windows",2022-03-31,Unknown,2026-09-26,0.21827,0.97567,,,
1090,CVE-2019-1297,"Microsoft","Excel",2022-03-03,Unknown,2026-09-26,0.21805,0.97565,,,
1091,CVE-2025-23209,"Craft CMS","Craft CMS",2025-02-20,Unknown,2026-09-26,0.21776,0.97564,,,
1092,CVE-2019-0903,"Microsoft","Graphics Device Interface (GDI)",2022-03-25,Unknown,2026-09-26,0.21713,0.97559,,,
1093,CVE-2023-29360,"Microsoft","Streaming Service",2024-02-29,Unknown,2026-09-26,0.2162,0.97551,,,
1094,CVE-2024-40891,"Zyxel","DSL CPE Devices",2025-02-11,Unknown,2026-09-26,0.21536,0.97544,,,
1095,CVE-2018-19943,"QNAP","Network Attached Storage (NAS)",2022-05-24,Known,2026-09-26,0.21476,0.97539,,,
1096,CVE-2017-6742,"Cisco","IOS and IOS XE Software",2023-04-19,Unknown,2026-09-26,0.21424,0.97533,,,
1097,CVE-2020-9377,"D-Link","DIR-610 Devices",2022-03-25,Unknown,2026-09-26,0.21338,0.97526,,,
1098,CVE-2009-1862,"Adobe","Acrobat and Reader, Flash Player",2022-06-08,Unknown,2026-09-26,0.21198,0.97513,,,
1099,CVE-2012-5054,"Adobe","Flash Player",2022-06-08,Unknown,2026-09-26,0.21194,0.97512,,,
1100,CVE-2024-7971,"Google","Chromium V8",2024-08-26,Unknown,2026-09-26,0.21103,0.97504,,,
1101,CVE-2012-1854,"Microsoft","Visual Basic for Applications (VBA)",2026-04-13,Unknown,2026-09-26,0.21028,0.97496,,,
1102,CVE-2014-9163,"Adobe","Flash Player",2022-04-13,Unknown,2026-09-26,0.20724,0.97459,,,
1103,CVE-2023-36563,"Microsoft","WordPad",2023-10-10,Unknown,2026-09-26,0.20719,0.97459,,,
1104,CVE-2024-40890,"Zyxel","DSL CPE Devices",2025-02-11,Unknown,2026-09-26,0.20703,0.97457,,,
1105,CVE-2020-24363,"TP-Link","TL-WA855RE",2025-09-02,Unknown,2026-09-26,0.20689,0.97454,,,
1106,CVE-2016-3309,"Microsoft","Windows",2022-03-15,Known,2026-09-26,0.20467,0.97426,,,
1107,CVE-2014-8439,"Adobe","Flash Player",2022-05-25,Unknown,2026-09-26,0.20369,0.97405,,,
1108,CVE-2026-48939,"iCagenda","iCagenda",2026-07-10,Unknown,2026-09-26,0.20069,0.97364,,,
1109,CVE-2016-4171,"Adobe","Flash Player",2022-03-25,Unknown,2026-09-26,0.20055,0.97362,,,
1110,CVE-2021-21148,"Google","Chromium V8",2021-11-03,Unknown,2026-09-26,0.19968,0.97353,,,
1111,CVE-2021-37976,"Google","Chromium",2021-11-03,Unknown,2026-09-26,0.19901,0.97342,,,
1112,CVE-2026-93616,"Check Point","Multiple Products",2026-09-22,Unknown,2026-09-26,0.19654,0.97308,,,
1113,CVE-2025-7775,"Citrix","NetScaler",2025-08-26,Unknown,2026-09-26,0.19631,0.97302,,,
1114,CVE-2023-36761,"Microsoft","Word",2023-09-12,Unknown,2026-09-26,0.1957,0.97297,,,
1115,CVE-2025-66376,"Synacor","Zimbra Collaboration Suite (ZCS)",2026-03-18,Unknown,2026-09-26,0.19559,0.97296,,,
1116,CVE-2022-26871,"Trend Micro","Apex Central",2022-03-31,Unknown,2026-09-26,0.19481,0.97287,,,
1117,CVE-2021-41379,"Microsoft","Windows",2022-03-03,Known,2026-09-26,0.19452,0.97284,,,
1118,CVE-2024-20359,"Cisco","Adaptive Security Appliance (ASA) and Firepower Threat Defense (FTD)",2024-04-24,Unknown,2026-09-26,0.19434,0.97279,,,
1119,CVE-2016-1010,"Adobe","Flash Player and AIR",2022-05-25,Unknown,2026-09-26,0.19333,0.97259,,,
1120,CVE-2025-67038,"Lantronix","EDS5000",2026-06-23,Unknown,2026-09-26,0.1926,0.9725,,,
1121,CVE-2019-1215,"Microsoft","Windows",2021-11-03,Known,2026-09-26,0.19254,0.97249,,,
1122,CVE-2016-7836,"SKYSEA","Client View",2025-10-14,Unknown,2026-09-26,0.1923,0.97246,,,
1123,CVE-2019-1322,"Microsoft","Windows",2022-03-15,Known,2026-09-26,0.19205,0.97244,,,
1124,CVE-2023-7101,"Spreadsheet::ParseExcel","Spreadsheet::ParseExcel",2024-01-02,Unknown,2026-09-26,0.19106,0.97232,,,
1125,CVE-2026-72898,"Metabase","Metabase",2026-08-11,Unknown,2026-09-26,0.19048,0.9722,,,
1126,CVE-2026-9586,"Sangoma","Switchvox",2026-09-02,Unknown,2026-09-26,0.18979,0.97211,,,
1127,CVE-2023-37450,"Apple","Multiple Products",2023-07-13,Unknown,2026-09-26,0.1895,0.9721,,,
1128,CVE-2015-5123,"Adobe","Flash Player",2022-04-13,Unknown,2026-09-26,0.1883,0.97193,,,
1129,CVE-2016-7892,"Adobe","Flash Player",2022-03-25,Unknown,2026-09-26,0.18786,0.9719,,,
1130,CVE-2014-2120,"Cisco","Adaptive Security Appliance (ASA)",2024-11-12,Unknown,2026-09-26,0.18772,0.97188,,,
1131,CVE-2022-22047,"Microsoft","Windows",2022-07-12,Unknown,2026-09-26,0.18765,0.97186,,,
1132,CVE-2025-31200,"Apple","Multiple Products",2025-04-17,Unknown,2026-09-26,0.18751,0.97184,,,
1133,CVE-2020-11899,"Treck TCP/IP stack","IPv6",2022-03-03,Unknown,2026-09-26,0.18564,0.97164,,,
1134,CVE-2024-7965,"Google","Chromium V8",2024-08-28,Unknown,2026-09-26,0.18528,0.97159,,,
1135,CVE-2022-22718,"Microsoft","Windows",2022-04-19,Unknown,2026-09-26,0.18464,0.97151,,,
1136,CVE-2019-5591,"Fortinet","FortiOS",2021-11-03,Unknown,2026-09-26,0.18422,0.97146,,,
1137,CVE-2018-8440,"Microsoft","Windows",2022-03-28,Known,2026-09-26,0.18386,0.97139,,,
1138,CVE-2024-40766,"SonicWall","SonicOS",2024-09-09,Known,2026-09-26,0.18379,0.97137,,,
1139,CVE-2018-0147,"Cisco","Secure Access Control System (ACS)",2022-03-25,Unknown,2026-09-26,0.18212,0.97119,,,
1140,CVE-2026-87902,"WordPress","Core",2026-09-25,Unknown,2026-09-26,0.18166,0.97111,,,
1141,CVE-2017-0022,"Microsoft","XML Core Services",2022-05-24,Unknown,2026-09-26,0.18069,0.97101,,,
1142,CVE-2010-4345,"Exim","Exim",2022-03-25,Unknown,2026-09-26,0.17965,0.97089,,,
1143,CVE-2023-42916,"Apple","Multiple Products",2023-12-04,Unknown,2026-09-26,0.17823,0.97072,,,
1144,CVE-2010-5326,"SAP","NetWeaver",2021-11-03,Unknown,2026-09-26,0.1777,0.97067,,,
1145,CVE-2026-22719,"Broadcom","VMware Aria Operations",2026-03-03,Unknown,2026-09-26,0.17713,0.97061,,,
1146,CVE-2024-11182,"MDaemon","Email Server",2025-05-19,Unknown,2026-09-26,0.17705,0.9706,,,
1147,CVE-2022-27926,"Synacor","Zimbra Collaboration Suite (ZCS)",2023-04-03,Unknown,2026-09-26,0.17634,0.97052,,,
1148,CVE-2019-8605,"Apple","Multiple Products",2022-06-27,Unknown,2026-09-26,0.17609,0.9705,,,
1149,CVE-2021-44207,"Acclaim Systems","USAHERDS",2024-12-23,Unknown,2026-09-26,0.17578,0.97044,,,
1150,CVE-2026-55040,"Microsoft","SharePoint",2026-08-18,Unknown,2026-09-26,0.17535,0.97039,,,
1151,CVE-2025-24085,"Apple","Multiple Products",2025-01-29,Unknown,2026-09-26,0.1751,0.97037,,,
1152,CVE-2024-38813,"VMware","vCenter Server",2024-11-20,Unknown,2026-09-26,0.17355,0.97018,,,
1153,CVE-2020-4006,"VMware","Multiple Products",2021-11-03,Unknown,2026-09-26,0.17302,0.97009,,,
1154,CVE-2023-26359,"Adobe","ColdFusion",2023-08-21,Unknown,2026-09-26,0.16988,0.96967,,,
1155,CVE-2022-26904,"Microsoft","Windows",2022-04-25,Unknown,2026-09-26,0.16948,0.96962,,,
1156,CVE-2023-36036,"Microsoft","Windows",2023-11-14,Unknown,2026-09-26,0.1667,0.96922,,,
1157,CVE-2021-30533,"Google","Chromium PopupBlocker",2022-06-27,Unknown,2026-09-26,0.16611,0.96913,,,
1158,CVE-2023-32409,"Apple","Multiple Products",2023-05-22,Unknown,2026-09-26,0.1653,0.96901,,,
1159,CVE-2020-27950,"Apple","Multiple Products",2021-11-03,Unknown,2026-09-26,0.1652,0.96894,,,
1160,CVE-2021-20022,"SonicWall","SonicWall Email Security",2021-11-03,Known,2026-09-26,0.16509,0.96892,,,
1161,CVE-2023-6345,"Google","Chromium Skia",2023-11-30,Unknown,2026-09-26,0.16468,0.96884,,,
1162,CVE-2022-22620,"Apple","iOS, iPadOS, and macOS",2022-02-11,Unknown,2026-09-26,0.16342,0.96857,,,
1163,CVE-2026-48907,"Widget Factory","Joomla Content Editor ",2026-06-16,Unknown,2026-09-26,0.1619,0.9683,,,
1164,CVE-2019-8506,"Apple","Multiple Products",2022-05-04,Unknown,2026-09-26,0.16159,0.96824,,,
1165,CVE-2022-4262,"Google","Chromium V8",2022-12-05,Unknown,2026-09-26,0.15983,0.9679,,,
1166,CVE-2019-7286,"Apple","Multiple Products",2022-05-23,Unknown,2026-09-26,0.15939,0.96785,,,
1167,CVE-2020-0986,"Microsoft","Windows",2021-11-03,Unknown,2026-09-26,0.15932,0.96784,,,
1168,CVE-2026-58644,"Microsoft","SharePoint",2026-07-16,Unknown,2026-09-26,0.15873,0.96773,,,
1169,CVE-2024-20481,"Cisco","Adaptive Security Appliance (ASA) and Firepower Threat Defense (FTD)",2024-10-24,Unknown,2026-09-26,0.1575,0.96754,,,
1170,CVE-2026-9082,"Drupal","Core",2026-05-22,Unknown,2026-09-26,0.15701,0.96745,,,
1171,CVE-2026-21513,"Microsoft","Windows",2026-02-10,Unknown,2026-09-26,0.15642,0.96734,,,
1172,CVE-2023-50224,"TP-Link","TL-WR841N",2025-09-03,Unknown,2026-09-26,0.15558,0.96719,,,
1173,CVE-2023-35311,"Microsoft","Outlook",2023-07-11,Unknown,2026-09-26,0.15522,0.96697,,,
1174,CVE-2026-34197,"Apache","ActiveMQ",2026-04-16,Unknown,2026-09-26,0.15492,0.96692,,,
1175,CVE-2024-4947,"Google","Chromium V8",2024-05-20,Unknown,2026-09-26,0.15236,0.96649,,,
1176,CVE-2026-34908,"Ubiquiti","UniFi OS",2026-06-23,Unknown,2026-09-26,0.15207,0.96641,,,
1177,CVE-2015-0310,"Adobe","Flash Player",2022-05-25,Unknown,2026-09-26,0.15097,0.96622,,,
1178,CVE-2022-38028,"Microsoft","Windows",2024-04-23,Unknown,2026-09-26,0.14949,0.96597,,,
1179,CVE-2022-20708,"Cisco","Small Business RV160, RV260, RV340, and RV345 Series Routers",2022-03-03,Unknown,2026-09-26,0.14863,0.96585,,,
1180,CVE-2026-56291,"Balbooa","Forms",2026-07-10,Unknown,2026-09-26,0.14854,0.96583,,,
1181,CVE-2015-2360,"Microsoft","Win32k",2022-05-25,Unknown,2026-09-26,0.1484,0.96581,,,
1182,CVE-2020-3837,"Apple","Multiple Products",2022-06-27,Unknown,2026-09-26,0.14722,0.96561,,,
1183,CVE-2021-30883,"Apple","Multiple Products",2022-05-23,Unknown,2026-09-26,0.14721,0.9656,,,
1184,CVE-2018-14634,"Linux","Kernel",2026-01-26,Unknown,2026-09-26,0.14689,0.96554,,,
1185,CVE-2020-10181,"Sumavision","Enhanced Multimedia Router (EMR)",2021-11-03,Unknown,2026-09-26,0.14666,0.96547,,,
1186,CVE-2024-8069,"Citrix","Session Recording",2025-08-25,Unknown,2026-09-26,0.14643,0.96543,,,
1187,CVE-2026-18577,"N-able","N-central",2026-08-03,Unknown,2026-09-26,0.14622,0.96539,,,
1188,CVE-2010-3904,"Linux","Kernel",2023-05-12,Unknown,2026-09-26,0.14468,0.96513,,,
1189,CVE-2019-7193,"QNAP","QTS",2022-06-08,Known,2026-09-26,0.14367,0.96499,,,
1190,CVE-2023-28204,"Apple","Multiple Products",2023-05-22,Unknown,2026-09-26,0.14292,0.96482,,,
1191,CVE-2022-26485,"Mozilla","Firefox",2022-03-07,Unknown,2026-09-26,0.14261,0.96477,,,
1192,CVE-2018-0151,"Cisco","IOS and IOS XE Software",2022-03-03,Unknown,2026-09-26,0.14197,0.96462,,,
1193,CVE-2024-49039,"Microsoft","Windows",2024-11-12,Known,2026-09-26,0.14179,0.9646,,,
1194,CVE-2021-22900,"Ivanti","Pulse Connect Secure",2021-11-03,Unknown,2026-09-26,0.14146,0.96453,,,
1195,CVE-2026-82329,"JFrog","Artifactory",2026-09-02,Unknown,2026-09-26,0.14121,0.9645,,,
1196,CVE-2026-76460,"Cisco","Identity Services Engine",2026-09-16,Unknown,2026-09-26,0.14026,0.96434,,,
1197,CVE-2023-38180,"Microsoft",".NET Core and Visual Studio",2023-08-09,Unknown,2026-09-26,0.14016,0.96433,,,
1198,CVE-2021-1789,"Apple","Multiple Products",2022-05-04,Unknown,2026-09-26,0.13975,0.96425,,,
1199,CVE-2025-31201,"Apple","Multiple Products",2025-04-17,Unknown,2026-09-26,0.13973,0.96424,,,
1200,CVE-2025-29824,"Microsoft","Windows",2025-04-08,Known,2026-09-26,0.13904,0.96411,,,
1201,CVE-2025-42999,"SAP","NetWeaver",2025-05-15,Unknown,2026-09-26,0.13868,0.96403,,,
1202,CVE-2019-9875,"Sitecore","CMS and Experience Platform (XP)",2025-03-26,Unknown,2026-09-26,0.13795,0.96391,,,
1203,CVE-2017-12240,"Cisco","IOS and IOS XE Software",2022-03-03,Unknown,2026-09-26,0.13773,0.96387,,,
1204,CVE-2016-0165,"Microsoft","Win32k",2023-06-22,Unknown,2026-09-26,0.13732,0.96379,,,
1205,CVE-2022-1364,"Google","Chromium V8",2022-04-15,Unknown,2026-09-26,0.1372,0.96377,,,
1206,CVE-2024-12686,"BeyondTrust","Privileged Remote Access (PRA) and Remote Support (RS)",2025-01-13,Unknown,2026-09-26,0.137,0.96367,,,
1207,CVE-2024-38213,"Microsoft","Windows",2024-08-13,Unknown,2026-09-26,0.13626,0.96349,,,
1208,CVE-2015-4902,"Oracle","Java SE",2022-03-03,Unknown,2026-09-26,0.13603,0.9634,,,
1209,CVE-2022-38181,"Arm","Mali Graphics Processing Unit (GPU)",2023-03-30,Unknown,2026-09-26,0.13556,0.96328,,,
1210,CVE-2023-20867,"VMware","Tools",2023-06-23,Unknown,2026-09-26,0.1353,0.96323,,,
1211,CVE-2021-27876,"Veritas","Backup Exec Agent",2023-04-07,Known,2026-09-26,0.13518,0.9632,,,
1212,CVE-2019-3010,"Oracle","Solaris",2022-05-25,Unknown,2026-09-26,0.13399,0.96293,,,
1213,CVE-2023-41991,"Apple","Multiple Products",2023-09-25,Unknown,2026-09-26,0.1338,0.9629,,,
1214,CVE-2021-30858,"Apple","iOS, iPadOS, and macOS",2021-11-03,Unknown,2026-09-26,0.13379,0.96289,,,
1215,CVE-2026-22769,"Dell","RecoverPoint for Virtual Machines (RP4VMs)",2026-02-18,Unknown,2026-09-26,0.13345,0.96282,,,
1216,CVE-2022-22948,"VMware","vCenter Server",2024-07-17,Unknown,2026-09-26,0.13282,0.96262,,,
1217,CVE-2026-86218,"N-able","N-central",2026-09-08,Unknown,2026-09-26,0.12928,0.96181,,,
1218,CVE-2026-42271,"BerriAI","LiteLLM",2026-06-08,Unknown,2026-09-26,0.12754,0.9614,,,
1219,CVE-2025-6554,"Google","Chromium V8",2025-07-02,Unknown,2026-09-26,0.12564,0.96102,,,
1220,CVE-2024-21410,"Microsoft","Exchange Server",2024-02-15,Unknown,2026-09-26,0.12561,0.96102,,,
1221,CVE-2022-22675,"Apple","macOS",2022-04-04,Unknown,2026-09-26,0.12492,0.96087,,,
1222,CVE-2022-20775,"Cisco","SD-WAN",2026-02-25,Unknown,2026-09-26,0.12475,0.96082,,,
1223,CVE-2023-36424,"Microsoft","Windows",2026-04-13,Unknown,2026-09-26,0.12184,0.96026,,,
1224,CVE-2023-32373,"Apple","Multiple Products",2023-05-22,Unknown,2026-09-26,0.12172,0.96023,,,
1225,CVE-2021-28663,"Arm","Mali Graphics Processing Unit (GPU)",2021-11-03,Unknown,2026-09-26,0.12084,0.96009,,,
1226,CVE-2023-21715,"Microsoft","Office",2023-02-14,Unknown,2026-09-26,0.12011,0.95995,,,
1227,CVE-2023-36033,"Microsoft","Windows",2023-11-14,Unknown,2026-09-26,0.11977,0.95989,,,
1228,CVE-2017-11292,"Adobe","Flash Player",2022-03-03,Unknown,2026-09-26,0.11885,0.95965,,,
1229,CVE-2020-8599,"Trend Micro","Apex One and OfficeScan",2021-11-03,Unknown,2026-09-26,0.11858,0.95959,,,
1230,CVE-2026-15410,"SonicWall","SMA1000 Appliances",2026-07-14,Unknown,2026-09-26,0.11791,0.95944,,,
1231,CVE-2026-73570,"Synacor","Zimbra Collaboration Suite (ZCS)",2026-08-21,Unknown,2026-09-26,0.11736,0.95932,,,
1232,CVE-2021-37973,"Google","Chromium Portals",2021-11-03,Unknown,2026-09-26,0.11735,0.95932,,,
1233,CVE-2020-3118,"Cisco","IOS XR",2021-11-03,Unknown,2026-09-26,0.11685,0.95922,,,
1234,CVE-2022-22587,"Apple","iOS and macOS",2022-01-28,Unknown,2026-09-26,0.11638,0.95912,,,
1235,CVE-2019-1253,"Microsoft","Windows",2022-03-15,Known,2026-09-26,0.11616,0.95906,,,
1236,CVE-2022-20821,"Cisco","IOS XR",2022-05-23,Unknown,2026-09-26,0.11471,0.95875,,,
1237,CVE-2021-38648,"Microsoft","Open Management Infrastructure (OMI)",2021-11-03,Unknown,2026-09-26,0.11424,0.95863,,,
1238,CVE-2021-27103,"Accellion","FTA",2021-11-03,Known,2026-09-26,0.11406,0.95858,,,
1239,CVE-2025-48927,"TeleMessage","TM SGNL",2025-07-01,Unknown,2026-09-26,0.11104,0.95788,,,
1240,CVE-2017-6740,"Cisco","IOS and IOS XE Software",2022-03-03,Unknown,2026-09-26,0.111,0.95787,,,
1241,CVE-2013-0648,"Adobe","Flash Player",2024-09-17,Unknown,2026-09-26,0.11094,0.95785,,,
1242,CVE-2017-0005,"Microsoft","Windows",2022-05-24,Unknown,2026-09-26,0.11022,0.95765,,,
1243,CVE-2024-4761,"Google","Chromium V8",2024-05-16,Unknown,2026-09-26,0.11007,0.9576,,,
1244,CVE-2021-30762,"Apple","iOS",2021-11-03,Unknown,2026-09-26,0.10986,0.95756,,,
1245,CVE-2020-8467,"Trend Micro","Apex One and OfficeScan",2021-11-03,Unknown,2026-09-26,0.109,0.95729,,,
1246,CVE-2017-6738,"Cisco","IOS and IOS XE Software",2022-03-03,Unknown,2026-09-26,0.10855,0.95714,,,
1247,CVE-2017-6739,"Cisco","IOS and IOS XE Software",2022-03-03,Unknown,2026-09-26,0.10855,0.95714,,,
1248,CVE-2017-6743,"Cisco","IOS and IOS XE Software",2022-03-03,Unknown,2026-09-26,0.10855,0.95714,,,
1249,CVE-2023-23376,"Microsoft","Windows",2023-02-14,Known,2026-09-26,0.10853,0.95712,,,
1250,CVE-2022-23176,"WatchGuard","Firebox and XTM",2022-04-11,Unknown,2026-09-26,0.10805,0.957,,,
1251,CVE-2026-83549,"SonicWall","SMA1000 Appliances",2026-09-02,Unknown,2026-09-26,0.1076,0.95685,,,
1252,CVE-2022-26925,"Microsoft","Windows",2022-07-01,Unknown,2026-09-26,0.10721,0.95675,,,
1253,CVE-2017-1000253,"Linux","Kernel",2024-09-09,Known,2026-09-26,0.10695,0.95667,,,
1254,CVE-2022-41328,"Fortinet","FortiOS",2023-03-14,Unknown,2026-09-26,0.10682,0.95662,,,
1255,CVE-2020-15069,"Sophos","XG Firewall",2025-02-06,Unknown,2026-09-26,0.10674,0.95658,,,
1256,CVE-2022-41223,"Mitel","MiVoice Connect",2023-02-21,Known,2026-09-26,0.10657,0.95652,,,
1257,CVE-2024-23222,"Apple","Multiple Products",2024-01-23,Unknown,2026-09-26,0.10593,0.95635,,,
1258,CVE-2020-6572,"Google","Chrome Media",2022-01-10,Unknown,2026-09-26,0.10586,0.95633,,,
1259,CVE-2022-40765,"Mitel","MiVoice Connect",2023-02-21,Known,2026-09-26,0.10566,0.95629,,,
1260,CVE-2025-6543,"Citrix","NetScaler ADC and Gateway",2025-06-30,Unknown,2026-09-26,0.10562,0.95628,,,
1261,CVE-2021-30761,"Apple","iOS",2021-11-03,Unknown,2026-09-26,0.10545,0.95622,,,
1262,CVE-2013-0643,"Adobe","Flash Player",2024-09-17,Unknown,2026-09-26,0.10533,0.95618,,,
1263,CVE-2020-27932,"Apple","Multiple Products",2021-11-03,Unknown,2026-09-26,0.10337,0.95558,,,
1264,CVE-2021-43890,"Microsoft","Windows",2021-12-15,Known,2026-09-26,0.10295,0.95544,,,
1265,CVE-2022-2586,"Linux","Kernel",2024-06-26,Unknown,2026-09-26,0.10202,0.95517,,,
1266,CVE-2021-33771,"Microsoft","Windows",2021-11-03,Unknown,2026-09-26,0.10172,0.95509,,,
1267,CVE-2026-63030,"WordPress","Core",2026-07-21,Unknown,2026-09-26,0.10119,0.95493,,,
1268,CVE-2015-2546,"Microsoft","Win32k",2022-03-15,Known,2026-09-26,0.10107,0.9549,,,
1269,CVE-2024-44308,"Apple","Multiple Products",2024-11-21,Unknown,2026-09-26,0.10075,0.95478,,,
1270,CVE-2024-6047,"GeoVision","Multiple Devices",2025-05-07,Unknown,2026-09-26,0.10072,0.95478,,,
1271,CVE-2020-3433,"Cisco","AnyConnect Secure",2022-10-24,Known,2026-09-26,0.10049,0.95468,,,
1272,CVE-2023-32046,"Microsoft","Windows",2023-07-11,Unknown,2026-09-26,0.10049,0.95468,,,
1273,CVE-2017-0263,"Microsoft","Win32k",2022-02-10,Unknown,2026-09-26,0.10034,0.95465,,,
1274,CVE-2024-38217,"Microsoft","Windows",2024-09-10,Unknown,2026-09-26,0.10026,0.95463,,,
1275,CVE-2025-21333,"Microsoft","Windows",2025-01-14,Unknown,2026-09-26,0.09988,0.95451,,,
1276,CVE-2022-32893,"Apple","iOS and macOS",2022-08-18,Unknown,2026-09-26,0.09931,0.95434,,,
1277,CVE-2015-1130,"Apple","OS X",2022-02-10,Unknown,2026-09-26,0.09887,0.95416,,,
1278,CVE-2021-21193,"Google","Chromium Blink",2021-11-03,Unknown,2026-09-26,0.0987,0.95411,,,
1279,CVE-2026-64849,"MLflow","MLflow",2026-08-19,Unknown,2026-09-26,0.09839,0.954,,,
1280,CVE-2026-42018,"JFrog","Artifactory",2026-09-11,Unknown,2026-09-26,0.09805,0.95389,,,
1281,CVE-2019-1132,"Microsoft","Win32k",2022-03-15,Unknown,2026-09-26,0.09788,0.95382,,,
1282,CVE-2026-63077,"JetBrains","TeamCity",2026-08-05,Unknown,2026-09-26,0.09763,0.95371,,,
1283,CVE-2022-20701,"Cisco","Small Business RV160, RV260, RV340, and RV345 Series Routers",2022-03-03,Unknown,2026-09-26,0.09747,0.95366,,,
1284,CVE-2019-0703,"Microsoft","Windows",2022-05-23,Unknown,2026-09-26,0.0964,0.95328,,,
1285,CVE-2025-6558,"Google","Chromium",2025-07-22,Unknown,2026-09-26,0.09585,0.95313,,,
1286,CVE-2023-41992,"Apple","Multiple Products",2023-09-25,Unknown,2026-09-26,0.09515,0.95285,,,
1287,CVE-2023-23529,"Apple","Multiple Products",2023-02-14,Unknown,2026-09-26,0.09502,0.9528,,,
1288,CVE-2026-35273,"Oracle"," PeopleSoft Enterprise PeopleTools",2026-06-12,Known,2026-09-26,0.09444,0.95257,,,
1289,CVE-2021-21206,"Google","Chromium Blink",2021-11-03,Unknown,2026-09-26,0.09307,0.9521,,,
1290,CVE-2023-42917,"Apple","Multiple Products",2023-12-04,Unknown,2026-09-26,0.09295,0.95205,,,
1291,CVE-2021-34486,"Microsoft","Windows",2022-03-28,Unknown,2026-09-26,0.09253,0.95191,,,
1292,CVE-2025-2783,"Google","Chromium Mojo",2025-03-27,Unknown,2026-09-26,0.09238,0.95186,,,
1293,CVE-2022-20703,"Cisco","Small Business RV160, RV260, RV340, and RV345 Series Routers",2022-03-03,Unknown,2026-09-26,0.09203,0.9517,,,
1294,CVE-2026-35616,"Fortinet","FortiClient EMS",2026-04-06,Unknown,2026-09-26,0.09098,0.95137,,,
1295,CVE-2022-23748,"Audinate","Dante Discovery",2025-02-06,Unknown,2026-09-26,0.09092,0.95136,,,
1296,CVE-2015-2291,"Intel","Ethernet Diagnostics Driver for Windows",2023-02-10,Known,2026-09-26,0.09011,0.95104,,,
1297,CVE-2021-30563,"Google","Chromium V8",2021-11-03,Unknown,2026-09-26,0.08928,0.95067,,,
1298,CVE-2015-3246,"Red Hat","Libuser",2026-08-26,Unknown,2026-09-26,0.08799,0.95008,,,
1299,CVE-2022-0995,"Linux","Kernel",2026-08-26,Unknown,2026-09-26,0.08788,0.95003,,,
1300,CVE-2025-43529,"Apple","Multiple Products",2025-12-15,Unknown,2026-09-26,0.08763,0.94994,,,
1301,CVE-2026-83548,"SonicWall","SMA1000 Appliances",2026-09-02,Unknown,2026-09-26,0.08757,0.94988,,,
1302,CVE-2018-14558,"Tenda","AC7, AC9, and AC10 Routers",2021-11-03,Unknown,2026-09-26,0.08742,0.94982,,,
1303,CVE-2010-4398,"Microsoft","Windows",2022-03-28,Unknown,2026-09-26,0.08661,0.94942,,,
1304,CVE-2026-42016,"JFrog","Artifactory",2026-09-11,Unknown,2026-09-26,0.08643,0.94932,,,
1305,CVE-2018-0156,"Cisco","IOS Software and Cisco IOS XE Software",2022-03-03,Unknown,2026-09-26,0.08599,0.94905,,,
1306,CVE-2019-1388,"Microsoft","Windows",2023-04-07,Known,2026-09-26,0.08589,0.94899,,,
1307,CVE-2022-42856,"Apple","iOS",2022-12-14,Unknown,2026-09-26,0.08523,0.94864,,,
1308,CVE-2025-41244,"Broadcom","VMware Aria Operations and VMware Tools",2025-10-30,Unknown,2026-09-26,0.08438,0.94816,,,
1309,CVE-2024-4671,"Google","Chromium",2024-05-13,Unknown,2026-09-26,0.08348,0.9477,,,
1310,CVE-2021-28310,"Microsoft","Win32k",2021-11-03,Unknown,2026-09-26,0.0833,0.94763,,,
1311,CVE-2024-38189,"Microsoft","Project",2024-08-13,Unknown,2026-09-26,0.08194,0.94683,,,
1312,CVE-2019-0676,"Microsoft","Internet Explorer",2022-05-23,Unknown,2026-09-26,0.0811,0.94636,,,
1313,CVE-2019-11634,"Citrix","Workspace Application and Receiver for Windows",2021-11-03,Known,2026-09-26,0.08026,0.94583,,,
1314,CVE-2021-38646,"Microsoft","Office",2022-03-28,Known,2026-09-26,0.07987,0.94564,,,
1315,CVE-2022-3723,"Google","Chromium V8",2022-10-28,Unknown,2026-09-26,0.07921,0.94529,,,
1316,CVE-2023-28434,"MinIO","MinIO",2023-09-19,Unknown,2026-09-26,0.07917,0.94527,,,
1317,CVE-2026-18556,"N-able","N-central",2026-08-04,Unknown,2026-09-26,0.07882,0.94512,,,
1318,CVE-2023-0386,"Linux","Kernel",2025-06-17,Unknown,2026-09-26,0.0788,0.94511,,,
1319,CVE-2021-4102,"Google","Chromium V8",2021-12-15,Unknown,2026-09-26,0.07836,0.9448,,,
1320,CVE-2018-19323,"GIGABYTE","Multiple Products",2022-10-24,Known,2026-09-26,0.07828,0.94475,,,
1321,CVE-2012-1710,"Oracle","Fusion Middleware",2022-05-25,Known,2026-09-26,0.07826,0.94473,,,
1322,CVE-2025-5419,"Google","Chromium V8",2025-06-05,Unknown,2026-09-26,0.07821,0.94471,,,
1323,CVE-2018-0172,"Cisco","IOS and IOS XE Software",2022-03-03,Unknown,2026-09-26,0.0782,0.94471,,,
1324,CVE-2012-2034,"Adobe","Flash Player",2022-03-28,Unknown,2026-09-26,0.078,0.94461,,,
1325,CVE-2026-20128,"Cisco","Catalyst SD-WAN Manager",2026-04-20,Unknown,2026-09-26,0.07795,0.94459,,,
1326,CVE-2018-0155,"Cisco","Catalyst 4500 Series Switches and Cisco Catalyst 4500-X Series Switches",2022-03-03,Unknown,2026-09-26,0.07742,0.94427,,,
1327,CVE-2021-1870,"Apple","iOS, iPadOS, and macOS",2021-11-03,Unknown,2026-09-26,0.0771,0.94408,,,
1328,CVE-2018-0173,"Cisco","IOS and IOS XE Software",2022-03-03,Unknown,2026-09-26,0.07608,0.94346,,,
1329,CVE-2018-0174,"Cisco","IOS XE Software",2022-03-03,Unknown,2026-09-26,0.07608,0.94346,,,
1330,CVE-2020-0683,"Microsoft","Windows",2021-11-03,Unknown,2026-09-26,0.07605,0.94344,,,
1331,CVE-2024-5274,"Google","Chromium V8",2024-05-28,Unknown,2026-09-26,0.07472,0.94262,,,
1332,CVE-2020-1040,"Microsoft","Hyper-V RemoteFX",2021-11-03,Unknown,2026-09-26,0.07393,0.94219,,,
1333,CVE-2021-30554,"Google","Chromium WebGL",2021-11-03,Unknown,2026-09-26,0.07367,0.94204,,,
1334,CVE-2017-6744,"Cisco","IOS software",2022-03-03,Unknown,2026-09-26,0.07292,0.94154,,,
1335,CVE-2020-3950,"VMware","Multiple Products",2021-11-03,Unknown,2026-09-26,0.07254,0.9413,,,
1336,CVE-2025-24472,"Fortinet","FortiOS and FortiProxy",2025-03-18,Known,2026-09-26,0.07235,0.94118,,,
1337,CVE-2004-0210,"Microsoft","Windows",2022-03-03,Unknown,2026-09-26,0.07214,0.94106,,,
1338,CVE-2026-20805,"Microsoft","Windows",2026-01-13,Unknown,2026-09-26,0.07203,0.94098,,,
1339,CVE-2018-0158,"Cisco","IOS Software and Cisco IOS XE Software",2022-03-03,Unknown,2026-09-26,0.0719,0.94091,,,
1340,CVE-2022-24521,"Microsoft","Windows",2022-04-13,Known,2026-09-26,0.07134,0.94049,,,
1341,CVE-2024-38080,"Microsoft","Windows ",2024-07-09,Unknown,2026-09-26,0.07115,0.94029,,,
1342,CVE-2021-1879,"Apple","iOS, iPadOS, and watchOS",2021-11-03,Unknown,2026-09-26,0.07082,0.94003,,,
1343,CVE-2019-0344,"SAP","Commerce Cloud",2024-09-30,Unknown,2026-09-26,0.07079,0.94,,,
1344,CVE-2017-12235,"Cisco","IOS software",2022-03-03,Unknown,2026-09-26,0.0707,0.93995,,,
1345,CVE-2017-12231,"Cisco","IOS software",2022-03-03,Unknown,2026-09-26,0.0707,0.93994,,,
1346,CVE-2017-12234,"Cisco","IOS software",2022-03-03,Unknown,2026-09-26,0.0707,0.93994,,,
1347,CVE-2017-12237,"Cisco","IOS and IOS XE Software",2022-03-03,Unknown,2026-09-26,0.0707,0.93994,,,
1348,CVE-2018-0154,"Cisco","IOS Software",2022-03-03,Unknown,2026-09-26,0.0707,0.93994,,,
1349,CVE-2017-12233,"Cisco","IOS software",2022-03-03,Unknown,2026-09-26,0.0707,0.93993,,,
1350,CVE-2020-6820,"Mozilla","Firefox and Thunderbird",2021-11-03,Unknown,2026-09-26,0.07063,0.93987,,,
1351,CVE-2026-48710,"Kludex","Starlette",2026-09-02,Unknown,2026-09-26,0.07056,0.93984,,,
1352,CVE-2021-30713,"Apple","macOS",2021-11-03,Unknown,2026-09-26,0.07038,0.93967,,,
1353,CVE-2026-19490,"Citrix","NetScaler",2026-09-09,Unknown,2026-09-26,0.0701,0.93945,,,
1354,CVE-2021-1871,"Apple","iOS, iPadOS, and macOS",2021-11-03,Unknown,2026-09-26,0.07002,0.93941,,,
1355,CVE-2021-30952,"Apple","Multiple Products",2026-03-05,Unknown,2026-09-26,0.06964,0.93905,,,
1356,CVE-2019-1064,"Microsoft","Windows",2022-03-15,Known,2026-09-26,0.06886,0.93843,,,
1357,CVE-2008-3431,"Oracle","VirtualBox",2022-03-03,Unknown,2026-09-26,0.06876,0.93832,,,
1358,CVE-2018-0159,"Cisco","IOS Software and Cisco IOS XE Software",2022-03-03,Unknown,2026-09-26,0.0687,0.93827,,,
1359,CVE-2026-15409,"SonicWall","SMA1000 Appliances",2026-07-14,Unknown,2026-09-26,0.06795,0.93773,,,
1360,CVE-2023-26369,"Adobe","Acrobat and Reader",2023-09-14,Unknown,2026-09-26,0.06746,0.93737,,,
1361,CVE-2013-1675,"Mozilla","Firefox",2022-03-03,Unknown,2026-09-26,0.06696,0.93682,,,
1362,CVE-2022-27518,"Citrix","Application Delivery Controller (ADC) and Gateway",2022-12-13,Unknown,2026-09-26,0.06683,0.9367,,,
1363,CVE-2023-7024,"Google","Chromium WebRTC",2024-01-02,Unknown,2026-09-26,0.06671,0.93661,,,
1364,CVE-2026-34486,"Apache","Tomcat",2026-08-04,Unknown,2026-09-26,0.06561,0.93584,,,
1365,CVE-2021-33739,"Microsoft","Windows",2021-11-03,Unknown,2026-09-26,0.06555,0.93579,,,
1366,CVE-2021-22600,"Linux","Kernel",2022-04-11,Unknown,2026-09-26,0.06533,0.93559,,,
1367,CVE-2012-0767,"Adobe","Flash Player",2022-06-08,Unknown,2026-09-26,0.06417,0.93457,,,
1368,CVE-2025-24990,"Microsoft","Windows",2025-10-14,Unknown,2026-09-26,0.06369,0.93419,,,
1369,CVE-2020-16010,"Google","Chrome for Android UI",2021-11-03,Unknown,2026-09-26,0.06363,0.93414,,,
1370,CVE-2024-38106,"Microsoft","Windows",2024-08-13,Unknown,2026-09-26,0.06337,0.93395,,,
1371,CVE-2026-50751,"Check Point","Security Gateway",2026-06-08,Known,2026-09-26,0.06301,0.93363,,,
1372,CVE-2024-38014,"Microsoft","Windows",2024-09-10,Unknown,2026-09-26,0.06263,0.93329,,,
1373,CVE-2020-8468,"Trend Micro","Apex One, OfficeScan and Worry-Free Business Security Agents",2021-11-03,Unknown,2026-09-26,0.06165,0.93236,,,
1374,CVE-2017-6627,"Cisco","IOS and IOS XE Software",2022-03-03,Unknown,2026-09-26,0.06158,0.93232,,,
1375,CVE-2019-1069,"Microsoft","Task Scheduler",2022-03-15,Known,2026-09-26,0.06117,0.93189,,,
1376,CVE-2021-27059,"Microsoft","Office",2021-11-03,Unknown,2026-09-26,0.06076,0.93151,,,
1377,CVE-2021-27101,"Accellion","FTA",2021-11-03,Known,2026-09-26,0.05998,0.93072,,,
1378,CVE-2025-62215,"Microsoft","Windows",2025-11-12,Unknown,2026-09-26,0.05985,0.93057,,,
1379,CVE-2026-60137,"WordPress","Core",2026-07-21,Unknown,2026-09-26,0.05906,0.92975,,,
1380,CVE-2019-6693,"Fortinet","FortiOS",2025-06-25,Known,2026-09-26,0.05828,0.92902,,,
1381,CVE-2022-26500,"Veeam","Backup & Replication",2022-12-13,Known,2026-09-26,0.05828,0.92902,,,
1382,CVE-2026-42208,"BerriAI","LiteLLM",2026-05-08,Unknown,2026-09-26,0.05772,0.92827,,,
1383,CVE-2022-3075,"Google","Chromium Mojo",2022-09-08,Unknown,2026-09-26,0.05759,0.92814,,,
1384,CVE-2023-2136,"Google","Chromium Skia",2023-04-21,Unknown,2026-09-26,0.05739,0.92792,,,
1385,CVE-2026-48558,"SimpleHelp ","SimpleHelp",2026-06-29,Unknown,2026-09-26,0.05719,0.92767,,,
1386,CVE-2016-0167,"Microsoft","Win32k",2021-11-03,Known,2026-09-26,0.05683,0.92727,,,
1387,CVE-2010-3035,"Cisco","IOS XR",2022-03-25,Unknown,2026-09-26,0.05668,0.92714,,,
1388,CVE-2022-20700,"Cisco","Small Business RV160, RV260, RV340, and RV345 Series Routers",2022-03-03,Unknown,2026-09-26,0.05655,0.92702,,,
1389,CVE-2024-30051,"Microsoft","DWM Core Library",2024-05-14,Known,2026-09-26,0.05641,0.92688,,,
1390,CVE-2022-32917,"Apple","iOS, iPadOS, and macOS",2022-09-14,Unknown,2026-09-26,0.05603,0.92637,,,
1391,CVE-2023-21823,"Microsoft","Windows",2023-02-14,Unknown,2026-09-26,0.05563,0.92581,,,
1392,CVE-2022-0492,"Linux","Kernel",2026-06-02,Unknown,2026-09-26,0.05528,0.92534,,,
1393,CVE-2019-15271,"Cisco","RV Series Routers",2022-06-08,Unknown,2026-09-26,0.05488,0.92494,,,
1394,CVE-2021-27085,"Microsoft","Internet Explorer",2021-11-03,Unknown,2026-09-26,0.05448,0.9245,,,
1395,CVE-2020-17087,"Microsoft","Windows",2021-11-03,Unknown,2026-09-26,0.05431,0.92432,,,
1396,CVE-2021-28664,"Arm","Mali Graphics Processing Unit (GPU)",2021-11-03,Unknown,2026-09-26,0.05407,0.92408,,,
1397,CVE-2025-10585,"Google","Chromium V8",2025-09-23,Unknown,2026-09-26,0.05391,0.92393,,,
1398,CVE-2017-12319,"Cisco","IOS XE Software",2022-03-03,Unknown,2026-09-26,0.05243,0.92239,,,
1399,CVE-2019-0863,"Microsoft","Windows",2021-11-03,Unknown,2026-09-26,0.05207,0.92201,,,
1400,CVE-2021-30900,"Apple","iOS, iPadOS, and macOS",2023-03-30,Unknown,2026-09-26,0.05204,0.92193,,,
1401,CVE-2015-6175,"Microsoft","Windows",2022-05-25,Unknown,2026-09-26,0.05127,0.92095,,,
1402,CVE-2026-25108,"Soliton Systems K.K","FileZen",2026-02-24,Unknown,2026-09-26,0.05066,0.92021,,,
1403,CVE-2025-13223,"Google","Chromium V8",2025-11-19,Unknown,2026-09-26,0.05026,0.9196,,,
1404,CVE-2015-5287,"Red Hat","Automatic Bug Reporting Tool",2026-08-26,Unknown,2026-09-26,0.04962,0.91881,,,
1405,CVE-2021-36741,"Trend Micro","Apex One, Apex One as a Service, and Worry-Free Business Security",2021-11-03,Unknown,2026-09-26,0.04951,0.91862,,,
1406,CVE-2019-16256,"SIMalliance","Toolbox Browser",2021-11-03,Unknown,2026-09-26,0.04949,0.91858,,,
1407,CVE-2021-38000,"Google","Chromium Intents",2021-11-03,Unknown,2026-09-26,0.04948,0.91855,,,
1408,CVE-2018-0179,"Cisco","IOS Software",2022-03-03,Unknown,2026-09-26,0.04935,0.91832,,,
1409,CVE-2018-0180,"Cisco","IOS Software",2022-03-03,Unknown,2026-09-26,0.04935,0.91832,,,
1410,CVE-2025-47827,"IGEL","IGEL OS",2025-10-14,Unknown,2026-09-26,0.04927,0.91822,,,
1411,CVE-2002-0367,"Microsoft","Windows",2022-03-03,Unknown,2026-09-26,0.04919,0.91808,,,
1412,CVE-2026-32202,"Microsoft","Windows",2026-04-28,Unknown,2026-09-26,0.04902,0.91784,,,
1413,CVE-2009-1123,"Microsoft","Windows",2022-03-03,Unknown,2026-09-26,0.04878,0.91749,,,
1414,CVE-2020-1631,"Juniper","Junos OS",2022-03-25,Unknown,2026-09-26,0.04843,0.91695,,,
1415,CVE-2004-1464,"Cisco","IOS",2023-05-19,Unknown,2026-09-26,0.0484,0.91692,,,
1416,CVE-2026-21525,"Microsoft","Windows",2026-02-10,Unknown,2026-09-26,0.04797,0.91629,,,
1417,CVE-2013-3993,"IBM","InfoSphere BigInsights",2022-05-25,Known,2026-09-26,0.04766,0.91586,,,
1418,CVE-2019-0543,"Microsoft","Windows",2022-03-15,Known,2026-09-26,0.04718,0.91509,,,
1419,CVE-2019-18988,"TeamViewer","Desktop",2021-11-03,Unknown,2026-09-26,0.04707,0.91496,,,
1420,CVE-2012-0518,"Oracle","Fusion Middleware",2022-03-28,Unknown,2026-09-26,0.04685,0.91463,,,
1421,CVE-2020-29574,"Sophos","CyberoamOS",2025-02-06,Unknown,2026-09-26,0.04658,0.91425,,,
1422,CVE-2025-60710,"Microsoft","Windows",2026-04-13,Unknown,2026-09-26,0.04598,0.9133,,,
1423,CVE-2019-7287,"Apple","iOS",2022-05-23,Unknown,2026-09-26,0.04579,0.91302,,,
1424,CVE-2020-1027,"Microsoft","Windows",2022-05-23,Unknown,2026-09-26,0.04547,0.91249,,,
1425,CVE-2026-20045,"Cisco","Unified Communications Manager",2026-01-21,Unknown,2026-09-26,0.04541,0.91227,,,
1426,CVE-2021-31979,"Microsoft","Windows",2021-11-03,Unknown,2026-09-26,0.0454,0.91223,,,
1427,CVE-2022-2856,"Google","Chromium Intents",2022-08-18,Unknown,2026-09-26,0.0453,0.91211,,,
1428,CVE-2025-54313,"Prettier","eslint-config-prettier",2026-01-22,Unknown,2026-09-26,0.04522,0.91195,,,
1429,CVE-2021-30661,"Apple","Multiple Products",2021-11-03,Unknown,2026-09-26,0.04491,0.91143,,,
1430,CVE-2026-81578,"PaperCut","NG/MF",2026-08-31,Unknown,2026-09-26,0.04481,0.91124,,,
1431,CVE-2023-46748,"F5","BIG-IP Configuration Utility",2023-10-31,Unknown,2026-09-26,0.04468,0.91104,,,
1432,CVE-2025-24200,"Apple","iOS and iPadOS",2025-02-12,Unknown,2026-09-26,0.04457,0.91087,,,
1433,CVE-2020-2021,"Palo Alto Networks","PAN-OS",2022-03-25,Known,2026-09-26,0.04362,0.90908,,,
1434,CVE-2024-20399,"Cisco","NX-OS",2024-07-02,Unknown,2026-09-26,0.04306,0.90802,,,
1435,CVE-2025-55177,"Meta Platforms","WhatsApp",2025-09-02,Unknown,2026-09-26,0.04304,0.90798,,,
1436,CVE-2023-41179,"Trend Micro","Apex One and Worry-Free Business Security",2023-09-21,Unknown,2026-09-26,0.04251,0.90702,,,
1437,CVE-2018-8611,"Microsoft","Windows",2022-05-24,Unknown,2026-09-26,0.04196,0.90595,,,
1438,CVE-2021-20035,"SonicWall","SMA100 Appliances",2025-04-16,Unknown,2026-09-26,0.04181,0.90566,,,
1439,CVE-2023-32049,"Microsoft","Windows",2023-07-11,Unknown,2026-09-26,0.04156,0.90513,,,
1440,CVE-2019-0859,"Microsoft","Win32k",2021-11-03,Unknown,2026-09-26,0.04151,0.90505,,,
1441,CVE-2021-30869,"Apple","iOS, iPadOS, and macOS",2021-11-03,Unknown,2026-09-26,0.04135,0.90476,,,
1442,CVE-2026-21533,"Microsoft","Windows",2026-02-10,Unknown,2026-09-26,0.04125,0.90449,,,
1443,CVE-2018-0161,"Cisco","IOS Software",2022-03-03,Unknown,2026-09-26,0.04116,0.90428,,,
1444,CVE-2025-48384,"Git","Git",2025-08-25,Unknown,2026-09-26,0.04109,0.90414,,,
1445,CVE-2022-26501,"Veeam","Backup & Replication",2022-12-13,Known,2026-09-26,0.04104,0.90404,,,
1446,CVE-2015-1769,"Microsoft","Windows",2022-05-25,Unknown,2026-09-26,0.04078,0.90343,,,
1447,CVE-2025-2749,"Kentico","Kentico Xperience",2026-04-20,Unknown,2026-09-26,0.04054,0.90294,,,
1448,CVE-2026-3055,"Citrix","NetScaler",2026-03-30,Unknown,2026-09-26,0.04042,0.90266,,,
1449,CVE-2021-36955,"Microsoft","Windows",2021-11-03,Known,2026-09-26,0.04037,0.90257,,,
1450,CVE-2024-26169,"Microsoft","Windows",2024-06-13,Known,2026-09-26,0.04014,0.90207,,,
1451,CVE-2019-7483,"SonicWall","SMA100",2022-03-28,Unknown,2026-09-26,0.0401,0.90199,,,
1452,CVE-2024-39717,"Versa","Director",2024-08-23,Unknown,2026-09-26,0.04006,0.90189,,,
1453,CVE-2021-27137,"DD-WRT","DD-WRT",2026-07-21,Unknown,2026-09-26,0.03995,0.90162,,,
1454,CVE-2025-27915,"Synacor","Zimbra Collaboration Suite (ZCS)",2025-10-07,Unknown,2026-09-26,0.03986,0.90145,,,
1455,CVE-2026-75650,"Adobe","Commerce and Magento",2026-09-08,Unknown,2026-09-26,0.03949,0.90045,,,
1456,CVE-2024-30040,"Microsoft","Windows",2024-05-14,Unknown,2026-09-26,0.03939,0.90022,,,
1457,CVE-2024-20953,"Oracle","Agile Product Lifecycle Management (PLM)",2025-02-24,Unknown,2026-09-26,0.03934,0.90011,,,
1458,CVE-2023-43000,"Apple","Multiple Products",2026-03-05,Unknown,2026-09-26,0.03898,0.89894,,,
1459,CVE-2025-25249,"Fortinet","Multiple Products",2026-09-09,Unknown,2026-09-26,0.03859,0.89797,,,
1460,CVE-2025-24985,"Microsoft","Windows",2025-03-11,Unknown,2026-09-26,0.03846,0.89762,,,
1461,CVE-2026-82078,"PaperCut","NG/MF",2026-08-31,Unknown,2026-09-26,0.03843,0.89756,,,
1462,CVE-2024-9537,"ScienceLogic","SL1",2024-10-21,Unknown,2026-09-26,0.03826,0.89707,,,
1463,CVE-2024-0519,"Google","Chromium V8",2024-01-17,Unknown,2026-09-26,0.03802,0.89636,,,
1464,CVE-2023-41061,"Apple","iOS, iPadOS, and watchOS",2023-09-11,Unknown,2026-09-26,0.03778,0.89565,,,
1465,CVE-2025-24201,"Apple","Multiple Products",2025-03-13,Unknown,2026-09-26,0.03773,0.89552,,,
1466,CVE-2023-0266,"Linux","Kernel",2023-03-30,Unknown,2026-09-26,0.03702,0.89344,,,
1467,CVE-2020-3566,"Cisco","IOS XR",2021-11-03,Unknown,2026-09-26,0.03702,0.89343,,,
1468,CVE-2021-30665,"Apple","Multiple Products",2021-11-03,Unknown,2026-09-26,0.03675,0.89268,,,
1469,CVE-2016-3643,"SolarWinds","Virtualization Manager",2021-11-03,Unknown,2026-09-26,0.03674,0.89263,,,
1470,CVE-2021-31010,"Apple","iOS, macOS, watchOS",2022-08-25,Unknown,2026-09-26,0.03673,0.89263,,,
1471,CVE-2018-19321,"GIGABYTE","Multiple Products",2022-10-24,Known,2026-09-26,0.03671,0.89255,,,
1472,CVE-2021-27102,"Accellion","FTA",2021-11-03,Known,2026-09-26,0.03654,0.89208,,,
1473,CVE-2026-85880,"Microsoft","Windows",2026-09-08,Unknown,2026-09-26,0.03616,0.89095,,,
1474,CVE-2016-8562,"Siemens","SIMATIC CP",2022-03-03,Unknown,2026-09-26,0.0361,0.89077,,,
1475,CVE-2019-1385,"Microsoft","Windows",2022-05-23,Known,2026-09-26,0.03604,0.8906,,,
1476,CVE-2018-19320,"GIGABYTE","Multiple Products",2022-10-24,Known,2026-09-26,0.03597,0.8904,,,
1477,CVE-2024-53197,"Linux","Kernel",2025-04-09,Unknown,2026-09-26,0.03558,0.88904,,,
1478,CVE-2023-45727,"North Grid","Proself",2024-12-03,Unknown,2026-09-26,0.03542,0.88862,,,
1479,CVE-2025-3935,"ConnectWise","ScreenConnect",2025-06-02,Unknown,2026-09-26,0.03507,0.88764,,,
1480,CVE-2021-30663,"Apple","Multiple Products",2021-11-03,Unknown,2026-09-26,0.03493,0.88717,,,
1481,CVE-2024-8068,"Citrix","Session Recording",2025-08-25,Unknown,2026-09-26,0.03481,0.8868,,,
1482,CVE-2018-0175,"Cisco","IOS, XR, and XE Software",2022-03-03,Unknown,2026-09-26,0.03478,0.88669,,,
1483,CVE-2019-1315,"Microsoft","Windows",2022-03-15,Known,2026-09-26,0.03478,0.88668,,,
1484,CVE-2021-35247,"SolarWinds","Serv-U",2022-01-21,Unknown,2026-09-26,0.03453,0.88583,,,
1485,CVE-2025-8876,"N-able","N-Central",2025-08-13,Unknown,2026-09-26,0.03448,0.8857,,,
1486,CVE-2018-8405,"Microsoft","DirectX Graphics Kernel (DXGKRNL)",2022-03-28,Known,2026-09-26,0.03444,0.8856,,,
1487,CVE-2018-8406,"Microsoft","DirectX Graphics Kernel (DXGKRNL)",2022-03-28,Known,2026-09-26,0.03444,0.8856,,,
1488,CVE-2026-31431,"Linux","Kernel",2026-05-01,Unknown,2026-09-26,0.03437,0.88529,,,
1489,CVE-2025-66644,"Array Networks ","ArrayOS AG",2025-12-08,Unknown,2026-09-26,0.03415,0.88455,,,
1490,CVE-2024-53104,"Linux","Kernel",2025-02-05,Unknown,2026-09-26,0.03395,0.88386,,,
1491,CVE-2018-0167,"Cisco","IOS, XR, and XE Software",2022-03-03,Unknown,2026-09-26,0.03354,0.88254,,,
1492,CVE-2020-3569,"Cisco","IOS XR",2021-11-03,Unknown,2026-09-26,0.0332,0.8814,,,
1493,CVE-2009-2055,"Cisco","IOS XR",2022-03-25,Unknown,2026-09-26,0.03314,0.88122,,,
1494,CVE-2025-42599,"Qualitia","Active! Mail",2025-04-28,Unknown,2026-09-26,0.03298,0.8806,,,
1495,CVE-2022-40139,"Trend Micro","Apex One and Apex One as a Service",2022-09-15,Unknown,2026-09-26,0.03291,0.88032,,,
1496,CVE-2022-32894,"Apple","iOS and macOS",2022-08-18,Unknown,2026-09-26,0.03286,0.88009,,,
1497,CVE-2022-48503,"Apple","Multiple Products",2025-10-20,Unknown,2026-09-26,0.03213,0.87703,,,
1498,CVE-2013-2596,"Linux","Kernel",2022-09-15,Unknown,2026-09-26,0.03212,0.87696,,,
1499,CVE-2020-9934,"Apple","iOS, iPadOS, and macOS",2022-09-08,Unknown,2026-09-26,0.03208,0.87678,,,
1500,CVE-2020-9907,"Apple","Multiple Products",2022-06-27,Unknown,2026-09-26,0.03199,0.87637,,,
1501,CVE-2023-6548,"Citrix","NetScaler ADC and NetScaler Gateway",2024-01-17,Unknown,2026-09-26,0.03191,0.87604,,,
1502,CVE-2020-0041,"Android","Android Kernel",2021-11-03,Unknown,2026-09-26,0.03145,0.87423,,,
1503,CVE-2026-87491,"Google","Chromium V8",2026-09-09,Unknown,2026-09-26,0.03142,0.87413,,,
1504,CVE-2017-0001,"Microsoft","Graphics Device Interface (GDI)",2022-03-03,Unknown,2026-09-26,0.03114,0.873,,,
1505,CVE-2021-27562,"Arm","Trusted Firmware",2021-11-03,Unknown,2026-09-26,0.03093,0.87221,,,
1506,CVE-2021-43226,"Microsoft","Windows",2025-10-06,Unknown,2026-09-26,0.03072,0.87145,,,
1507,CVE-2011-4723,"D-Link","DIR-300 Router",2022-09-08,Unknown,2026-09-26,0.03064,0.8711,,,
1508,CVE-2023-36584,"Microsoft","Windows",2023-11-16,Unknown,2026-09-26,0.03055,0.87074,,,
1509,CVE-2022-41125,"Microsoft","Windows",2022-11-08,Unknown,2026-09-26,0.03046,0.87028,,,
1510,CVE-2026-50522,"Microsoft","SharePoint",2026-07-22,Unknown,2026-09-26,0.03042,0.87015,,,
1511,CVE-2020-6819,"Mozilla","Firefox and Thunderbird",2021-11-03,Unknown,2026-09-26,0.03039,0.87004,,,
1512,CVE-2018-8589,"Microsoft","Win32k",2022-05-23,Unknown,2026-09-26,0.03023,0.86946,,,
1513,CVE-2021-30666,"Apple","iOS",2021-11-03,Unknown,2026-09-26,0.02998,0.86842,,,
1514,CVE-2021-29256,"Arm","Mali Graphics Processing Unit (GPU)",2023-07-07,Unknown,2026-09-26,0.02988,0.86796,,,
1515,CVE-2024-32896,"Android","Pixel",2024-06-13,Unknown,2026-09-26,0.02985,0.86784,,,
1516,CVE-2021-31199,"Microsoft","Enhanced Cryptographic Provider",2021-11-03,Unknown,2026-09-26,0.02954,0.8665,,,
1517,CVE-2024-7262,"Kingsoft","WPS Office",2024-09-03,Unknown,2026-09-26,0.02937,0.86574,,,
1518,CVE-2024-11667,"Zyxel","Multiple Firewalls",2024-12-03,Known,2026-09-26,0.02929,0.86548,,,
1519,CVE-2021-30983,"Apple","iOS and iPadOS",2022-06-27,Unknown,2026-09-26,0.02923,0.86521,,,
1520,CVE-2023-38606,"Apple","Multiple Products",2023-07-26,Unknown,2026-09-26,0.02899,0.86408,,,
1521,CVE-2021-38649,"Microsoft","Open Management Infrastructure (OMI)",2021-11-03,Unknown,2026-09-26,0.02887,0.86344,,,
1522,CVE-2025-39682,"Linux","Kernel",2026-09-18,Unknown,2026-09-26,0.0288,0.86313,,,
1523,CVE-2021-25337,"Samsung","Mobile Devices",2022-11-08,Unknown,2026-09-26,0.02807,0.85953,,,
1524,CVE-2025-61932,"Motex","LANSCOPE Endpoint Manager",2025-10-22,Unknown,2026-09-26,0.02768,0.85735,,,
1525,CVE-2025-40602,"SonicWall","SMA1000 appliance",2025-12-17,Unknown,2026-09-26,0.02756,0.85667,,,
1526,CVE-2020-16013,"Google","Chromium V8",2021-11-03,Unknown,2026-09-26,0.02751,0.85627,,,
1527,CVE-2020-16017,"Google","Chrome",2021-11-03,Unknown,2026-09-26,0.02747,0.85613,,,
1528,CVE-2021-38645,"Microsoft","Open Management Infrastructure (OMI)",2021-11-03,Unknown,2026-09-26,0.02727,0.85495,,,
1529,CVE-2022-42948,"Fortra","Cobalt Strike",2023-03-30,Unknown,2026-09-26,0.02706,0.85385,,,
1530,CVE-2026-45659,"Microsoft","SharePoint Server",2026-07-01,Unknown,2026-09-26,0.02704,0.85372,,,
1531,CVE-2024-36971,"Android","Kernel",2024-08-07,Unknown,2026-09-26,0.02701,0.85354,,,
1532,CVE-2020-0878,"Microsoft","Edge and Internet Explorer",2021-11-03,Known,2026-09-26,0.02696,0.85332,,,
1533,CVE-2023-29492,"Novi Survey","Novi Survey",2023-04-13,Unknown,2026-09-26,0.0269,0.85291,,,
1534,CVE-2024-38226,"Microsoft","Publisher",2024-09-10,Unknown,2026-09-26,0.02667,0.85154,,,
1535,CVE-2020-24557,"Trend Micro","Apex One, OfficeScan, and Worry-Free Business Security",2021-11-03,Unknown,2026-09-26,0.02666,0.85147,,,
1536,CVE-2025-59230,"Microsoft","Windows",2025-10-14,Unknown,2026-09-26,0.02657,0.85091,,,
1537,CVE-2019-6223,"Apple","iOS and macOS",2021-11-03,Unknown,2026-09-26,0.02629,0.84912,,,
1538,CVE-2021-31201,"Microsoft","Enhanced Cryptographic Provider",2021-11-03,Unknown,2026-09-26,0.02617,0.84838,,,
1539,CVE-2023-35674,"Android","Framework",2023-09-13,Unknown,2026-09-26,0.02615,0.84821,,,
1540,CVE-2026-59310,"Broadcom","VMware vCenter",2026-08-18,Unknown,2026-09-26,0.02565,0.84499,,,
1541,CVE-2023-21492,"Samsung","Mobile Devices",2023-05-19,Unknown,2026-09-26,0.02554,0.84431,,,
1542,CVE-2026-6973,"Ivanti","Endpoint Manager Mobile (EPMM)",2026-05-07,Unknown,2026-09-26,0.02537,0.84319,,,
1543,CVE-2025-62221,"Microsoft","Windows",2025-12-09,Unknown,2026-09-26,0.02505,0.84097,,,
1544,CVE-2026-7273,"Zyxel","GS1900 Series Switches",2026-09-21,Unknown,2026-09-26,0.02501,0.84075,,,
1545,CVE-2022-41049,"Microsoft","Windows",2022-11-14,Unknown,2026-09-26,0.02491,0.84014,,,
1546,CVE-2025-32975,"Quest","KACE Systems Management Appliance (SMA)",2026-04-20,Unknown,2026-09-26,0.02487,0.83985,,,
1547,CVE-2026-21519,"Microsoft","Windows",2026-02-10,Unknown,2026-09-26,0.02462,0.83819,,,
1548,CVE-2025-30154,"reviewdog","action-setup GitHub Action",2025-03-24,Unknown,2026-09-26,0.02437,0.83635,,,
1549,CVE-2022-21919,"Microsoft","Windows",2022-04-25,Unknown,2026-09-26,0.02434,0.83621,,,
1550,CVE-2022-0028,"Palo Alto Networks","PAN-OS",2022-08-22,Unknown,2026-09-26,0.02383,0.83229,,,
1551,CVE-2018-4344,"Apple","Multiple Products",2022-06-27,Unknown,2026-09-26,0.02374,0.83169,,,
1552,CVE-2020-0638,"Microsoft","Update Notification Manager",2022-05-23,Known,2026-09-26,0.02351,0.8301,,,
1553,CVE-2022-26486,"Mozilla","Firefox",2022-03-07,Unknown,2026-09-26,0.02349,0.82998,,,
1554,CVE-2023-20109,"Cisco","IOS and IOS XE",2023-10-10,Unknown,2026-09-26,0.02344,0.82963,,,
1555,CVE-2025-21391,"Microsoft","Windows",2025-02-11,Unknown,2026-09-26,0.02303,0.82641,,,
1556,CVE-2025-3928,"Commvault","Web Server",2025-04-28,Unknown,2026-09-26,0.02299,0.82607,,,
1557,CVE-2025-53521,"F5","BIG-IP",2026-03-27,Unknown,2026-09-26,0.02295,0.82573,,,
1558,CVE-2025-32706,"Microsoft","Windows",2025-05-13,Unknown,2026-09-26,0.02294,0.82567,,,
1559,CVE-2019-0880,"Microsoft","Windows",2022-05-23,Unknown,2026-09-26,0.02289,0.82521,,,
1560,CVE-2020-9818,"Apple","iOS, iPadOS, and watchOS",2021-11-03,Unknown,2026-09-26,0.02286,0.82501,,,
1561,CVE-2022-41073,"Microsoft","Windows",2022-11-08,Known,2026-09-26,0.02278,0.82436,,,
1562,CVE-2026-94127,"F5","BIG-IP APM",2026-09-22,Unknown,2026-09-26,0.02226,0.82028,,,
1563,CVE-2021-1782,"Apple","Multiple Products",2021-11-03,Unknown,2026-09-26,0.02222,0.81994,,,
1564,CVE-2026-11645,"Google","Chromium V8",2026-06-09,Unknown,2026-09-26,0.0219,0.81709,,,
1565,CVE-2026-34621,"Adobe","Acrobat and Reader",2026-04-13,Unknown,2026-09-26,0.02183,0.81649,,,
1566,CVE-2020-9819,"Apple","iOS, iPadOS, and watchOS",2021-11-03,Unknown,2026-09-26,0.02178,0.81608,,,
1567,CVE-2025-24993,"Microsoft","Windows",2025-03-11,Unknown,2026-09-26,0.02173,0.8157,,,
1568,CVE-2017-12232,"Cisco","IOS software",2022-03-03,Unknown,2026-09-26,0.02153,0.81414,,,
1569,CVE-2025-32709,"Microsoft","Windows",2025-05-13,Unknown,2026-09-26,0.0214,0.81301,,,
1570,CVE-2025-21043,"Samsung","Mobile Devices",2025-10-02,Unknown,2026-09-26,0.0214,0.81294,,,
1571,CVE-2017-6663,"Cisco","IOS and IOS XE Software",2022-03-03,Unknown,2026-09-26,0.02117,0.81096,,,
1572,CVE-2026-65660,"Microsoft","SharePoint",2026-09-25,Unknown,2026-09-26,0.02101,0.80962,,,
1573,CVE-2026-49869,"Kestra","Kestra OSS",2026-09-02,Unknown,2026-09-26,0.02095,0.80903,,,
1574,CVE-2026-45247,"Mirasvit","Mirasvit Full Page Cache Warmer",2026-06-03,Unknown,2026-09-26,0.02085,0.80802,,,
1575,CVE-2023-6448,"Unitronics","Vision PLC and HMI",2023-12-11,Unknown,2026-09-26,0.02072,0.80671,,,
1576,CVE-2017-12238,"Cisco","Catalyst 6800 Series Switches",2022-03-03,Unknown,2026-09-26,0.02017,0.80121,,,
1577,CVE-2025-0111,"Palo Alto Networks","PAN-OS",2025-02-20,Unknown,2026-09-26,0.01999,0.79913,,,
1578,CVE-2020-2506,"QNAP Systems","Helpdesk",2022-03-25,Unknown,2026-09-26,0.01982,0.79726,,,
1579,CVE-2025-24991,"Microsoft","Windows",2025-03-11,Unknown,2026-09-26,0.01979,0.7969,,,
1580,CVE-2025-24984,"Microsoft","Windows",2025-03-11,Unknown,2026-09-26,0.01956,0.79461,,,
1581,CVE-2026-28318,"SolarWinds","Serv-U",2026-06-05,Unknown,2026-09-26,0.01942,0.79324,,,
1582,CVE-2025-30400,"Microsoft","Windows",2025-05-13,Unknown,2026-09-26,0.019,0.78846,,,
1583,CVE-2025-8875,"N-able","N-Central",2025-08-13,Unknown,2026-09-26,0.01899,0.78835,,,
1584,CVE-2019-0797,"Microsoft","Win32k",2021-11-03,Unknown,2026-09-26,0.0189,0.78721,,,
1585,CVE-2025-59689,"Libraesva","Email Security Gateway",2025-09-29,Unknown,2026-09-26,0.01864,0.78432,,,
1586,CVE-2025-27920,"Srimax","Output Messenger",2025-05-19,Unknown,2026-09-26,0.01855,0.78324,,,
1587,CVE-2026-86060,"MikroTik","RouterOS",2026-09-10,Unknown,2026-09-26,0.01849,0.78236,,,
1588,CVE-2024-7694,"TeamT5","ThreatSonar Anti-Ransomware",2026-02-17,Unknown,2026-09-26,0.01807,0.77696,,,
1589,CVE-2022-41091,"Microsoft","Windows",2022-11-08,Known,2026-09-26,0.01806,0.77685,,,
1590,CVE-2018-19322,"GIGABYTE","Multiple Products",2022-10-24,Known,2026-09-26,0.01801,0.77616,,,
1591,CVE-2026-34909,"Ubiquiti","UniFi OS",2026-06-23,Unknown,2026-09-26,0.01793,0.7752,,,
1592,CVE-2019-1129,"Microsoft","Windows",2022-03-15,Known,2026-09-26,0.01782,0.77375,,,
1593,CVE-2025-15556,"Notepad++","Notepad++",2026-02-12,Unknown,2026-09-26,0.01747,0.76892,,,
1594,CVE-2025-22226,"VMware","ESXi, Workstation, and Fusion",2025-03-04,Unknown,2026-09-26,0.01735,0.76732,,,
1595,CVE-2024-21287,"Oracle","Agile Product Lifecycle Management (PLM)",2024-11-21,Unknown,2026-09-26,0.01723,0.76575,,,
1596,CVE-2025-21590,"Juniper","Junos OS",2025-03-13,Unknown,2026-09-26,0.01715,0.76484,,,
1597,CVE-2025-48595,"Android","Framework",2026-06-02,Unknown,2026-09-26,0.01714,0.76469,,,
1598,CVE-2025-48700,"Synacor","Zimbra Collaboration Suite (ZCS)",2026-04-20,Unknown,2026-09-26,0.01713,0.76452,,,
1599,CVE-2019-1130,"Microsoft","Windows",2022-05-23,Known,2026-09-26,0.01705,0.76347,,,
1600,CVE-2022-41033,"Microsoft","Windows COM+ Event System Service",2022-10-11,Unknown,2026-09-26,0.01696,0.76211,,,
1601,CVE-2026-72530,"TrueConf","Server",2026-08-20,Unknown,2026-09-26,0.01686,0.76088,,,
1602,CVE-2026-33634,"Aquasecurity","Trivy",2026-03-26,Unknown,2026-09-26,0.01683,0.76038,,,
1603,CVE-2023-28229,"Microsoft","Windows CNG Key Isolation Service",2023-10-04,Unknown,2026-09-26,0.01671,0.7586,,,
1604,CVE-2024-39891,"Twilio","Authy",2024-07-23,Unknown,2026-09-26,0.01669,0.75826,,,
1605,CVE-2024-38107,"Microsoft","Windows",2024-08-13,Unknown,2026-09-26,0.01635,0.75325,,,
1606,CVE-2025-31277,"Apple","Multiple Products",2026-03-20,Unknown,2026-09-26,0.01631,0.75266,,,
1607,CVE-2025-24989,"Microsoft","Power Pages",2025-02-21,Unknown,2026-09-26,0.01622,0.75122,,,
1608,CVE-2026-33824,"Microsoft","Internet Key Exchange (IKE) Service Extensions",2026-08-18,Unknown,2026-09-26,0.01619,0.75091,,,
1609,CVE-2020-11261,"Qualcomm","Snapdragon Auto, Snapdragon Compute, Snapdragon Connectivity, Snapdragon Consumer IOT, Snapdragon Industrial IOT, Snapdragon Mobile, Snapdragon Voice & Music, Snapdragon Wearables",2021-12-01,Unknown,2026-09-26,0.01604,0.74868,,,
1610,CVE-2021-40450,"Microsoft","Win32k",2022-04-25,Unknown,2026-09-26,0.01582,0.74542,,,
1611,CVE-2021-41357,"Microsoft","Win32k",2022-04-25,Unknown,2026-09-26,0.01582,0.74542,,,
1612,CVE-2025-21418,"Microsoft","Windows",2025-02-11,Unknown,2026-09-26,0.01568,0.74331,,,
1613,CVE-2025-21334,"Microsoft","Windows",2025-01-14,Unknown,2026-09-26,0.01561,0.7423,,,
1614,CVE-2025-22224,"VMware","ESXi and Workstation",2025-03-04,Unknown,2026-09-26,0.01561,0.74228,,,
1615,CVE-2026-67277,"MikroTik","RouterOS",2026-09-10,Unknown,2026-09-26,0.0156,0.74226,,,
1616,CVE-2019-8720,"WebKitGTK","WebKitGTK",2022-05-23,Unknown,2026-09-26,0.01556,0.74162,,,
1617,CVE-2026-21514,"Microsoft","Office",2026-02-10,Unknown,2026-09-26,0.01544,0.73949,,,
1618,CVE-2021-1905,"Qualcomm","Multiple Chipsets",2021-11-03,Unknown,2026-09-26,0.01543,0.73939,,,
1619,CVE-2013-2597,"Code Aurora","ACDB Audio Driver",2022-09-15,Unknown,2026-09-26,0.01503,0.73277,,,
1620,CVE-2021-36742,"Trend Micro","Apex One, Apex One as a Service, and Worry-Free Business Security",2021-11-03,Unknown,2026-09-26,0.01482,0.72916,,,
1621,CVE-2024-23225,"Apple","Multiple Products",2024-03-06,Unknown,2026-09-26,0.01481,0.72893,,,
1622,CVE-2023-20963,"Android","Framework",2023-04-13,Unknown,2026-09-26,0.01465,0.72618,,,
1623,CVE-2026-72529,"TrueConf","Server",2026-08-20,Unknown,2026-09-26,0.01464,0.72592,,,
1624,CVE-2019-1214,"Microsoft","Windows",2021-11-03,Unknown,2026-09-26,0.01419,0.71741,,,
1625,CVE-2024-23296,"Apple","Multiple Products",2024-03-06,Unknown,2026-09-26,0.01411,0.71591,,,
1626,CVE-2023-41974,"Apple","iOS and iPadOS",2026-03-05,Unknown,2026-09-26,0.01398,0.71345,,,
1627,CVE-2025-32701,"Microsoft","Windows",2025-05-13,Unknown,2026-09-26,0.01392,0.71232,,,
1628,CVE-2025-21335,"Microsoft","Windows",2025-01-14,Unknown,2026-09-26,0.0139,0.71209,,,
1629,CVE-2023-41990,"Apple","Multiple Products",2024-01-08,Unknown,2026-09-26,0.01388,0.71151,,,
1630,CVE-2020-0069,"MediaTek","Multiple Chipsets",2021-11-03,Unknown,2026-09-26,0.0137,0.70802,,,
1631,CVE-2024-53150,"Linux","Kernel",2025-04-09,Unknown,2026-09-26,0.01351,0.70408,,,
1632,CVE-2025-24983,"Microsoft","Windows",2025-03-11,Unknown,2026-09-26,0.01348,0.70334,,,
1633,CVE-2026-20700,"Apple","Multiple Products",2026-02-12,Unknown,2026-09-26,0.01343,0.70225,,,
1634,CVE-2026-48027,"Nx","Nx Console",2026-05-27,Known,2026-09-26,0.01336,0.7008,,,
1635,CVE-2025-35939,"Craft CMS","Craft CMS",2025-06-02,Unknown,2026-09-26,0.01317,0.69652,,,
1636,CVE-2024-49035,"Microsoft","Partner Center",2025-02-25,Unknown,2026-09-26,0.013,0.69296,,,
1637,CVE-2025-38352,"Linux","Kernel",2025-09-04,Unknown,2026-09-26,0.01297,0.69215,,,
1638,CVE-2023-4346,"KNX Association","KNX Protocol Connection Authorization Option 1",2026-07-15,Unknown,2026-09-26,0.01294,0.69146,,,
1639,CVE-2026-45498,"Microsoft","Defender",2026-05-20,Unknown,2026-09-26,0.01267,0.68577,,,
1640,CVE-2026-21385,"Qualcomm","Multiple Chipsets",2026-03-03,Unknown,2026-09-26,0.01243,0.68018,,,
1641,CVE-2026-65400,"Apple","macOS",2026-08-18,Unknown,2026-09-26,0.01219,0.67438,,,
1642,CVE-2023-26083,"Arm","Mali Graphics Processing Unit (GPU)",2023-04-07,Unknown,2026-09-26,0.01218,0.67406,,,
1643,CVE-2025-59374,"ASUS","Live Update",2025-12-17,Unknown,2026-09-26,0.01197,0.66851,,,
1644,CVE-2025-43200,"Apple","Multiple Products",2025-06-16,Unknown,2026-09-26,0.01191,0.66694,,,
1645,CVE-2022-22674,"Apple","macOS",2022-04-04,Unknown,2026-09-26,0.01133,0.65114,,,
1646,CVE-2023-36851,"Juniper","Junos OS",2023-11-13,Unknown,2026-09-26,0.01123,0.64884,,,
1647,CVE-2021-25369,"Samsung","Mobile Devices",2022-11-08,Unknown,2026-09-26,0.01121,0.64842,,,
1648,CVE-2023-4211,"Arm","Mali GPU Kernel Driver",2023-10-03,Unknown,2026-09-26,0.01098,0.64263,,,
1649,CVE-2022-22706,"Arm","Mali Graphics Processing Unit (GPU)",2023-03-30,Unknown,2026-09-26,0.01062,0.63206,,,
1650,CVE-2026-45321,"TanStack","TanStack",2026-05-27,Known,2026-09-26,0.01054,0.62967,,,
1651,CVE-2022-42827,"Apple","iOS and iPadOS",2022-10-25,Unknown,2026-09-26,0.01048,0.62788,,,
1652,CVE-2026-67279,"MikroTik","RouterOS",2026-09-25,Unknown,2026-09-26,0.01027,0.62179,,,
1653,CVE-2026-3910,"Google","Chromium V8",2026-03-13,Unknown,2026-09-26,0.01026,0.62161,,,
1654,CVE-2021-23874,"McAfee","McAfee Total Protection (MTP)",2021-11-03,Unknown,2026-09-26,0.01026,0.62154,,,
1655,CVE-2025-27038,"Qualcomm","Multiple Chipsets",2025-06-03,Unknown,2026-09-26,0.01016,0.61852,,,
1656,CVE-2026-8452,"Citrix","NetScaler ADC and NetScaler Gateway",2026-08-26,Unknown,2026-09-26,0.01011,0.61711,,,
1657,CVE-2026-56164,"Microsoft","SharePoint Server",2026-07-14,Unknown,2026-09-26,0.01011,0.61706,,,
1658,CVE-2026-48172,"LiteSpeed","cPanel Plugin",2026-05-26,Unknown,2026-09-26,0.01011,0.61699,,,
1659,CVE-2026-20349,"Cisco","Secure Firewall Adaptive Security Appliance (ASA) and Secure Firewall Threat Defense (FTD) ",2026-08-11,Unknown,2026-09-26,0.0101,0.61684,,,
1660,CVE-2026-16812,"Arista","VeloCloud Orchestrator",2026-07-27,Unknown,2026-09-26,0.01001,0.61344,,,
1661,CVE-2021-1048,"Android","Kernel",2022-05-23,Unknown,2026-09-26,0.01,0.61324,,,
1662,CVE-2025-22225,"VMware","ESXi",2025-03-04,Known,2026-09-26,0.00997,0.61212,,,
1663,CVE-2025-39964,"Linux","Kernel",2026-09-18,Unknown,2026-09-26,0.00996,0.61186,,,
1664,CVE-2026-85102,"Check Point","Multiple Products",2026-09-22,Unknown,2026-09-26,0.00988,0.60969,,,
1665,CVE-2026-32201,"Microsoft","SharePoint Server",2026-04-14,Unknown,2026-09-26,0.00983,0.60793,,,
1666,CVE-2026-8398,"Daemon","Daemon Tools Lite",2026-05-27,Unknown,2026-09-26,0.00963,0.60111,,,
1667,CVE-2023-42824,"Apple","iOS and iPadOS",2023-10-05,Unknown,2026-09-26,0.00935,0.5921,,,
1668,CVE-2023-33106,"Qualcomm","Multiple Chipsets",2023-12-05,Unknown,2026-09-26,0.00924,0.58851,,,
1669,CVE-2026-84869,"ConnectWise","ScreenConnect",2026-09-11,Unknown,2026-09-26,0.00924,0.58843,,,
1670,CVE-2026-93952,"Arista","VeloCloud Orchestrator",2026-09-22,Unknown,2026-09-26,0.00895,0.579,,,
1671,CVE-2023-33107,"Qualcomm","Multiple Chipsets",2023-12-05,Unknown,2026-09-26,0.00892,0.57827,,,
1672,CVE-2021-25370,"Samsung","Mobile Devices",2022-11-08,Unknown,2026-09-26,0.0089,0.57736,,,
1673,CVE-2026-55255,"Langflow","Langflow",2026-07-07,Unknown,2026-09-26,0.00887,0.57648,,,
1674,CVE-2021-44168,"Fortinet","FortiOS",2021-12-10,Unknown,2026-09-26,0.00873,0.57243,,,
1675,CVE-2025-21479,"Qualcomm","Multiple Chipsets",2025-06-03,Unknown,2026-09-26,0.00843,0.56258,,,
1676,CVE-2026-59822,"BerriAI","LiteLLM",2026-09-02,Unknown,2026-09-26,0.00836,0.56012,,,
1677,CVE-2020-9859,"Apple","Multiple Products",2021-11-03,Unknown,2026-09-26,0.00829,0.55809,,,
1678,CVE-2021-0920,"Android","Kernel",2022-05-23,Unknown,2026-09-26,0.0082,0.55527,,,
1679,CVE-2026-46817,"Oracle","E-Business Suite",2026-07-15,Unknown,2026-09-26,0.00814,0.55297,,,
1680,CVE-2024-50302,"Linux","Kernel",2025-03-04,Unknown,2026-09-26,0.00811,0.55203,,,
1681,CVE-2026-54420,"LiteSpeed","cPanel Plugin",2026-06-15,Unknown,2026-09-26,0.00806,0.55057,,,
1682,CVE-2021-25372,"Samsung","Mobile Devices",2023-06-29,Unknown,2026-09-26,0.00804,0.54975,,,
1683,CVE-2021-25371,"Samsung","Mobile Devices",2023-06-29,Unknown,2026-09-26,0.00802,0.54866,,,
1684,CVE-2024-4610,"Arm","Mali GPU Kernel Driver",2024-06-12,Unknown,2026-09-26,0.00758,0.53372,,,
1685,CVE-2024-43093,"Android","Framework",2024-11-07,Unknown,2026-09-26,0.00715,0.51821,,,
1686,CVE-2026-53362,"Linux","Kernel",2026-08-27,Unknown,2026-09-26,0.00709,0.51611,,,
1687,CVE-2026-3909,"Google","Skia",2026-03-13,Unknown,2026-09-26,0.00704,0.51413,,,
1688,CVE-2026-5281,"Google","Dawn",2026-04-01,Unknown,2026-09-26,0.00703,0.51363,,,
1689,CVE-2019-8526,"Apple","macOS",2023-04-17,Unknown,2026-09-26,0.00701,0.513,,,
1690,CVE-2023-33063,"Qualcomm","Multiple Chipsets",2023-12-05,Unknown,2026-09-26,0.00694,0.50997,,,
1691,CVE-2025-1976,"Broadcom","Brocade Fabric OS",2025-04-28,Unknown,2026-09-26,0.0069,0.50851,,,
1692,CVE-2021-39793,"Google","Pixel",2022-04-11,Unknown,2026-09-26,0.00685,0.50662,,,
1693,CVE-2024-43047,"Qualcomm","Multiple Chipsets ",2024-10-08,Unknown,2026-09-26,0.00674,0.50167,,,
1694,CVE-2024-29748,"Android","Pixel",2024-04-04,Unknown,2026-09-26,0.0067,0.49982,,,
1695,CVE-2026-66384,"JFrog","Artifactory",2026-08-27,Unknown,2026-09-26,0.00665,0.49761,,,
1696,CVE-2026-7473,"Arista","Extensible Operating System",2026-06-09,Unknown,2026-09-26,0.00649,0.49011,,,
1697,CVE-2026-53266,"Linux","Kernel",2026-09-18,Unknown,2026-09-26,0.00645,0.48851,,,
1698,CVE-2021-25487,"Samsung","Mobile Devices",2023-06-29,Unknown,2026-09-26,0.00635,0.48334,,,
1699,CVE-2026-58704,"Google","Pixel",2026-09-16,Unknown,2026-09-26,0.00591,0.46094,,,
1700,CVE-2026-5430,"WSO2","Multiple Products",2026-09-24,Unknown,2026-09-26,0.00588,0.45955,,,
1701,CVE-2025-48928,"TeleMessage","TM SGNL",2025-07-01,Unknown,2026-09-26,0.00553,0.43928,,,
1702,CVE-2025-48543,"Android","Runtime",2025-09-04,Unknown,2026-09-26,0.00543,0.43355,,,
1703,CVE-2026-34926,"Trend Micro","Apex One",2026-05-21,Unknown,2026-09-26,0.00538,0.42981,,,
1704,CVE-2021-25489,"Samsung","Mobile Devices",2023-06-29,Unknown,2026-09-26,0.00531,0.42548,,,
1705,CVE-2021-1906,"Qualcomm","Multiple Chipsets",2021-11-03,Unknown,2026-09-26,0.0052,0.41826,,,
1706,CVE-2026-42897,"Microsoft","Microsoft",2026-05-15,Unknown,2026-09-26,0.00519,0.41812,,,
1707,CVE-2022-48618,"Apple","Multiple Products",2024-01-31,Unknown,2026-09-26,0.00487,0.39457,,,
1708,CVE-2024-29745,"Android","Pixel",2024-04-04,Unknown,2026-09-26,0.00482,0.391,,,
1709,CVE-2025-21480,"Qualcomm","Multiple Chipsets",2025-06-03,Unknown,2026-09-26,0.0046,0.37321,,,
1710,CVE-2022-22071,"Qualcomm","Multiple Chipsets",2023-12-05,Unknown,2026-09-26,0.00455,0.36959,,,
1711,CVE-2026-41091,"Microsoft","Defender",2026-05-20,Unknown,2026-09-26,0.00443,0.36032,,,
1712,CVE-2025-47729,"TeleMessage","TM SGNL",2025-05-12,Unknown,2026-09-26,0.00428,0.34537,,,
1713,CVE-2025-43520,"Apple","Multiple Products",2026-03-20,Unknown,2026-09-26,0.00425,0.34272,,,
1714,CVE-2021-25394,"Samsung","Mobile Devices",2023-06-29,Unknown,2026-09-26,0.00401,0.31765,,,
1715,CVE-2026-33825,"Microsoft","Defender",2026-04-22,Known,2026-09-26,0.00399,0.31511,,,
1716,CVE-2026-81963,"Microsoft","Windows",2026-09-08,Unknown,2026-09-26,0.00393,0.30894,,,
1717,CVE-2022-22265,"Samsung","Mobile Devices",2023-09-18,Unknown,2026-09-26,0.00392,0.30677,,,
1718,CVE-2021-25395,"Samsung","Mobile Devices",2023-06-29,Unknown,2026-09-26,0.00366,0.27918,,,
1719,CVE-2025-43510,"Apple","Multiple Products",2026-03-20,Unknown,2026-09-26,0.00355,0.26727,,,
1720,CVE-2026-56155,"Microsoft","Active Directory Federation Services",2026-07-14,Unknown,2026-09-26,0.00346,0.25577,,,
1721,CVE-2026-68820,"Microsoft","Windows Ancillary Function Driver for WinSock ",2026-08-11,Unknown,2026-09-26,0.00332,0.23827,,,
1722,CVE-2026-3502,"TrueConf","Client",2026-04-02,Unknown,2026-09-26,0.00329,0.23414,,,
1723,CVE-2023-21237,"Android","Pixel",2024-03-05,Unknown,2026-09-26,0.00266,0.16573,,,
1724,CVE-2025-48633,"Android","Framework",2025-12-02,Unknown,2026-09-26,0.00262,0.16168,,,
1725,CVE-2025-48572,"Android","Framework",2025-12-02,Unknown,2026-09-26,0.00259,0.158,,,
1726,CVE-2026-87886,"Acronis","Backup",2026-09-16,Unknown,2026-09-26,0.00233,0.1277,,,
