category,key,value,cisa_date_added,vulncheck_date_added,diff_days
summary,cisa_total,1726,,,
summary,vulncheck_total,3853,,,
summary,common_count,1113,,,
summary,cisa_only_count,613,,,
summary,vulncheck_only_count,2740,,,
summary,common_ratio_of_cisa_pct,64.48,,,
summary,common_ratio_of_vulncheck_pct,28.89,,,
summary,diff_excluded_count,0,,,
summary,diff_n,1113,,,
summary,diff_mean_days,-41.21,,,
summary,diff_median_days,-2.00,,,
summary,diff_stddev_days,131.52,,,
summary,diff_min_days,-1258.0,,,
summary,diff_max_days,0.0,,,
histogram,-1258~-1196,3,,,
histogram,-1132~-1070,1,,,
histogram,-1069~-1007,1,,,
histogram,-943~-881,1,,,
histogram,-880~-818,1,,,
histogram,-817~-755,3,,,
histogram,-754~-692,2,,,
histogram,-691~-629,4,,,
histogram,-628~-566,3,,,
histogram,-565~-503,3,,,
histogram,-502~-440,6,,,
histogram,-439~-377,3,,,
histogram,-376~-314,15,,,
histogram,-313~-251,10,,,
histogram,-250~-188,15,,,
histogram,-187~-125,23,,,
histogram,-124~-62,51,,,
histogram,-61~1,968,,,
common,CVE-2004-0210,,2022-03-03,2022-03-03T00:00:00Z,0
common,CVE-2006-1547,,2022-01-21,2022-01-21T00:00:00Z,0
common,CVE-2008-4128,,2026-07-13,2026-07-13T00:00:00Z,0
common,CVE-2009-0557,,2022-06-08,2022-06-08T00:00:00Z,0
common,CVE-2009-2055,,2022-03-25,2022-03-25T00:00:00Z,0
common,CVE-2010-3035,,2022-03-25,2022-03-25T00:00:00Z,0
common,CVE-2010-3904,,2023-05-12,2023-05-12T00:00:00Z,0
common,CVE-2011-1889,,2022-03-03,2022-03-03T00:00:00Z,0
common,CVE-2012-0151,,2022-06-08,2021-11-15T00:00:00Z,-205
common,CVE-2012-2034,,2022-03-28,2022-03-28T00:00:00Z,0
common,CVE-2013-1675,,2022-03-03,2022-03-03T00:00:00Z,0
common,CVE-2013-2596,,2022-09-15,2022-09-15T00:00:00Z,0
common,CVE-2013-2597,,2022-09-15,2022-09-15T00:00:00Z,0
common,CVE-2013-3993,,2022-05-25,2022-01-26T00:00:00Z,-119
common,CVE-2013-5223,,2022-03-25,2021-11-11T00:00:00Z,-134
common,CVE-2014-0130,,2022-03-25,2022-01-12T00:00:00Z,-72
common,CVE-2014-0196,,2023-05-12,2023-05-12T00:00:00Z,0
common,CVE-2014-0496,,2022-03-03,2022-03-03T00:00:00Z,0
common,CVE-2014-0780,,2022-04-15,2022-01-12T00:00:00Z,-93
common,CVE-2014-100005,,2024-05-16,2024-05-16T00:00:00Z,0
common,CVE-2014-2120,,2024-11-12,2024-11-07T00:00:00Z,-5
common,CVE-2014-3120,,2022-03-25,2022-03-25T00:00:00Z,0
common,CVE-2014-3931,,2025-07-07,2025-07-07T00:00:00Z,0
common,CVE-2014-4404,,2022-02-10,2022-02-10T00:00:00Z,0
common,CVE-2015-1130,,2022-02-10,2022-02-10T00:00:00Z,0
common,CVE-2015-2291,,2023-02-10,2023-01-10T00:00:00Z,-31
common,CVE-2015-3035,,2022-03-25,2022-03-25T00:00:00Z,0
common,CVE-2015-3246,,2026-08-26,2026-08-20T00:00:00Z,-6
common,CVE-2015-4068,,2022-03-25,2022-01-12T00:00:00Z,-72
common,CVE-2015-5287,,2026-08-26,2026-08-20T00:00:00Z,-6
common,CVE-2015-5317,,2023-05-12,2023-05-12T00:00:00Z,0
common,CVE-2016-0040,,2022-03-28,2022-03-28T00:00:00Z,0
common,CVE-2016-0151,,2022-03-28,2022-03-28T00:00:00Z,0
common,CVE-2016-0185,,2021-11-03,2021-11-03T00:00:00Z,0
common,CVE-2016-10033,,2025-07-07,2022-01-26T00:00:00Z,-1258
common,CVE-2016-10174,,2022-03-25,2022-03-25T00:00:00Z,0
common,CVE-2016-11021,,2022-03-25,2021-11-11T00:00:00Z,-134
common,CVE-2016-2386,,2022-06-09,2022-06-09T00:00:00Z,0
common,CVE-2016-2388,,2022-06-09,2022-06-09T00:00:00Z,0
common,CVE-2016-3235,,2021-11-03,2021-11-03T00:00:00Z,0
common,CVE-2016-3309,,2022-03-15,2022-03-15T00:00:00Z,0
common,CVE-2016-3427,,2023-05-12,2023-05-12T00:00:00Z,0
common,CVE-2016-3643,,2021-11-03,2021-11-03T00:00:00Z,0
common,CVE-2016-3715,,2021-11-03,2021-11-03T00:00:00Z,0
common,CVE-2016-3718,,2021-11-03,2021-11-03T00:00:00Z,0
common,CVE-2016-4437,,2021-11-03,2021-11-03T00:00:00Z,0
common,CVE-2016-4523,,2022-04-15,2022-01-12T00:00:00Z,-93
common,CVE-2016-8562,,2022-03-03,2022-03-03T00:00:00Z,0
common,CVE-2016-8735,,2023-05-12,2023-05-12T00:00:00Z,0
common,CVE-2017-0101,,2022-03-15,2022-03-15T00:00:00Z,0
common,CVE-2017-12231,,2022-03-03,2022-03-03T00:00:00Z,0
common,CVE-2017-12232,,2022-03-03,2022-03-03T00:00:00Z,0
common,CVE-2017-12233,,2022-03-03,2022-03-03T00:00:00Z,0
common,CVE-2017-12234,,2022-03-03,2022-03-03T00:00:00Z,0
common,CVE-2017-12235,,2022-03-03,2022-03-03T00:00:00Z,0
common,CVE-2017-12237,,2022-03-03,2022-03-03T00:00:00Z,0
common,CVE-2017-12238,,2022-03-03,2022-03-03T00:00:00Z,0
common,CVE-2017-12240,,2022-03-03,2022-03-03T00:00:00Z,0
common,CVE-2017-12319,,2022-03-03,2022-03-03T00:00:00Z,0
common,CVE-2017-15944,,2022-08-18,2022-08-18T00:00:00Z,0
common,CVE-2017-18368,,2023-08-07,2021-11-11T00:00:00Z,-634
common,CVE-2017-3506,,2024-06-03,2023-05-16T00:00:00Z,-384
common,CVE-2017-6627,,2022-03-03,2022-03-03T00:00:00Z,0
common,CVE-2017-6663,,2022-03-03,2022-03-03T00:00:00Z,0
common,CVE-2017-6737,,2022-03-03,2022-03-03T00:00:00Z,0
common,CVE-2017-6738,,2022-03-03,2022-03-03T00:00:00Z,0
common,CVE-2017-6739,,2022-03-03,2022-03-03T00:00:00Z,0
common,CVE-2017-6740,,2022-03-03,2022-03-03T00:00:00Z,0
common,CVE-2017-6742,,2023-04-19,2023-04-17T00:00:00Z,-2
common,CVE-2017-6743,,2022-03-03,2022-03-03T00:00:00Z,0
common,CVE-2017-6744,,2022-03-03,2022-03-03T00:00:00Z,0
common,CVE-2017-6862,,2022-06-08,2022-06-07T00:00:00Z,-1
common,CVE-2017-7921,,2026-03-05,2023-11-18T00:00:00Z,-838
common,CVE-2017-8540,,2022-03-03,2022-03-03T00:00:00Z,0
common,CVE-2017-9805,,2021-11-03,2021-11-03T00:00:00Z,0
common,CVE-2018-0125,,2022-03-25,2022-03-25T00:00:00Z,0
common,CVE-2018-0147,,2022-03-25,2022-03-16T00:00:00Z,-9
common,CVE-2018-0151,,2022-03-03,2022-03-03T00:00:00Z,0
common,CVE-2018-0154,,2022-03-03,2022-03-03T00:00:00Z,0
common,CVE-2018-0155,,2022-03-03,2022-03-03T00:00:00Z,0
common,CVE-2018-0156,,2022-03-03,2022-03-03T00:00:00Z,0
common,CVE-2018-0158,,2022-03-03,2022-03-03T00:00:00Z,0
common,CVE-2018-0159,,2022-03-03,2022-03-03T00:00:00Z,0
common,CVE-2018-0161,,2022-03-03,2022-03-03T00:00:00Z,0
common,CVE-2018-0167,,2022-03-03,2022-03-03T00:00:00Z,0
common,CVE-2018-0171,,2021-11-03,2021-11-03T00:00:00Z,0
common,CVE-2018-0172,,2022-03-03,2022-03-03T00:00:00Z,0
common,CVE-2018-0173,,2022-03-03,2022-03-03T00:00:00Z,0
common,CVE-2018-0174,,2022-03-03,2022-03-03T00:00:00Z,0
common,CVE-2018-0175,,2022-03-03,2022-03-03T00:00:00Z,0
common,CVE-2018-0179,,2022-03-03,2022-03-03T00:00:00Z,0
common,CVE-2018-0180,,2022-03-03,2022-03-03T00:00:00Z,0
common,CVE-2018-0824,,2024-08-05,2024-08-01T00:00:00Z,-4
common,CVE-2018-14634,,2026-01-26,2026-01-26T00:00:00Z,0
common,CVE-2018-14667,,2023-09-28,2023-09-28T00:00:00Z,0
common,CVE-2018-14839,,2022-03-25,2022-03-25T00:00:00Z,0
common,CVE-2018-15133,,2024-01-16,2023-03-17T00:00:00Z,-305
common,CVE-2018-15811,,2021-11-03,2021-11-03T00:00:00Z,0
common,CVE-2018-15961,,2021-11-03,2021-11-03T00:00:00Z,0
common,CVE-2018-18325,,2021-11-03,2021-11-03T00:00:00Z,0
common,CVE-2018-18809,,2022-12-29,2022-12-29T00:00:00Z,0
common,CVE-2018-19321,,2022-10-24,2022-10-24T00:00:00Z,0
common,CVE-2018-19322,,2022-10-24,2022-10-24T00:00:00Z,0
common,CVE-2018-19323,,2022-10-24,2022-10-24T00:00:00Z,0
common,CVE-2018-19410,,2025-02-04,2025-02-04T00:00:00Z,0
common,CVE-2018-19943,,2022-05-24,2022-01-26T00:00:00Z,-118
common,CVE-2018-19953,,2022-05-24,2022-01-26T00:00:00Z,-118
common,CVE-2018-2628,,2022-09-08,2022-09-08T00:00:00Z,0
common,CVE-2018-4063,,2025-12-12,2025-12-11T00:00:00Z,-1
common,CVE-2018-4344,,2022-06-27,2022-06-23T00:00:00Z,-4
common,CVE-2018-5430,,2022-12-29,2022-12-29T00:00:00Z,0
common,CVE-2018-6530,,2022-09-08,2022-09-06T00:00:00Z,-2
common,CVE-2018-6882,,2022-04-19,2022-04-14T00:00:00Z,-5
common,CVE-2018-8298,,2022-03-03,2022-03-03T00:00:00Z,0
common,CVE-2018-8581,,2022-03-03,2022-03-03T00:00:00Z,0
common,CVE-2018-9276,,2025-02-04,2025-02-04T00:00:00Z,0
common,CVE-2019-0211,,2021-11-03,2021-11-03T00:00:00Z,0
common,CVE-2019-0344,,2024-09-30,2024-09-30T00:00:00Z,0
common,CVE-2019-0541,,2021-11-03,2021-11-03T00:00:00Z,0
common,CVE-2019-0543,,2022-03-15,2022-03-15T00:00:00Z,0
common,CVE-2019-0841,,2022-03-15,2022-03-15T00:00:00Z,0
common,CVE-2019-10068,,2022-03-25,2022-03-25T00:00:00Z,0
common,CVE-2019-1064,,2022-03-15,2022-03-15T00:00:00Z,0
common,CVE-2019-1068,,2026-08-26,2024-09-04T00:00:00Z,-721
common,CVE-2019-11001,,2024-12-18,2024-12-18T00:00:00Z,0
common,CVE-2019-1129,,2022-03-15,2022-03-15T00:00:00Z,0
common,CVE-2019-1130,,2022-05-23,2022-03-24T00:00:00Z,-60
common,CVE-2019-1253,,2022-03-15,2022-03-15T00:00:00Z,0
common,CVE-2019-1297,,2022-03-03,2022-03-03T00:00:00Z,0
common,CVE-2019-1315,,2022-03-15,2022-03-15T00:00:00Z,0
common,CVE-2019-13272,,2021-12-10,2021-12-10T00:00:00Z,0
common,CVE-2019-1385,,2022-05-23,2022-03-24T00:00:00Z,-60
common,CVE-2019-1388,,2023-04-07,2022-03-24T00:00:00Z,-379
common,CVE-2019-15271,,2022-06-08,2022-06-07T00:00:00Z,-1
common,CVE-2019-15752,,2021-11-03,2021-11-03T00:00:00Z,0
common,CVE-2019-15949,,2021-11-03,2021-11-03T00:00:00Z,0
common,CVE-2019-16256,,2021-11-03,2021-11-03T00:00:00Z,0
common,CVE-2019-16928,,2022-03-03,2022-03-03T00:00:00Z,0
common,CVE-2019-17558,,2021-11-03,2021-11-03T00:00:00Z,0
common,CVE-2019-17621,,2023-06-29,2023-06-22T00:00:00Z,-7
common,CVE-2019-18426,,2022-05-23,2022-04-12T00:00:00Z,-41
common,CVE-2019-18988,,2021-11-03,2021-11-03T00:00:00Z,0
common,CVE-2019-20085,,2021-11-03,2021-11-03T00:00:00Z,0
common,CVE-2019-20500,,2023-06-29,2023-06-22T00:00:00Z,-7
common,CVE-2019-2616,,2022-03-25,2022-03-25T00:00:00Z,0
common,CVE-2019-3010,,2022-05-25,2022-05-25T00:00:00Z,0
common,CVE-2019-3398,,2021-11-03,2021-11-03T00:00:00Z,0
common,CVE-2019-4716,,2021-11-03,2021-11-03T00:00:00Z,0
common,CVE-2019-5418,,2025-07-07,2025-07-07T00:00:00Z,0
common,CVE-2019-6693,,2025-06-25,2023-08-23T00:00:00Z,-672
common,CVE-2019-7193,,2022-06-08,2022-01-26T00:00:00Z,-133
common,CVE-2019-7481,,2021-11-03,2021-11-03T00:00:00Z,0
common,CVE-2019-7483,,2022-03-28,2022-03-28T00:00:00Z,0
common,CVE-2019-8526,,2023-04-17,2022-01-25T00:00:00Z,-447
common,CVE-2019-8605,,2022-06-27,2022-06-23T00:00:00Z,-4
common,CVE-2019-8720,,2022-05-23,2022-05-23T00:00:00Z,0
common,CVE-2019-9621,,2025-07-07,2023-09-18T00:00:00Z,-658
common,CVE-2019-9874,,2025-03-26,2025-03-26T00:00:00Z,0
common,CVE-2019-9875,,2025-03-26,2025-03-26T00:00:00Z,0
common,CVE-2020-0618,,2024-09-18,2023-06-05T00:00:00Z,-471
common,CVE-2020-0638,,2022-05-23,2022-03-24T00:00:00Z,-60
common,CVE-2020-0646,,2021-11-03,2021-11-03T00:00:00Z,0
common,CVE-2020-0683,,2021-11-03,2021-11-03T00:00:00Z,0
common,CVE-2020-0878,,2021-11-03,2021-11-03T00:00:00Z,0
common,CVE-2020-10181,,2021-11-03,2021-11-03T00:00:00Z,0
common,CVE-2020-10199,,2021-11-03,2021-11-03T00:00:00Z,0
common,CVE-2020-10221,,2021-11-03,2021-11-03T00:00:00Z,0
common,CVE-2020-1147,,2021-11-03,2021-11-03T00:00:00Z,0
common,CVE-2020-11899,,2022-03-03,2022-03-03T00:00:00Z,0
common,CVE-2020-11978,,2022-01-18,2022-01-18T00:00:00Z,0
common,CVE-2020-12641,,2023-06-22,2023-06-20T00:00:00Z,-2
common,CVE-2020-13927,,2022-01-18,2022-01-18T00:00:00Z,0
common,CVE-2020-13965,,2024-06-26,2024-06-26T00:00:00Z,0
common,CVE-2020-14644,,2024-09-18,2024-09-18T00:00:00Z,0
common,CVE-2020-14864,,2022-01-18,2022-01-18T00:00:00Z,0
common,CVE-2020-14883,,2021-11-03,2021-11-03T00:00:00Z,0
common,CVE-2020-15069,,2025-02-06,2024-10-31T00:00:00Z,-98
common,CVE-2020-15415,,2024-09-30,2023-02-15T00:00:00Z,-593
common,CVE-2020-17144,,2021-11-03,2021-11-03T00:00:00Z,0
common,CVE-2020-24363,,2025-09-02,2025-09-02T00:00:00Z,0
common,CVE-2020-25079,,2025-08-05,2025-08-05T00:00:00Z,0
common,CVE-2020-2509,,2022-04-11,2022-04-11T00:00:00Z,0
common,CVE-2020-25223,,2022-03-25,2022-03-25T00:00:00Z,0
common,CVE-2020-2551,,2023-11-16,2023-06-02T00:00:00Z,-167
common,CVE-2020-28949,,2022-08-25,2022-08-25T00:00:00Z,0
common,CVE-2020-29574,,2025-02-06,2024-10-31T00:00:00Z,-98
common,CVE-2020-29583,,2021-11-03,2021-11-03T00:00:00Z,0
common,CVE-2020-3153,,2022-10-24,2022-10-20T00:00:00Z,-4
common,CVE-2020-3161,,2021-11-03,2021-11-03T00:00:00Z,0
common,CVE-2020-3259,,2024-02-15,2024-01-29T00:00:00Z,-17
common,CVE-2020-3433,,2022-10-24,2022-10-20T00:00:00Z,-4
common,CVE-2020-3452,,2021-11-03,2021-11-03T00:00:00Z,0
common,CVE-2020-35730,,2023-06-22,2023-06-20T00:00:00Z,-2
common,CVE-2020-3580,,2021-11-03,2021-11-03T00:00:00Z,0
common,CVE-2020-36193,,2022-08-25,2022-08-25T00:00:00Z,0
common,CVE-2020-3837,,2022-06-27,2022-06-23T00:00:00Z,-4
common,CVE-2020-3950,,2021-11-03,2021-11-03T00:00:00Z,0
common,CVE-2020-3952,,2021-11-03,2021-11-03T00:00:00Z,0
common,CVE-2020-4427,,2021-11-03,2021-11-03T00:00:00Z,0
common,CVE-2020-4428,,2021-11-03,2021-11-03T00:00:00Z,0
common,CVE-2020-4430,,2021-11-03,2021-11-03T00:00:00Z,0
common,CVE-2020-5135,,2022-03-15,2022-03-15T00:00:00Z,0
common,CVE-2020-5410,,2022-03-25,2022-01-12T00:00:00Z,-72
common,CVE-2020-5735,,2021-11-03,2021-11-03T00:00:00Z,0
common,CVE-2020-5741,,2023-03-10,2023-02-27T00:00:00Z,-11
common,CVE-2020-5847,,2021-11-03,2021-11-03T00:00:00Z,0
common,CVE-2020-5849,,2021-11-03,2021-11-03T00:00:00Z,0
common,CVE-2020-7247,,2022-03-25,2022-03-25T00:00:00Z,0
common,CVE-2020-7796,,2026-02-17,2023-12-12T00:00:00Z,-798
common,CVE-2020-8599,,2021-11-03,2021-11-03T00:00:00Z,0
common,CVE-2020-8644,,2021-11-03,2021-11-03T00:00:00Z,0
common,CVE-2020-8655,,2021-11-03,2021-11-03T00:00:00Z,0
common,CVE-2020-8657,,2021-11-03,2021-11-03T00:00:00Z,0
common,CVE-2020-9377,,2022-03-25,2021-11-11T00:00:00Z,-134
common,CVE-2020-9715,,2026-04-13,2026-04-13T00:00:00Z,0
common,CVE-2020-9859,,2021-11-03,2021-11-03T00:00:00Z,0
common,CVE-2020-9907,,2022-06-27,2022-06-23T00:00:00Z,-4
common,CVE-2020-9934,,2022-09-08,2022-07-19T00:00:00Z,-51
common,CVE-2021-0920,,2022-05-23,2021-11-05T00:00:00Z,-199
common,CVE-2021-1048,,2022-05-23,2021-11-06T00:00:00Z,-198
common,CVE-2021-20035,,2025-04-16,2025-04-15T00:00:00Z,-1
common,CVE-2021-20038,,2022-01-28,2022-01-28T00:00:00Z,0
common,CVE-2021-20123,,2024-09-03,2024-07-30T00:00:00Z,-35
common,CVE-2021-20124,,2024-09-03,2024-09-03T00:00:00Z,0
common,CVE-2021-21311,,2025-09-29,2022-05-04T00:00:00Z,-1244
common,CVE-2021-21551,,2022-03-31,2022-03-31T00:00:00Z,0
common,CVE-2021-22017,,2022-01-10,2022-01-10T00:00:00Z,0
common,CVE-2021-22054,,2026-03-09,2025-03-11T00:00:00Z,-363
common,CVE-2021-22175,,2026-02-18,2025-03-11T00:00:00Z,-344
common,CVE-2021-22205,,2021-11-03,2021-11-03T00:00:00Z,0
common,CVE-2021-22555,,2025-10-06,2024-03-18T00:00:00Z,-567
common,CVE-2021-22600,,2022-04-11,2022-03-07T00:00:00Z,-35
common,CVE-2021-22681,,2026-03-05,2026-03-05T00:00:00Z,0
common,CVE-2021-22941,,2022-03-25,2022-03-07T00:00:00Z,-18
common,CVE-2021-23758,,2026-08-26,2026-08-20T00:00:00Z,-6
common,CVE-2021-23874,,2021-11-03,2021-11-03T00:00:00Z,0
common,CVE-2021-26085,,2022-03-28,2022-03-28T00:00:00Z,0
common,CVE-2021-26086,,2024-11-12,2023-11-18T00:00:00Z,-360
common,CVE-2021-26828,,2025-12-03,2025-10-09T00:00:00Z,-55
common,CVE-2021-26829,,2025-11-28,2025-10-09T00:00:00Z,-50
common,CVE-2021-27137,,2026-07-21,2026-06-03T00:00:00Z,-48
common,CVE-2021-27852,,2022-04-11,2022-04-11T00:00:00Z,0
common,CVE-2021-27860,,2022-01-10,2022-01-10T00:00:00Z,0
common,CVE-2021-27876,,2023-04-07,2023-04-03T00:00:00Z,-4
common,CVE-2021-27877,,2023-04-07,2023-04-03T00:00:00Z,-4
common,CVE-2021-27878,,2023-04-07,2023-04-03T00:00:00Z,-4
common,CVE-2021-29256,,2023-07-07,2023-07-05T00:00:00Z,-2
common,CVE-2021-30900,,2023-03-30,2023-03-29T00:00:00Z,-1
common,CVE-2021-30952,,2026-03-05,2026-03-03T00:00:00Z,-2
common,CVE-2021-30983,,2022-06-27,2021-12-13T00:00:00Z,-196
common,CVE-2021-31166,,2022-04-06,2022-03-24T00:00:00Z,-13
common,CVE-2021-31196,,2024-08-21,2022-09-14T00:00:00Z,-707
common,CVE-2021-3156,,2022-04-06,2022-04-06T00:00:00Z,0
common,CVE-2021-32030,,2025-06-02,2023-11-16T00:00:00Z,-564
common,CVE-2021-32648,,2022-01-18,2022-01-18T00:00:00Z,0
common,CVE-2021-33044,,2024-08-21,2023-12-05T00:00:00Z,-260
common,CVE-2021-33045,,2024-08-21,2024-08-21T00:00:00Z,0
common,CVE-2021-33766,,2022-01-18,2021-12-21T00:00:00Z,-28
common,CVE-2021-34484,,2022-03-31,2022-03-28T00:00:00Z,-3
common,CVE-2021-34486,,2022-03-28,2022-03-28T00:00:00Z,0
common,CVE-2021-3493,,2022-10-20,2022-10-20T00:00:00Z,0
common,CVE-2021-35247,,2022-01-21,2022-01-19T00:00:00Z,-2
common,CVE-2021-35464,,2021-11-03,2021-11-03T00:00:00Z,0
common,CVE-2021-35587,,2022-11-28,2022-11-28T00:00:00Z,0
common,CVE-2021-3560,,2023-05-12,2023-05-12T00:00:00Z,0
common,CVE-2021-36260,,2022-01-10,2021-12-06T00:00:00Z,-35
common,CVE-2021-36380,,2024-03-05,2023-10-09T00:00:00Z,-148
common,CVE-2021-36934,,2022-02-10,2022-02-09T00:00:00Z,-1
common,CVE-2021-36955,,2021-11-03,2021-11-03T00:00:00Z,0
common,CVE-2021-37415,,2021-12-01,2021-12-01T00:00:00Z,0
common,CVE-2021-38163,,2022-06-09,2022-06-09T00:00:00Z,0
common,CVE-2021-38406,,2022-08-25,2022-08-25T00:00:00Z,0
common,CVE-2021-38646,,2022-03-28,2022-03-28T00:00:00Z,0
common,CVE-2021-39144,,2023-03-10,2023-03-08T00:00:00Z,-2
common,CVE-2021-39226,,2022-08-25,2022-08-19T00:00:00Z,-6
common,CVE-2021-39793,,2022-04-11,2022-03-07T00:00:00Z,-35
common,CVE-2021-39935,,2026-02-03,2025-03-11T00:00:00Z,-329
common,CVE-2021-4034,,2022-06-27,2022-06-07T00:00:00Z,-20
common,CVE-2021-40407,,2024-12-18,2024-12-18T00:00:00Z,0
common,CVE-2021-40438,,2021-12-01,2021-12-01T00:00:00Z,0
common,CVE-2021-40450,,2022-04-25,2022-04-25T00:00:00Z,0
common,CVE-2021-40655,,2024-05-16,2024-05-16T00:00:00Z,0
common,CVE-2021-40870,,2022-01-18,2021-12-21T00:00:00Z,-28
common,CVE-2021-4102,,2021-12-15,2021-12-09T00:00:00Z,-6
common,CVE-2021-41277,,2024-11-12,2022-05-31T00:00:00Z,-896
common,CVE-2021-41357,,2022-04-25,2022-04-25T00:00:00Z,0
common,CVE-2021-41379,,2022-03-03,2021-11-30T00:00:00Z,-93
common,CVE-2021-42013,,2021-11-03,2021-11-03T00:00:00Z,0
common,CVE-2021-42237,,2022-03-25,2022-03-25T00:00:00Z,0
common,CVE-2021-42278,,2022-04-11,2022-04-11T00:00:00Z,0
common,CVE-2021-42287,,2022-04-11,2022-04-11T00:00:00Z,0
common,CVE-2021-42292,,2021-11-17,2021-11-09T00:00:00Z,-8
common,CVE-2021-42321,,2021-11-17,2021-11-09T00:00:00Z,-8
common,CVE-2021-43226,,2025-10-06,2022-06-13T00:00:00Z,-1211
common,CVE-2021-43798,,2025-10-09,2023-12-02T00:00:00Z,-677
common,CVE-2021-43890,,2021-12-15,2021-12-14T00:00:00Z,-1
common,CVE-2021-44026,,2023-06-22,2023-06-20T00:00:00Z,-2
common,CVE-2021-44077,,2021-12-01,2021-12-01T00:00:00Z,0
common,CVE-2021-44168,,2021-12-10,2021-12-07T00:00:00Z,-3
common,CVE-2021-44207,,2024-12-23,2022-03-08T00:00:00Z,-1021
common,CVE-2021-44228,,2021-12-10,2021-12-06T00:00:00Z,-4
common,CVE-2021-44515,,2021-12-10,2021-12-10T00:00:00Z,0
common,CVE-2021-44529,,2024-03-25,2024-02-29T00:00:00Z,-25
common,CVE-2021-45046,,2023-05-01,2021-12-06T00:00:00Z,-511
common,CVE-2021-45382,,2022-04-04,2022-04-01T00:00:00Z,-3
common,CVE-2022-0028,,2022-08-22,2022-08-10T00:00:00Z,-12
common,CVE-2022-0185,,2024-08-21,2024-03-21T00:00:00Z,-153
common,CVE-2022-0492,,2026-06-02,2026-06-01T00:00:00Z,-1
common,CVE-2022-0543,,2022-03-28,2022-03-24T00:00:00Z,-4
common,CVE-2022-0609,,2022-02-15,2022-02-10T00:00:00Z,-5
common,CVE-2022-0847,,2022-04-25,2022-04-25T00:00:00Z,0
common,CVE-2022-0995,,2026-08-26,2026-08-20T00:00:00Z,-6
common,CVE-2022-1040,,2022-03-31,2022-03-21T00:00:00Z,-10
common,CVE-2022-1096,,2022-03-28,2022-03-23T00:00:00Z,-5
common,CVE-2022-1364,,2022-04-15,2022-04-13T00:00:00Z,-2
common,CVE-2022-20699,,2022-03-03,2022-03-03T00:00:00Z,0
common,CVE-2022-20700,,2022-03-03,2022-03-03T00:00:00Z,0
common,CVE-2022-20701,,2022-03-03,2022-03-03T00:00:00Z,0
common,CVE-2022-20703,,2022-03-03,2022-03-03T00:00:00Z,0
common,CVE-2022-20708,,2022-03-03,2022-03-03T00:00:00Z,0
common,CVE-2022-20775,,2026-02-25,2026-02-25T00:00:00Z,0
common,CVE-2022-20821,,2022-05-23,2022-05-20T00:00:00Z,-3
common,CVE-2022-21445,,2024-09-18,2023-10-08T00:00:00Z,-346
common,CVE-2022-21587,,2023-02-02,2023-02-02T00:00:00Z,0
common,CVE-2022-21882,,2022-02-04,2022-01-11T00:00:00Z,-24
common,CVE-2022-21919,,2022-04-25,2022-04-25T00:00:00Z,0
common,CVE-2022-21971,,2022-08-18,2022-08-18T00:00:00Z,0
common,CVE-2022-21999,,2022-03-25,2022-03-25T00:00:00Z,0
common,CVE-2022-22047,,2022-07-12,2022-07-12T00:00:00Z,0
common,CVE-2022-22071,,2023-12-05,2023-10-02T00:00:00Z,-64
common,CVE-2022-22265,,2023-09-18,2022-01-01T00:00:00Z,-625
common,CVE-2022-22536,,2022-08-18,2022-08-18T00:00:00Z,0
common,CVE-2022-22587,,2022-01-28,2022-01-26T00:00:00Z,-2
common,CVE-2022-22620,,2022-02-11,2022-02-10T00:00:00Z,-1
common,CVE-2022-22674,,2022-04-04,2022-03-31T00:00:00Z,-4
common,CVE-2022-22675,,2022-04-04,2022-03-31T00:00:00Z,-4
common,CVE-2022-22706,,2023-03-30,2022-01-06T00:00:00Z,-448
common,CVE-2022-22718,,2022-04-19,2022-04-19T00:00:00Z,0
common,CVE-2022-2294,,2022-08-25,2022-07-01T00:00:00Z,-55
common,CVE-2022-22947,,2022-05-16,2022-04-27T00:00:00Z,-19
common,CVE-2022-22948,,2024-07-17,2024-06-18T00:00:00Z,-29
common,CVE-2022-22954,,2022-04-14,2022-04-06T00:00:00Z,-8
common,CVE-2022-22960,,2022-04-15,2022-04-06T00:00:00Z,-9
common,CVE-2022-22963,,2022-08-25,2022-08-19T00:00:00Z,-6
common,CVE-2022-22965,,2022-04-04,2022-04-04T00:00:00Z,0
common,CVE-2022-23131,,2022-02-22,2022-02-22T00:00:00Z,0
common,CVE-2022-23134,,2022-02-22,2022-02-22T00:00:00Z,0
common,CVE-2022-23176,,2022-04-11,2022-03-17T00:00:00Z,-25
common,CVE-2022-23227,,2024-12-18,2024-12-18T00:00:00Z,0
common,CVE-2022-23748,,2025-02-06,2023-10-11T00:00:00Z,-484
common,CVE-2022-24086,,2022-02-15,2022-02-14T00:00:00Z,-1
common,CVE-2022-24112,,2022-08-25,2022-08-19T00:00:00Z,-6
common,CVE-2022-24521,,2022-04-13,2022-04-12T00:00:00Z,-1
common,CVE-2022-24682,,2022-02-25,2021-12-16T00:00:00Z,-71
common,CVE-2022-24706,,2022-08-25,2022-03-06T00:00:00Z,-172
common,CVE-2022-24816,,2024-06-26,2024-01-22T00:00:00Z,-156
common,CVE-2022-24990,,2023-02-10,2022-04-11T00:00:00Z,-305
common,CVE-2022-2586,,2024-06-26,2024-06-19T00:00:00Z,-7
common,CVE-2022-26134,,2022-06-02,2022-03-06T00:00:00Z,-88
common,CVE-2022-26138,,2022-07-29,2022-07-29T00:00:00Z,0
common,CVE-2022-26143,,2022-03-25,2022-03-08T00:00:00Z,-17
common,CVE-2022-26258,,2022-09-08,2022-09-06T00:00:00Z,-2
common,CVE-2022-26318,,2022-03-25,2022-03-17T00:00:00Z,-8
common,CVE-2022-26352,,2022-08-25,2022-05-18T00:00:00Z,-99
common,CVE-2022-26485,,2022-03-07,2022-03-05T00:00:00Z,-2
common,CVE-2022-26486,,2022-03-07,2022-03-05T00:00:00Z,-2
common,CVE-2022-26500,,2022-12-13,2022-10-24T00:00:00Z,-50
common,CVE-2022-26501,,2022-12-13,2022-10-24T00:00:00Z,-50
common,CVE-2022-26871,,2022-03-31,2022-03-31T00:00:00Z,0
common,CVE-2022-26904,,2022-04-25,2022-04-14T00:00:00Z,-11
common,CVE-2022-26923,,2022-08-18,2022-08-18T00:00:00Z,0
common,CVE-2022-26925,,2022-07-01,2022-05-10T00:00:00Z,-52
common,CVE-2022-27518,,2022-12-13,2022-12-13T00:00:00Z,0
common,CVE-2022-27593,,2022-09-08,2022-05-18T00:00:00Z,-113
common,CVE-2022-27924,,2022-08-04,2022-08-04T00:00:00Z,0
common,CVE-2022-27925,,2022-08-11,2022-08-11T00:00:00Z,0
common,CVE-2022-27926,,2023-04-03,2023-03-30T00:00:00Z,-4
common,CVE-2022-2856,,2022-08-18,2022-07-19T00:00:00Z,-30
common,CVE-2022-28810,,2023-03-07,2022-04-14T00:00:00Z,-327
common,CVE-2022-29303,,2023-07-13,2022-08-04T00:00:00Z,-343
common,CVE-2022-29464,,2022-04-25,2022-04-22T00:00:00Z,-3
common,CVE-2022-29499,,2022-06-27,2022-05-18T00:00:00Z,-40
common,CVE-2022-30190,,2022-06-14,2022-05-30T00:00:00Z,-15
common,CVE-2022-30333,,2022-08-09,2022-08-09T00:00:00Z,0
common,CVE-2022-3038,,2023-03-30,2023-03-29T00:00:00Z,-1
common,CVE-2022-30525,,2022-05-16,2022-05-14T00:00:00Z,-2
common,CVE-2022-3075,,2022-09-08,2022-08-30T00:00:00Z,-9
common,CVE-2022-31199,,2023-07-11,2022-12-08T00:00:00Z,-215
common,CVE-2022-3236,,2022-09-23,2022-09-16T00:00:00Z,-7
common,CVE-2022-32893,,2022-08-18,2022-08-17T00:00:00Z,-1
common,CVE-2022-32894,,2022-08-18,2022-08-17T00:00:00Z,-1
common,CVE-2022-32917,,2022-09-14,2022-09-12T00:00:00Z,-2
common,CVE-2022-33891,,2023-03-07,2022-12-21T00:00:00Z,-76
common,CVE-2022-34713,,2022-08-09,2022-08-09T00:00:00Z,0
common,CVE-2022-35405,,2022-09-22,2022-09-22T00:00:00Z,0
common,CVE-2022-35914,,2023-03-07,2022-10-05T00:00:00Z,-153
common,CVE-2022-36537,,2023-02-27,2023-02-14T00:00:00Z,-13
common,CVE-2022-36804,,2022-09-30,2022-09-30T00:00:00Z,0
common,CVE-2022-37042,,2022-08-11,2022-08-10T00:00:00Z,-1
common,CVE-2022-37055,,2025-12-08,2024-05-24T00:00:00Z,-563
common,CVE-2022-3723,,2022-10-28,2022-10-25T00:00:00Z,-3
common,CVE-2022-37969,,2022-09-14,2022-09-13T00:00:00Z,-1
common,CVE-2022-38028,,2024-04-23,2024-04-22T00:00:00Z,-1
common,CVE-2022-38181,,2023-03-30,2023-03-29T00:00:00Z,-1
common,CVE-2022-39197,,2023-03-30,2023-01-17T00:00:00Z,-72
common,CVE-2022-40139,,2022-09-15,2022-09-13T00:00:00Z,-2
common,CVE-2022-40684,,2022-10-11,2022-10-10T00:00:00Z,-1
common,CVE-2022-40765,,2023-02-21,2023-02-21T00:00:00Z,0
common,CVE-2022-40799,,2025-08-05,2025-08-05T00:00:00Z,0
common,CVE-2022-41033,,2022-10-11,2022-10-11T00:00:00Z,0
common,CVE-2022-41040,,2022-09-30,2022-09-29T00:00:00Z,-1
common,CVE-2022-41049,,2022-11-14,2022-11-11T00:00:00Z,-3
common,CVE-2022-41073,,2022-11-08,2022-11-08T00:00:00Z,0
common,CVE-2022-41080,,2023-01-10,2022-12-20T00:00:00Z,-21
common,CVE-2022-41082,,2022-09-30,2022-09-29T00:00:00Z,-1
common,CVE-2022-41091,,2022-11-08,2022-11-08T00:00:00Z,0
common,CVE-2022-41125,,2022-11-08,2022-11-08T00:00:00Z,0
common,CVE-2022-41128,,2022-11-08,2022-11-08T00:00:00Z,0
common,CVE-2022-41223,,2023-02-21,2023-02-21T00:00:00Z,0
common,CVE-2022-41328,,2023-03-14,2023-03-09T00:00:00Z,-5
common,CVE-2022-4135,,2022-11-28,2022-11-22T00:00:00Z,-6
common,CVE-2022-41352,,2022-10-20,2022-10-20T00:00:00Z,0
common,CVE-2022-42475,,2022-12-13,2022-12-12T00:00:00Z,-1
common,CVE-2022-4262,,2022-12-05,2022-11-29T00:00:00Z,-6
common,CVE-2022-42827,,2022-10-25,2022-10-24T00:00:00Z,-1
common,CVE-2022-42856,,2022-12-14,2022-11-30T00:00:00Z,-14
common,CVE-2022-42948,,2023-03-30,2023-03-30T00:00:00Z,0
common,CVE-2022-43769,,2025-03-03,2025-03-03T00:00:00Z,0
common,CVE-2022-43939,,2025-03-03,2023-11-17T00:00:00Z,-472
common,CVE-2022-44698,,2022-12-13,2022-12-13T00:00:00Z,0
common,CVE-2022-44877,,2023-01-17,2023-01-11T00:00:00Z,-6
common,CVE-2022-46169,,2023-02-16,2023-01-08T00:00:00Z,-39
common,CVE-2022-47966,,2023-01-23,2023-01-19T00:00:00Z,-4
common,CVE-2022-47986,,2023-02-21,2023-02-13T00:00:00Z,-8
common,CVE-2022-48503,,2025-10-20,2025-10-20T00:00:00Z,0
common,CVE-2022-48618,,2024-01-31,2024-01-09T00:00:00Z,-22
common,CVE-2023-0266,,2023-03-30,2023-03-29T00:00:00Z,-1
common,CVE-2023-0386,,2025-06-17,2025-06-17T00:00:00Z,0
common,CVE-2023-0669,,2023-02-10,2023-02-08T00:00:00Z,-2
common,CVE-2023-1389,,2023-05-01,2023-04-12T00:00:00Z,-19
common,CVE-2023-1671,,2023-11-16,2023-11-16T00:00:00Z,0
common,CVE-2023-20109,,2023-10-10,2023-09-27T00:00:00Z,-13
common,CVE-2023-20118,,2025-03-03,2025-02-25T00:00:00Z,-6
common,CVE-2023-20198,,2023-10-16,2023-10-16T00:00:00Z,0
common,CVE-2023-20269,,2023-09-13,2023-08-29T00:00:00Z,-15
common,CVE-2023-20273,,2023-10-23,2023-10-16T00:00:00Z,-7
common,CVE-2023-2033,,2023-04-17,2023-04-11T00:00:00Z,-6
common,CVE-2023-20867,,2023-06-23,2023-06-13T00:00:00Z,-10
common,CVE-2023-20887,,2023-06-22,2023-06-20T00:00:00Z,-2
common,CVE-2023-20963,,2023-04-13,2023-03-06T00:00:00Z,-38
common,CVE-2023-21237,,2024-03-05,2023-06-13T00:00:00Z,-266
common,CVE-2023-2136,,2023-04-21,2023-04-12T00:00:00Z,-9
common,CVE-2023-21529,,2026-04-13,2026-04-06T00:00:00Z,-7
common,CVE-2023-21608,,2023-10-10,2023-10-10T00:00:00Z,0
common,CVE-2023-21674,,2023-01-10,2023-01-10T00:00:00Z,0
common,CVE-2023-21715,,2023-02-14,2023-02-14T00:00:00Z,0
common,CVE-2023-21823,,2023-02-14,2023-02-14T00:00:00Z,0
common,CVE-2023-21839,,2023-05-01,2023-05-01T00:00:00Z,0
common,CVE-2023-22515,,2023-10-05,2023-10-04T00:00:00Z,-1
common,CVE-2023-22518,,2023-11-07,2023-11-02T00:00:00Z,-5
common,CVE-2023-22527,,2024-01-24,2024-01-19T00:00:00Z,-5
common,CVE-2023-22952,,2023-02-02,2023-01-04T00:00:00Z,-29
common,CVE-2023-23376,,2023-02-14,2023-02-14T00:00:00Z,0
common,CVE-2023-23397,,2023-03-14,2023-03-14T00:00:00Z,0
common,CVE-2023-23529,,2023-02-14,2023-02-13T00:00:00Z,-1
common,CVE-2023-23752,,2024-01-08,2023-03-08T00:00:00Z,-306
common,CVE-2023-24489,,2023-08-16,2023-07-26T00:00:00Z,-21
common,CVE-2023-24880,,2023-03-14,2023-03-14T00:00:00Z,0
common,CVE-2023-24955,,2024-03-26,2024-03-26T00:00:00Z,0
common,CVE-2023-25280,,2024-09-30,2023-06-22T00:00:00Z,-466
common,CVE-2023-2533,,2025-07-28,2025-07-28T00:00:00Z,0
common,CVE-2023-25717,,2023-05-12,2023-05-08T00:00:00Z,-4
common,CVE-2023-26083,,2023-04-07,2023-03-21T00:00:00Z,-17
common,CVE-2023-26359,,2023-08-21,2023-08-21T00:00:00Z,0
common,CVE-2023-26360,,2023-03-15,2023-03-14T00:00:00Z,-1
common,CVE-2023-26369,,2023-09-14,2023-09-12T00:00:00Z,-2
common,CVE-2023-27350,,2023-04-21,2023-04-18T00:00:00Z,-3
common,CVE-2023-27351,,2026-04-20,2023-04-28T00:00:00Z,-1088
common,CVE-2023-27524,,2024-01-08,2024-01-08T00:00:00Z,0
common,CVE-2023-27532,,2023-08-22,2023-04-26T00:00:00Z,-118
common,CVE-2023-27992,,2023-06-23,2023-06-23T00:00:00Z,0
common,CVE-2023-27997,,2023-06-13,2023-06-12T00:00:00Z,-1
common,CVE-2023-28204,,2023-05-22,2023-05-01T00:00:00Z,-21
common,CVE-2023-28205,,2023-04-10,2023-04-07T00:00:00Z,-3
common,CVE-2023-28206,,2023-04-10,2023-04-07T00:00:00Z,-3
common,CVE-2023-28229,,2023-10-04,2023-10-04T00:00:00Z,0
common,CVE-2023-28252,,2023-04-11,2023-04-11T00:00:00Z,0
common,CVE-2023-28432,,2023-04-21,2023-03-24T00:00:00Z,-28
common,CVE-2023-28434,,2023-09-19,2023-09-04T00:00:00Z,-15
common,CVE-2023-28461,,2024-11-25,2024-09-13T00:00:00Z,-73
common,CVE-2023-2868,,2023-05-26,2023-05-18T00:00:00Z,-8
common,CVE-2023-28771,,2023-05-31,2023-05-25T00:00:00Z,-6
common,CVE-2023-29298,,2023-07-20,2023-07-17T00:00:00Z,-3
common,CVE-2023-29300,,2024-01-08,2023-08-30T00:00:00Z,-131
common,CVE-2023-29336,,2023-05-09,2023-05-09T00:00:00Z,0
common,CVE-2023-29357,,2024-01-10,2023-11-16T00:00:00Z,-55
common,CVE-2023-29360,,2024-02-29,2024-02-07T00:00:00Z,-22
common,CVE-2023-29492,,2023-04-13,2023-04-13T00:00:00Z,0
common,CVE-2023-29552,,2023-11-08,2023-04-25T00:00:00Z,-197
common,CVE-2023-3079,,2023-06-07,2023-06-01T00:00:00Z,-6
common,CVE-2023-32046,,2023-07-11,2023-07-11T00:00:00Z,0
common,CVE-2023-32049,,2023-07-11,2023-07-11T00:00:00Z,0
common,CVE-2023-32315,,2023-08-24,2023-06-09T00:00:00Z,-76
common,CVE-2023-32373,,2023-05-22,2023-05-01T00:00:00Z,-21
common,CVE-2023-32409,,2023-05-22,2023-05-18T00:00:00Z,-4
common,CVE-2023-32434,,2023-06-23,2023-06-21T00:00:00Z,-2
common,CVE-2023-32435,,2023-06-23,2023-03-27T00:00:00Z,-88
common,CVE-2023-32439,,2023-06-23,2023-06-21T00:00:00Z,-2
common,CVE-2023-33009,,2023-06-05,2023-06-05T00:00:00Z,0
common,CVE-2023-33010,,2023-06-05,2023-06-05T00:00:00Z,0
common,CVE-2023-33063,,2023-12-05,2023-12-05T00:00:00Z,0
common,CVE-2023-33106,,2023-12-05,2023-10-02T00:00:00Z,-64
common,CVE-2023-33107,,2023-12-05,2023-10-02T00:00:00Z,-64
common,CVE-2023-33246,,2023-09-06,2023-08-28T00:00:00Z,-9
common,CVE-2023-33538,,2025-06-16,2025-06-16T00:00:00Z,0
common,CVE-2023-34048,,2024-01-22,2024-01-17T00:00:00Z,-5
common,CVE-2023-34192,,2025-02-25,2025-02-25T00:00:00Z,0
common,CVE-2023-34362,,2023-06-02,2023-06-01T00:00:00Z,-1
common,CVE-2023-35078,,2023-07-25,2023-07-24T00:00:00Z,-1
common,CVE-2023-35081,,2023-07-31,2023-07-28T00:00:00Z,-3
common,CVE-2023-35082,,2024-01-18,2023-11-15T00:00:00Z,-64
common,CVE-2023-3519,,2023-07-19,2023-07-18T00:00:00Z,-1
common,CVE-2023-35311,,2023-07-11,2023-07-11T00:00:00Z,0
common,CVE-2023-35674,,2023-09-13,2023-09-05T00:00:00Z,-8
common,CVE-2023-36025,,2023-11-14,2023-11-14T00:00:00Z,0
common,CVE-2023-36033,,2023-11-14,2023-11-14T00:00:00Z,0
common,CVE-2023-36036,,2023-11-14,2023-11-14T00:00:00Z,0
common,CVE-2023-36424,,2026-04-13,2026-04-13T00:00:00Z,0
common,CVE-2023-36563,,2023-10-10,2023-10-10T00:00:00Z,0
common,CVE-2023-36584,,2023-11-16,2023-11-13T00:00:00Z,-3
common,CVE-2023-36761,,2023-09-12,2023-09-12T00:00:00Z,0
common,CVE-2023-36802,,2023-09-12,2023-09-12T00:00:00Z,0
common,CVE-2023-36844,,2023-11-13,2023-08-29T00:00:00Z,-76
common,CVE-2023-36845,,2023-11-13,2023-08-29T00:00:00Z,-76
common,CVE-2023-36846,,2023-11-13,2023-08-29T00:00:00Z,-76
common,CVE-2023-36847,,2023-11-13,2023-08-29T00:00:00Z,-76
common,CVE-2023-36851,,2023-11-13,2023-08-29T00:00:00Z,-76
common,CVE-2023-36874,,2023-07-11,2023-06-30T00:00:00Z,-11
common,CVE-2023-36884,,2023-07-17,2023-07-05T00:00:00Z,-12
common,CVE-2023-37450,,2023-07-13,2023-07-10T00:00:00Z,-3
common,CVE-2023-37580,,2023-07-27,2023-06-29T00:00:00Z,-28
common,CVE-2023-38035,,2023-08-22,2023-08-22T00:00:00Z,0
common,CVE-2023-38180,,2023-08-09,2023-08-09T00:00:00Z,0
common,CVE-2023-38203,,2024-01-08,2023-07-17T00:00:00Z,-175
common,CVE-2023-38205,,2023-07-20,2023-07-20T00:00:00Z,0
common,CVE-2023-38606,,2023-07-26,2023-07-24T00:00:00Z,-2
common,CVE-2023-38831,,2023-08-24,2023-07-10T00:00:00Z,-45
common,CVE-2023-38950,,2025-05-19,2025-05-02T00:00:00Z,-17
common,CVE-2023-39780,,2025-06-02,2025-05-28T00:00:00Z,-5
common,CVE-2023-40044,,2023-10-05,2023-10-01T00:00:00Z,-4
common,CVE-2023-41061,,2023-09-11,2023-09-07T00:00:00Z,-4
common,CVE-2023-41064,,2023-09-11,2023-09-07T00:00:00Z,-4
common,CVE-2023-41179,,2023-09-21,2023-09-19T00:00:00Z,-2
common,CVE-2023-41265,,2023-12-07,2023-11-28T00:00:00Z,-9
common,CVE-2023-41266,,2023-12-07,2023-11-28T00:00:00Z,-9
common,CVE-2023-41763,,2023-10-10,2023-10-10T00:00:00Z,0
common,CVE-2023-41974,,2026-03-05,2026-03-03T00:00:00Z,-2
common,CVE-2023-41990,,2024-01-08,2023-01-23T00:00:00Z,-350
common,CVE-2023-41991,,2023-09-25,2023-09-12T00:00:00Z,-13
common,CVE-2023-41992,,2023-09-25,2023-09-12T00:00:00Z,-13
common,CVE-2023-41993,,2023-09-25,2023-09-12T00:00:00Z,-13
common,CVE-2023-4211,,2023-10-03,2023-09-18T00:00:00Z,-15
common,CVE-2023-42793,,2023-10-04,2023-10-01T00:00:00Z,-3
common,CVE-2023-42824,,2023-10-05,2023-10-04T00:00:00Z,-1
common,CVE-2023-42916,,2023-12-04,2023-11-30T00:00:00Z,-4
common,CVE-2023-42917,,2023-12-04,2023-11-30T00:00:00Z,-4
common,CVE-2023-43000,,2026-03-05,2026-03-03T00:00:00Z,-2
common,CVE-2023-43208,,2024-05-20,2024-03-07T00:00:00Z,-74
common,CVE-2023-4346,,2026-07-15,2026-07-15T00:00:00Z,0
common,CVE-2023-43770,,2024-02-12,2024-02-12T00:00:00Z,0
common,CVE-2023-44221,,2025-05-01,2025-04-29T00:00:00Z,-2
common,CVE-2023-44487,,2023-10-10,2023-10-10T00:00:00Z,0
common,CVE-2023-45249,,2024-07-29,2024-07-24T00:00:00Z,-5
common,CVE-2023-45727,,2024-12-03,2024-09-13T00:00:00Z,-81
common,CVE-2023-46604,,2023-11-02,2023-11-02T00:00:00Z,0
common,CVE-2023-46747,,2023-10-31,2023-10-31T00:00:00Z,0
common,CVE-2023-46748,,2023-10-31,2023-10-30T00:00:00Z,-1
common,CVE-2023-46805,,2024-01-10,2024-01-10T00:00:00Z,0
common,CVE-2023-47246,,2023-11-13,2023-11-08T00:00:00Z,-5
common,CVE-2023-47565,,2023-12-21,2023-12-14T00:00:00Z,-7
common,CVE-2023-4762,,2024-02-06,2023-08-16T00:00:00Z,-174
common,CVE-2023-48365,,2025-01-13,2023-11-28T00:00:00Z,-412
common,CVE-2023-4863,,2023-09-13,2023-09-06T00:00:00Z,-7
common,CVE-2023-48788,,2024-03-25,2024-03-12T00:00:00Z,-13
common,CVE-2023-49103,,2023-11-30,2023-11-27T00:00:00Z,-3
common,CVE-2023-49105,,2026-08-27,2026-08-26T00:00:00Z,-1
common,CVE-2023-4911,,2023-11-21,2023-11-03T00:00:00Z,-18
common,CVE-2023-4966,,2023-10-18,2023-10-17T00:00:00Z,-1
common,CVE-2023-49897,,2023-12-21,2023-12-06T00:00:00Z,-15
common,CVE-2023-50224,,2025-09-03,2025-08-29T00:00:00Z,-5
common,CVE-2023-52163,,2025-12-22,2024-12-19T00:00:00Z,-368
common,CVE-2023-5217,,2023-10-02,2023-09-25T00:00:00Z,-7
common,CVE-2023-5631,,2023-10-26,2023-10-25T00:00:00Z,-1
common,CVE-2023-6345,,2023-11-30,2023-09-28T00:00:00Z,-63
common,CVE-2023-6448,,2023-12-11,2023-11-28T00:00:00Z,-13
common,CVE-2023-6548,,2024-01-17,2024-01-16T00:00:00Z,-1
common,CVE-2023-6549,,2024-01-17,2024-01-16T00:00:00Z,-1
common,CVE-2023-7024,,2024-01-02,2023-12-19T00:00:00Z,-14
common,CVE-2023-7028,,2024-05-01,2024-05-01T00:00:00Z,0
common,CVE-2023-7101,,2024-01-02,2023-12-25T00:00:00Z,-8
common,CVE-2024-0012,,2024-11-18,2024-11-18T00:00:00Z,0
common,CVE-2024-0519,,2024-01-17,2024-01-11T00:00:00Z,-6
common,CVE-2024-0769,,2025-06-25,2024-06-25T00:00:00Z,-365
common,CVE-2024-1086,,2024-05-30,2024-05-30T00:00:00Z,0
common,CVE-2024-11120,,2025-05-07,2024-11-15T00:00:00Z,-173
common,CVE-2024-11182,,2025-05-19,2025-05-15T00:00:00Z,-4
common,CVE-2024-11667,,2024-12-03,2024-11-21T00:00:00Z,-12
common,CVE-2024-11680,,2024-12-03,2024-11-26T00:00:00Z,-7
common,CVE-2024-1212,,2024-11-18,2024-03-29T00:00:00Z,-234
common,CVE-2024-12356,,2024-12-19,2024-12-19T00:00:00Z,0
common,CVE-2024-12686,,2025-01-13,2024-12-18T00:00:00Z,-26
common,CVE-2024-12987,,2025-05-15,2025-02-12T00:00:00Z,-92
common,CVE-2024-13159,,2025-03-10,2025-03-10T00:00:00Z,0
common,CVE-2024-13160,,2025-03-10,2025-03-10T00:00:00Z,0
common,CVE-2024-13161,,2025-03-10,2025-03-10T00:00:00Z,0
common,CVE-2024-1708,,2026-04-28,2024-02-22T00:00:00Z,-796
common,CVE-2024-1709,,2024-02-22,2024-02-20T00:00:00Z,-2
common,CVE-2024-20353,,2024-04-24,2024-04-24T00:00:00Z,0
common,CVE-2024-20359,,2024-04-24,2024-04-24T00:00:00Z,0
common,CVE-2024-20399,,2024-07-02,2024-07-01T00:00:00Z,-1
common,CVE-2024-20439,,2025-03-31,2025-02-27T00:00:00Z,-32
common,CVE-2024-20481,,2024-10-24,2024-10-23T00:00:00Z,-1
common,CVE-2024-20767,,2024-12-16,2024-04-11T00:00:00Z,-249
common,CVE-2024-20953,,2025-02-24,2025-02-24T00:00:00Z,0
common,CVE-2024-21182,,2026-06-01,2026-06-01T00:00:00Z,0
common,CVE-2024-21287,,2024-11-21,2024-11-18T00:00:00Z,-3
common,CVE-2024-21338,,2024-03-04,2024-02-13T00:00:00Z,-20
common,CVE-2024-21351,,2024-02-13,2024-02-13T00:00:00Z,0
common,CVE-2024-21410,,2024-02-15,2024-02-14T00:00:00Z,-1
common,CVE-2024-21412,,2024-02-13,2024-02-13T00:00:00Z,0
common,CVE-2024-21413,,2025-02-06,2024-05-14T00:00:00Z,-268
common,CVE-2024-21762,,2024-02-09,2024-02-08T00:00:00Z,-1
common,CVE-2024-21887,,2024-01-10,2024-01-10T00:00:00Z,0
common,CVE-2024-21893,,2024-01-31,2024-01-15T00:00:00Z,-16
common,CVE-2024-23113,,2024-10-09,2024-10-09T00:00:00Z,0
common,CVE-2024-23222,,2024-01-23,2024-01-22T00:00:00Z,-1
common,CVE-2024-23225,,2024-03-06,2024-03-05T00:00:00Z,-1
common,CVE-2024-23296,,2024-03-06,2024-03-05T00:00:00Z,-1
common,CVE-2024-23692,,2024-07-09,2024-06-28T00:00:00Z,-11
common,CVE-2024-23897,,2024-08-19,2024-01-30T00:00:00Z,-202
common,CVE-2024-24919,,2024-05-30,2024-05-27T00:00:00Z,-3
common,CVE-2024-26169,,2024-06-13,2024-06-12T00:00:00Z,-1
common,CVE-2024-27198,,2024-03-07,2024-03-05T00:00:00Z,-2
common,CVE-2024-27199,,2026-04-20,2024-03-05T00:00:00Z,-776
common,CVE-2024-27348,,2024-09-18,2024-07-15T00:00:00Z,-65
common,CVE-2024-27443,,2025-05-19,2025-05-15T00:00:00Z,-4
common,CVE-2024-28986,,2024-08-15,2024-08-15T00:00:00Z,0
common,CVE-2024-28987,,2024-10-15,2024-10-15T00:00:00Z,0
common,CVE-2024-28995,,2024-07-17,2024-06-21T00:00:00Z,-26
common,CVE-2024-29059,,2025-02-04,2024-04-27T00:00:00Z,-283
common,CVE-2024-29745,,2024-04-04,2024-04-02T00:00:00Z,-2
common,CVE-2024-29748,,2024-04-04,2024-04-02T00:00:00Z,-2
common,CVE-2024-29824,,2024-10-02,2024-06-19T00:00:00Z,-105
common,CVE-2024-29988,,2024-04-30,2024-04-09T00:00:00Z,-21
common,CVE-2024-30040,,2024-05-14,2024-05-14T00:00:00Z,0
common,CVE-2024-30051,,2024-05-14,2024-05-14T00:00:00Z,0
common,CVE-2024-30088,,2024-10-15,2024-10-11T00:00:00Z,-4
common,CVE-2024-32113,,2024-08-07,2024-06-14T00:00:00Z,-54
common,CVE-2024-3272,,2024-04-11,2024-04-11T00:00:00Z,0
common,CVE-2024-3273,,2024-04-11,2024-04-08T00:00:00Z,-3
common,CVE-2024-32896,,2024-06-13,2024-06-11T00:00:00Z,-2
common,CVE-2024-3393,,2024-12-30,2024-12-27T00:00:00Z,-3
common,CVE-2024-3400,,2024-04-12,2024-04-12T00:00:00Z,0
common,CVE-2024-34102,,2024-07-17,2024-07-12T00:00:00Z,-5
common,CVE-2024-35250,,2024-12-16,2024-12-16T00:00:00Z,0
common,CVE-2024-36401,,2024-07-15,2024-07-03T00:00:00Z,-12
common,CVE-2024-36971,,2024-08-07,2024-08-05T00:00:00Z,-2
common,CVE-2024-37079,,2026-01-23,2026-01-23T00:00:00Z,0
common,CVE-2024-37085,,2024-07-30,2024-04-23T00:00:00Z,-98
common,CVE-2024-37383,,2024-10-24,2024-10-09T00:00:00Z,-15
common,CVE-2024-38014,,2024-09-10,2024-09-10T00:00:00Z,0
common,CVE-2024-38080,,2024-07-09,2024-07-09T00:00:00Z,0
common,CVE-2024-38094,,2024-10-22,2024-10-17T00:00:00Z,-5
common,CVE-2024-38106,,2024-08-13,2024-08-13T00:00:00Z,0
common,CVE-2024-38107,,2024-08-13,2024-08-13T00:00:00Z,0
common,CVE-2024-38112,,2024-07-09,2024-07-09T00:00:00Z,0
common,CVE-2024-38178,,2024-08-13,2024-08-13T00:00:00Z,0
common,CVE-2024-38189,,2024-08-13,2024-08-13T00:00:00Z,0
common,CVE-2024-38193,,2024-08-13,2024-08-13T00:00:00Z,0
common,CVE-2024-38213,,2024-08-13,2024-08-13T00:00:00Z,0
common,CVE-2024-38217,,2024-09-10,2024-09-10T00:00:00Z,0
common,CVE-2024-38226,,2024-09-10,2024-09-10T00:00:00Z,0
common,CVE-2024-38475,,2025-05-01,2025-04-29T00:00:00Z,-2
common,CVE-2024-38812,,2024-11-20,2024-09-19T00:00:00Z,-62
common,CVE-2024-38813,,2024-11-20,2024-11-18T00:00:00Z,-2
common,CVE-2024-38856,,2024-08-27,2024-08-19T00:00:00Z,-8
common,CVE-2024-39717,,2024-08-23,2024-08-23T00:00:00Z,0
common,CVE-2024-39891,,2024-07-23,2024-07-02T00:00:00Z,-21
common,CVE-2024-4040,,2024-04-24,2024-04-19T00:00:00Z,-5
common,CVE-2024-40711,,2024-10-17,2024-04-23T00:00:00Z,-177
common,CVE-2024-40766,,2024-09-09,2024-04-23T00:00:00Z,-139
common,CVE-2024-40890,,2025-02-11,2025-01-28T00:00:00Z,-14
common,CVE-2024-40891,,2025-02-11,2025-01-28T00:00:00Z,-14
common,CVE-2024-41710,,2025-02-12,2025-01-28T00:00:00Z,-15
common,CVE-2024-41713,,2025-01-07,2024-12-10T00:00:00Z,-28
common,CVE-2024-42009,,2025-06-09,2025-06-05T00:00:00Z,-4
common,CVE-2024-43047,,2024-10-08,2024-07-29T00:00:00Z,-71
common,CVE-2024-43093,,2024-11-07,2024-11-04T00:00:00Z,-3
common,CVE-2024-43451,,2024-11-12,2024-11-12T00:00:00Z,0
common,CVE-2024-43461,,2024-09-16,2024-09-10T00:00:00Z,-6
common,CVE-2024-43468,,2026-02-12,2026-02-12T00:00:00Z,0
common,CVE-2024-43572,,2024-10-08,2024-10-08T00:00:00Z,0
common,CVE-2024-43573,,2024-10-08,2024-10-08T00:00:00Z,0
common,CVE-2024-4358,,2024-06-13,2024-06-07T00:00:00Z,-6
common,CVE-2024-44308,,2024-11-21,2024-11-19T00:00:00Z,-2
common,CVE-2024-44309,,2024-11-21,2024-11-19T00:00:00Z,-2
common,CVE-2024-45195,,2025-02-04,2024-09-11T00:00:00Z,-146
common,CVE-2024-45519,,2024-10-03,2024-10-01T00:00:00Z,-2
common,CVE-2024-4577,,2024-06-12,2024-06-07T00:00:00Z,-5
common,CVE-2024-4610,,2024-06-12,2024-06-07T00:00:00Z,-5
common,CVE-2024-4671,,2024-05-13,2024-05-07T00:00:00Z,-6
common,CVE-2024-47575,,2024-10-23,2024-10-23T00:00:00Z,0
common,CVE-2024-4761,,2024-05-16,2024-05-09T00:00:00Z,-7
common,CVE-2024-48248,,2025-03-19,2025-03-16T00:00:00Z,-3
common,CVE-2024-4879,,2024-07-29,2024-07-23T00:00:00Z,-6
common,CVE-2024-4885,,2025-03-03,2024-08-06T00:00:00Z,-209
common,CVE-2024-49035,,2025-02-25,2024-11-26T00:00:00Z,-91
common,CVE-2024-49039,,2024-11-12,2024-11-12T00:00:00Z,0
common,CVE-2024-49138,,2024-12-10,2024-12-10T00:00:00Z,0
common,CVE-2024-4947,,2024-05-20,2024-05-13T00:00:00Z,-7
common,CVE-2024-4978,,2024-05-29,2024-05-23T00:00:00Z,-6
common,CVE-2024-50302,,2025-03-04,2024-11-07T00:00:00Z,-117
common,CVE-2024-50603,,2025-01-16,2025-01-07T00:00:00Z,-9
common,CVE-2024-50623,,2024-12-13,2024-12-09T00:00:00Z,-4
common,CVE-2024-51378,,2024-12-04,2024-10-26T00:00:00Z,-39
common,CVE-2024-51567,,2024-11-07,2024-10-29T00:00:00Z,-9
common,CVE-2024-5217,,2024-07-29,2024-07-20T00:00:00Z,-9
common,CVE-2024-5274,,2024-05-28,2024-05-20T00:00:00Z,-8
common,CVE-2024-53104,,2025-02-05,2024-11-07T00:00:00Z,-90
common,CVE-2024-53150,,2025-04-09,2024-11-25T00:00:00Z,-135
common,CVE-2024-53197,,2025-04-09,2024-12-04T00:00:00Z,-126
common,CVE-2024-53704,,2025-02-18,2025-02-13T00:00:00Z,-5
common,CVE-2024-54085,,2025-06-25,2025-06-25T00:00:00Z,0
common,CVE-2024-55550,,2025-01-07,2024-12-11T00:00:00Z,-27
common,CVE-2024-55591,,2025-01-14,2025-01-14T00:00:00Z,0
common,CVE-2024-55956,,2024-12-17,2024-12-10T00:00:00Z,-7
common,CVE-2024-56145,,2025-06-02,2025-05-27T00:00:00Z,-6
common,CVE-2024-57726,,2026-04-24,2025-04-17T00:00:00Z,-372
common,CVE-2024-57727,,2025-02-13,2025-01-31T00:00:00Z,-13
common,CVE-2024-57728,,2026-04-24,2025-04-17T00:00:00Z,-372
common,CVE-2024-57968,,2025-03-10,2025-02-03T00:00:00Z,-35
common,CVE-2024-58136,,2025-05-02,2025-04-09T00:00:00Z,-23
common,CVE-2024-5910,,2024-11-07,2024-11-07T00:00:00Z,0
common,CVE-2024-6047,,2025-05-07,2024-09-04T00:00:00Z,-245
common,CVE-2024-6670,,2024-09-16,2024-09-12T00:00:00Z,-4
common,CVE-2024-7262,,2024-09-03,2024-02-29T00:00:00Z,-187
common,CVE-2024-7399,,2026-04-24,2025-05-05T00:00:00Z,-354
common,CVE-2024-7593,,2024-09-24,2024-08-06T00:00:00Z,-49
common,CVE-2024-7694,,2026-02-17,2026-02-17T00:00:00Z,0
common,CVE-2024-7965,,2024-08-28,2024-08-21T00:00:00Z,-7
common,CVE-2024-7971,,2024-08-26,2024-08-21T00:00:00Z,-5
common,CVE-2024-8068,,2025-08-25,2024-11-12T00:00:00Z,-286
common,CVE-2024-8069,,2025-08-25,2024-11-12T00:00:00Z,-286
common,CVE-2024-8190,,2024-09-13,2024-09-13T00:00:00Z,0
common,CVE-2024-8956,,2024-11-04,2024-09-17T00:00:00Z,-48
common,CVE-2024-8957,,2024-11-04,2024-09-17T00:00:00Z,-48
common,CVE-2024-8963,,2024-09-19,2024-09-19T00:00:00Z,0
common,CVE-2024-9379,,2024-10-09,2024-10-08T00:00:00Z,-1
common,CVE-2024-9380,,2024-10-09,2024-10-08T00:00:00Z,-1
common,CVE-2024-9463,,2024-11-14,2024-10-15T00:00:00Z,-30
common,CVE-2024-9465,,2024-11-14,2024-11-12T00:00:00Z,-2
common,CVE-2024-9474,,2024-11-18,2024-11-18T00:00:00Z,0
common,CVE-2024-9537,,2024-10-21,2024-09-28T00:00:00Z,-23
common,CVE-2024-9680,,2024-10-15,2024-10-09T00:00:00Z,-6
common,CVE-2025-0108,,2025-02-18,2025-02-13T00:00:00Z,-5
common,CVE-2025-0111,,2025-02-20,2025-02-18T00:00:00Z,-2
common,CVE-2025-0282,,2025-01-08,2025-01-08T00:00:00Z,0
common,CVE-2025-0411,,2025-02-06,2025-02-04T00:00:00Z,-2
common,CVE-2025-0994,,2025-02-07,2025-02-06T00:00:00Z,-1
common,CVE-2025-10035,,2025-09-29,2025-09-25T00:00:00Z,-4
common,CVE-2025-10585,,2025-09-23,2025-09-17T00:00:00Z,-6
common,CVE-2025-11371,,2025-11-04,2025-10-09T00:00:00Z,-26
common,CVE-2025-11953,,2026-02-05,2025-12-21T00:00:00Z,-46
common,CVE-2025-12480,,2025-11-12,2025-11-10T00:00:00Z,-2
common,CVE-2025-1316,,2025-03-19,2025-03-07T00:00:00Z,-12
common,CVE-2025-13223,,2025-11-19,2025-11-12T00:00:00Z,-7
common,CVE-2025-14174,,2025-12-12,2025-12-12T00:00:00Z,0
common,CVE-2025-14611,,2025-12-15,2025-12-12T00:00:00Z,-3
common,CVE-2025-14733,,2025-12-19,2025-12-19T00:00:00Z,0
common,CVE-2025-14847,,2025-12-29,2025-12-28T00:00:00Z,-1
common,CVE-2025-15556,,2026-02-12,2026-02-02T00:00:00Z,-10
common,CVE-2025-1976,,2025-04-28,2025-04-17T00:00:00Z,-11
common,CVE-2025-20281,,2025-07-28,2025-07-13T00:00:00Z,-15
common,CVE-2025-20333,,2025-09-25,2025-09-25T00:00:00Z,0
common,CVE-2025-20337,,2025-07-28,2025-07-21T00:00:00Z,-7
common,CVE-2025-20352,,2025-09-29,2025-09-24T00:00:00Z,-5
common,CVE-2025-20362,,2025-09-25,2025-09-25T00:00:00Z,0
common,CVE-2025-20393,,2025-12-17,2025-12-17T00:00:00Z,0
common,CVE-2025-21042,,2025-11-10,2025-11-07T00:00:00Z,-3
common,CVE-2025-21043,,2025-10-02,2025-09-12T00:00:00Z,-20
common,CVE-2025-21333,,2025-01-14,2025-01-14T00:00:00Z,0
common,CVE-2025-21334,,2025-01-14,2025-01-14T00:00:00Z,0
common,CVE-2025-21335,,2025-01-14,2025-01-14T00:00:00Z,0
common,CVE-2025-21391,,2025-02-11,2025-02-11T00:00:00Z,0
common,CVE-2025-21418,,2025-02-11,2025-02-11T00:00:00Z,0
common,CVE-2025-21479,,2025-06-03,2025-06-02T00:00:00Z,-1
common,CVE-2025-21480,,2025-06-03,2025-06-02T00:00:00Z,-1
common,CVE-2025-21590,,2025-03-13,2025-03-12T00:00:00Z,-1
common,CVE-2025-22224,,2025-03-04,2025-03-04T00:00:00Z,0
common,CVE-2025-22225,,2025-03-04,2025-03-04T00:00:00Z,0
common,CVE-2025-22226,,2025-03-04,2025-03-04T00:00:00Z,0
common,CVE-2025-22457,,2025-04-04,2025-04-03T00:00:00Z,-1
common,CVE-2025-23006,,2025-01-24,2025-01-22T00:00:00Z,-2
common,CVE-2025-23209,,2025-02-20,2025-01-17T00:00:00Z,-34
common,CVE-2025-24016,,2025-06-10,2025-05-03T00:00:00Z,-38
common,CVE-2025-24054,,2025-04-17,2025-04-16T00:00:00Z,-1
common,CVE-2025-24085,,2025-01-29,2025-01-27T00:00:00Z,-2
common,CVE-2025-24200,,2025-02-12,2025-02-10T00:00:00Z,-2
common,CVE-2025-24201,,2025-03-13,2025-03-11T00:00:00Z,-2
common,CVE-2025-24472,,2025-03-18,2025-02-11T00:00:00Z,-35
common,CVE-2025-24813,,2025-04-01,2025-03-14T00:00:00Z,-18
common,CVE-2025-24893,,2025-10-30,2025-03-19T00:00:00Z,-225
common,CVE-2025-24983,,2025-03-11,2025-03-11T00:00:00Z,0
common,CVE-2025-24984,,2025-03-11,2025-03-11T00:00:00Z,0
common,CVE-2025-24985,,2025-03-11,2025-03-11T00:00:00Z,0
common,CVE-2025-24989,,2025-02-21,2025-02-19T00:00:00Z,-2
common,CVE-2025-24990,,2025-10-14,2025-10-14T00:00:00Z,0
common,CVE-2025-24991,,2025-03-11,2025-03-11T00:00:00Z,0
common,CVE-2025-24993,,2025-03-11,2025-03-11T00:00:00Z,0
common,CVE-2025-25181,,2025-03-10,2025-02-03T00:00:00Z,-35
common,CVE-2025-25249,,2026-09-09,2026-09-08T00:00:00Z,-1
common,CVE-2025-25257,,2025-07-18,2025-07-11T00:00:00Z,-7
common,CVE-2025-26399,,2026-03-09,2026-01-20T00:00:00Z,-48
common,CVE-2025-26633,,2025-03-11,2025-03-11T00:00:00Z,0
common,CVE-2025-27038,,2025-06-03,2025-06-02T00:00:00Z,-1
common,CVE-2025-27363,,2025-05-06,2025-03-11T00:00:00Z,-56
common,CVE-2025-2746,,2025-10-20,2025-10-20T00:00:00Z,0
common,CVE-2025-2747,,2025-10-20,2025-10-20T00:00:00Z,0
common,CVE-2025-2749,,2026-04-20,2026-04-20T00:00:00Z,0
common,CVE-2025-2775,,2025-07-22,2025-05-19T00:00:00Z,-64
common,CVE-2025-2776,,2025-07-22,2025-05-14T00:00:00Z,-69
common,CVE-2025-2783,,2025-03-27,2025-03-25T00:00:00Z,-2
common,CVE-2025-27915,,2025-10-07,2025-09-30T00:00:00Z,-7
common,CVE-2025-27920,,2025-05-19,2025-05-12T00:00:00Z,-7
common,CVE-2025-29635,,2026-04-24,2026-04-21T00:00:00Z,-3
common,CVE-2025-29824,,2025-04-08,2025-04-08T00:00:00Z,0
common,CVE-2025-30066,,2025-03-18,2025-03-14T00:00:00Z,-4
common,CVE-2025-30154,,2025-03-24,2025-03-24T00:00:00Z,0
common,CVE-2025-30397,,2025-05-13,2025-05-13T00:00:00Z,0
common,CVE-2025-30400,,2025-05-13,2025-05-13T00:00:00Z,0
common,CVE-2025-30406,,2025-04-08,2025-04-04T00:00:00Z,-4
common,CVE-2025-31125,,2026-01-22,2025-05-30T00:00:00Z,-237
common,CVE-2025-31161,,2025-04-07,2024-04-26T00:00:00Z,-346
common,CVE-2025-31200,,2025-04-17,2025-04-16T00:00:00Z,-1
common,CVE-2025-31201,,2025-04-17,2025-04-16T00:00:00Z,-1
common,CVE-2025-31277,,2026-03-20,2026-03-18T00:00:00Z,-2
common,CVE-2025-31324,,2025-04-29,2025-04-22T00:00:00Z,-7
common,CVE-2025-32432,,2026-03-20,2025-04-18T00:00:00Z,-336
common,CVE-2025-32433,,2025-06-09,2025-06-09T00:00:00Z,0
common,CVE-2025-32463,,2025-09-29,2025-09-29T00:00:00Z,0
common,CVE-2025-3248,,2025-05-05,2025-04-12T00:00:00Z,-23
common,CVE-2025-32701,,2025-05-13,2025-05-13T00:00:00Z,0
common,CVE-2025-32706,,2025-05-13,2025-05-13T00:00:00Z,0
common,CVE-2025-32709,,2025-05-13,2025-05-13T00:00:00Z,0
common,CVE-2025-32756,,2025-05-14,2025-05-13T00:00:00Z,-1
common,CVE-2025-32975,,2026-04-20,2026-03-19T00:00:00Z,-32
common,CVE-2025-33053,,2025-06-10,2025-06-10T00:00:00Z,0
common,CVE-2025-33073,,2025-10-20,2025-10-09T00:00:00Z,-11
common,CVE-2025-34026,,2026-01-22,2025-06-07T00:00:00Z,-229
common,CVE-2025-34028,,2025-05-02,2025-04-30T00:00:00Z,-2
common,CVE-2025-34291,,2026-05-21,2026-01-23T00:00:00Z,-118
common,CVE-2025-35939,,2025-06-02,2025-06-02T00:00:00Z,0
common,CVE-2025-37164,,2026-01-07,2025-12-24T00:00:00Z,-14
common,CVE-2025-38352,,2025-09-04,2025-09-01T00:00:00Z,-3
common,CVE-2025-3928,,2025-04-28,2025-03-07T00:00:00Z,-52
common,CVE-2025-3935,,2025-06-02,2025-05-30T00:00:00Z,-3
common,CVE-2025-39682,,2026-09-18,2026-09-18T00:00:00Z,0
common,CVE-2025-39964,,2026-09-18,2026-09-18T00:00:00Z,0
common,CVE-2025-4008,,2025-10-02,2025-10-02T00:00:00Z,0
common,CVE-2025-40536,,2026-02-12,2026-02-12T00:00:00Z,0
common,CVE-2025-40551,,2026-02-03,2026-02-03T00:00:00Z,0
common,CVE-2025-40602,,2025-12-17,2025-12-17T00:00:00Z,0
common,CVE-2025-41244,,2025-10-30,2025-09-29T00:00:00Z,-31
common,CVE-2025-42599,,2025-04-28,2025-04-18T00:00:00Z,-10
common,CVE-2025-42999,,2025-05-15,2025-04-27T00:00:00Z,-18
common,CVE-2025-43200,,2025-06-16,2025-06-11T00:00:00Z,-5
common,CVE-2025-43300,,2025-08-21,2025-08-20T00:00:00Z,-1
common,CVE-2025-43510,,2026-03-20,2026-03-18T00:00:00Z,-2
common,CVE-2025-43520,,2026-03-20,2026-03-18T00:00:00Z,-2
common,CVE-2025-43529,,2025-12-15,2025-12-12T00:00:00Z,-3
common,CVE-2025-4427,,2025-05-19,2025-05-13T00:00:00Z,-6
common,CVE-2025-4428,,2025-05-19,2025-05-13T00:00:00Z,-6
common,CVE-2025-4632,,2025-05-22,2025-05-06T00:00:00Z,-16
common,CVE-2025-47729,,2025-05-12,2025-05-08T00:00:00Z,-4
common,CVE-2025-47812,,2025-07-14,2025-07-10T00:00:00Z,-4
common,CVE-2025-47813,,2026-03-16,2026-03-16T00:00:00Z,0
common,CVE-2025-47827,,2025-10-14,2025-10-14T00:00:00Z,0
common,CVE-2025-48384,,2025-08-25,2025-08-25T00:00:00Z,0
common,CVE-2025-48543,,2025-09-04,2025-09-01T00:00:00Z,-3
common,CVE-2025-48572,,2025-12-02,2025-12-01T00:00:00Z,-1
common,CVE-2025-48595,,2026-06-02,2026-06-01T00:00:00Z,-1
common,CVE-2025-48633,,2025-12-02,2025-12-01T00:00:00Z,-1
common,CVE-2025-48700,,2026-04-20,2026-04-20T00:00:00Z,0
common,CVE-2025-48703,,2025-11-04,2025-08-15T00:00:00Z,-81
common,CVE-2025-48927,,2025-07-01,2025-05-28T00:00:00Z,-34
common,CVE-2025-48928,,2025-07-01,2025-05-28T00:00:00Z,-34
common,CVE-2025-49113,,2026-02-20,2025-06-04T00:00:00Z,-261
common,CVE-2025-49704,,2025-07-22,2025-07-18T00:00:00Z,-4
common,CVE-2025-49706,,2025-07-22,2025-07-18T00:00:00Z,-4
common,CVE-2025-5086,,2025-09-11,2025-06-23T00:00:00Z,-80
common,CVE-2025-52691,,2026-01-26,2026-01-22T00:00:00Z,-4
common,CVE-2025-53521,,2026-03-27,2026-03-27T00:00:00Z,0
common,CVE-2025-53690,,2025-09-04,2025-09-03T00:00:00Z,-1
common,CVE-2025-53770,,2025-07-20,2025-07-18T00:00:00Z,-2
common,CVE-2025-54068,,2026-03-20,2026-02-17T00:00:00Z,-31
common,CVE-2025-5419,,2025-06-05,2025-06-02T00:00:00Z,-3
common,CVE-2025-54236,,2025-10-24,2025-10-21T00:00:00Z,-3
common,CVE-2025-54253,,2025-10-15,2025-08-12T00:00:00Z,-64
common,CVE-2025-54309,,2025-07-22,2025-07-18T00:00:00Z,-4
common,CVE-2025-54313,,2026-01-22,2025-07-19T00:00:00Z,-187
common,CVE-2025-54948,,2025-08-18,2025-08-06T00:00:00Z,-12
common,CVE-2025-55177,,2025-09-02,2025-08-20T00:00:00Z,-13
common,CVE-2025-55182,,2025-12-05,2025-12-03T00:00:00Z,-2
common,CVE-2025-5777,,2025-07-10,2025-06-26T00:00:00Z,-14
common,CVE-2025-57819,,2025-08-29,2025-08-28T00:00:00Z,-1
common,CVE-2025-58034,,2025-11-18,2025-11-18T00:00:00Z,0
common,CVE-2025-58360,,2025-12-11,2025-12-05T00:00:00Z,-6
common,CVE-2025-59230,,2025-10-14,2025-10-14T00:00:00Z,0
common,CVE-2025-59287,,2025-10-24,2025-10-24T00:00:00Z,0
common,CVE-2025-59374,,2025-12-17,2025-12-17T00:00:00Z,0
common,CVE-2025-59689,,2025-09-29,2025-09-22T00:00:00Z,-7
common,CVE-2025-59718,,2025-12-16,2025-12-15T00:00:00Z,-1
common,CVE-2025-60710,,2026-04-13,2026-04-13T00:00:00Z,0
common,CVE-2025-61757,,2025-11-21,2025-11-20T00:00:00Z,-1
common,CVE-2025-61882,,2025-10-06,2025-10-04T00:00:00Z,-2
common,CVE-2025-61884,,2025-10-20,2025-10-20T00:00:00Z,0
common,CVE-2025-61932,,2025-10-22,2025-10-20T00:00:00Z,-2
common,CVE-2025-6204,,2025-10-28,2025-10-28T00:00:00Z,0
common,CVE-2025-6205,,2025-10-28,2025-10-27T00:00:00Z,-1
common,CVE-2025-6218,,2025-12-09,2025-08-08T00:00:00Z,-123
common,CVE-2025-62215,,2025-11-12,2025-11-11T00:00:00Z,-1
common,CVE-2025-62221,,2025-12-09,2025-12-09T00:00:00Z,0
common,CVE-2025-62593,,2026-08-17,2026-03-11T00:00:00Z,-159
common,CVE-2025-64328,,2026-02-03,2026-01-28T00:00:00Z,-6
common,CVE-2025-64446,,2025-11-14,2025-10-06T00:00:00Z,-39
common,CVE-2025-6543,,2025-06-30,2025-06-25T00:00:00Z,-5
common,CVE-2025-6554,,2025-07-02,2025-06-30T00:00:00Z,-2
common,CVE-2025-6558,,2025-07-22,2025-07-15T00:00:00Z,-7
common,CVE-2025-66376,,2026-03-18,2026-03-17T00:00:00Z,-1
common,CVE-2025-66644,,2025-12-08,2025-12-05T00:00:00Z,-3
common,CVE-2025-67038,,2026-06-23,2026-06-23T00:00:00Z,0
common,CVE-2025-68461,,2026-02-20,2026-02-20T00:00:00Z,0
common,CVE-2025-68613,,2026-03-11,2026-02-21T00:00:00Z,-18
common,CVE-2025-68645,,2026-01-22,2026-01-14T00:00:00Z,-8
common,CVE-2025-68686,,2026-07-27,2026-07-27T00:00:00Z,0
common,CVE-2025-7775,,2025-08-26,2025-08-26T00:00:00Z,0
common,CVE-2025-8088,,2025-08-12,2025-08-08T00:00:00Z,-4
common,CVE-2025-8110,,2026-01-12,2025-12-10T00:00:00Z,-33
common,CVE-2025-8875,,2025-08-13,2025-08-13T00:00:00Z,0
common,CVE-2025-8876,,2025-08-13,2025-08-13T00:00:00Z,0
common,CVE-2025-9242,,2025-11-12,2025-10-21T00:00:00Z,-22
common,CVE-2025-9377,,2025-09-03,2025-08-29T00:00:00Z,-5
common,CVE-2026-0257,,2026-05-29,2026-05-29T00:00:00Z,0
common,CVE-2026-0300,,2026-05-06,2026-05-05T00:00:00Z,-1
common,CVE-2026-0770,,2026-07-21,2026-02-14T00:00:00Z,-157
common,CVE-2026-10520,,2026-06-11,2026-06-10T00:00:00Z,-1
common,CVE-2026-11645,,2026-06-09,2026-06-08T00:00:00Z,-1
common,CVE-2026-12569,,2026-06-25,2026-06-25T00:00:00Z,0
common,CVE-2026-1281,,2026-01-29,2026-01-29T00:00:00Z,0
common,CVE-2026-1340,,2026-04-08,2026-02-04T00:00:00Z,-63
common,CVE-2026-15409,,2026-07-14,2026-07-14T00:00:00Z,0
common,CVE-2026-15410,,2026-07-14,2026-07-14T00:00:00Z,0
common,CVE-2026-1603,,2026-03-09,2026-02-17T00:00:00Z,-20
common,CVE-2026-16232,,2026-07-22,2026-07-19T00:00:00Z,-3
common,CVE-2026-16812,,2026-07-27,2026-07-27T00:00:00Z,0
common,CVE-2026-1731,,2026-02-13,2026-02-09T00:00:00Z,-4
common,CVE-2026-18556,,2026-08-04,2026-08-01T00:00:00Z,-3
common,CVE-2026-18577,,2026-08-03,2026-08-02T00:00:00Z,-1
common,CVE-2026-19490,,2026-09-09,2026-09-03T00:00:00Z,-6
common,CVE-2026-20045,,2026-01-21,2026-01-21T00:00:00Z,0
common,CVE-2026-20079,,2026-09-09,2026-09-09T00:00:00Z,0
common,CVE-2026-20122,,2026-04-20,2026-03-05T00:00:00Z,-46
common,CVE-2026-20127,,2026-02-25,2026-02-25T00:00:00Z,0
common,CVE-2026-20128,,2026-04-20,2026-03-05T00:00:00Z,-46
common,CVE-2026-20131,,2026-03-19,2026-03-18T00:00:00Z,-1
common,CVE-2026-20133,,2026-04-20,2026-04-20T00:00:00Z,0
common,CVE-2026-20182,,2026-05-14,2026-05-14T00:00:00Z,0
common,CVE-2026-20230,,2026-06-25,2026-06-22T00:00:00Z,-3
common,CVE-2026-20245,,2026-06-09,2026-06-05T00:00:00Z,-4
common,CVE-2026-20253,,2026-06-18,2026-06-15T00:00:00Z,-3
common,CVE-2026-20262,,2026-06-15,2026-06-15T00:00:00Z,0
common,CVE-2026-20316,,2026-07-29,2026-07-29T00:00:00Z,0
common,CVE-2026-20349,,2026-08-11,2026-08-11T00:00:00Z,0
common,CVE-2026-20700,,2026-02-12,2026-02-11T00:00:00Z,-1
common,CVE-2026-20805,,2026-01-13,2026-01-13T00:00:00Z,0
common,CVE-2026-20963,,2026-03-18,2026-03-18T00:00:00Z,0
common,CVE-2026-21385,,2026-03-03,2026-03-02T00:00:00Z,-1
common,CVE-2026-21509,,2026-01-26,2026-01-26T00:00:00Z,0
common,CVE-2026-21510,,2026-02-10,2026-02-10T00:00:00Z,0
common,CVE-2026-21513,,2026-02-10,2026-02-10T00:00:00Z,0
common,CVE-2026-21514,,2026-02-10,2026-02-10T00:00:00Z,0
common,CVE-2026-21519,,2026-02-10,2026-02-10T00:00:00Z,0
common,CVE-2026-21525,,2026-02-10,2026-02-10T00:00:00Z,0
common,CVE-2026-21533,,2026-02-10,2026-02-10T00:00:00Z,0
common,CVE-2026-21643,,2026-04-13,2026-03-28T00:00:00Z,-16
common,CVE-2026-21962,,2026-08-24,2026-02-10T00:00:00Z,-195
common,CVE-2026-22719,,2026-03-03,2026-03-03T00:00:00Z,0
common,CVE-2026-22769,,2026-02-18,2026-02-17T00:00:00Z,-1
common,CVE-2026-23760,,2026-01-26,2026-01-22T00:00:00Z,-4
common,CVE-2026-24061,,2026-01-26,2026-01-22T00:00:00Z,-4
common,CVE-2026-2441,,2026-02-17,2026-02-13T00:00:00Z,-4
common,CVE-2026-24423,,2026-02-05,2026-01-28T00:00:00Z,-8
common,CVE-2026-24858,,2026-01-27,2026-01-27T00:00:00Z,0
common,CVE-2026-25089,,2026-07-16,2026-06-15T00:00:00Z,-31
common,CVE-2026-25108,,2026-02-24,2026-02-13T00:00:00Z,-11
common,CVE-2026-28318,,2026-06-05,2026-06-05T00:00:00Z,0
common,CVE-2026-3055,,2026-03-30,2026-03-29T00:00:00Z,-1
common,CVE-2026-31431,,2026-05-01,2026-05-01T00:00:00Z,0
common,CVE-2026-32201,,2026-04-14,2026-04-12T00:00:00Z,-2
common,CVE-2026-32202,,2026-04-28,2026-04-14T00:00:00Z,-14
common,CVE-2026-33017,,2026-03-25,2026-03-19T00:00:00Z,-6
common,CVE-2026-33634,,2026-03-26,2026-03-23T00:00:00Z,-3
common,CVE-2026-33824,,2026-08-18,2026-07-30T00:00:00Z,-19
common,CVE-2026-33825,,2026-04-22,2026-04-16T00:00:00Z,-6
common,CVE-2026-34197,,2026-04-16,2026-04-13T00:00:00Z,-3
common,CVE-2026-34486,,2026-08-04,2026-07-30T00:00:00Z,-5
common,CVE-2026-34621,,2026-04-13,2026-04-07T00:00:00Z,-6
common,CVE-2026-34908,,2026-06-23,2026-06-09T00:00:00Z,-14
common,CVE-2026-34909,,2026-06-23,2026-06-09T00:00:00Z,-14
common,CVE-2026-34910,,2026-06-23,2026-06-09T00:00:00Z,-14
common,CVE-2026-34926,,2026-05-21,2026-05-21T00:00:00Z,0
common,CVE-2026-3502,,2026-04-02,2026-03-31T00:00:00Z,-2
common,CVE-2026-35273,,2026-06-12,2026-06-11T00:00:00Z,-1
common,CVE-2026-35616,,2026-04-06,2026-04-04T00:00:00Z,-2
common,CVE-2026-3909,,2026-03-13,2026-03-12T00:00:00Z,-1
common,CVE-2026-3910,,2026-03-13,2026-03-12T00:00:00Z,-1
common,CVE-2026-39808,,2026-07-16,2026-06-09T00:00:00Z,-37
common,CVE-2026-39987,,2026-04-23,2026-04-09T00:00:00Z,-14
common,CVE-2026-41091,,2026-05-20,2026-05-19T00:00:00Z,-1
common,CVE-2026-41940,,2026-04-30,2026-04-28T00:00:00Z,-2
common,CVE-2026-42016,,2026-09-11,2026-09-10T00:00:00Z,-1
common,CVE-2026-42018,,2026-09-11,2026-09-10T00:00:00Z,-1
common,CVE-2026-42208,,2026-05-08,2026-04-27T00:00:00Z,-11
common,CVE-2026-42271,,2026-06-08,2026-06-08T00:00:00Z,0
common,CVE-2026-42897,,2026-05-15,2026-05-14T00:00:00Z,-1
common,CVE-2026-45247,,2026-06-03,2026-05-29T00:00:00Z,-5
common,CVE-2026-45321,,2026-05-27,2026-05-27T00:00:00Z,0
common,CVE-2026-45498,,2026-05-20,2026-05-19T00:00:00Z,-1
common,CVE-2026-45659,,2026-07-01,2026-07-01T00:00:00Z,0
common,CVE-2026-46817,,2026-07-15,2026-06-29T00:00:00Z,-16
common,CVE-2026-48027,,2026-05-27,2026-05-27T00:00:00Z,0
common,CVE-2026-48172,,2026-05-26,2026-05-21T00:00:00Z,-5
common,CVE-2026-48282,,2026-07-07,2026-07-02T00:00:00Z,-5
common,CVE-2026-48558,,2026-06-29,2026-06-29T00:00:00Z,0
common,CVE-2026-48710,,2026-09-02,2026-05-26T00:00:00Z,-99
common,CVE-2026-48907,,2026-06-16,2026-06-12T00:00:00Z,-4
common,CVE-2026-48908,,2026-07-07,2026-06-15T00:00:00Z,-22
common,CVE-2026-48939,,2026-07-10,2026-07-10T00:00:00Z,0
common,CVE-2026-49869,,2026-09-02,2026-08-26T00:00:00Z,-7
common,CVE-2026-50522,,2026-07-22,2026-07-20T00:00:00Z,-2
common,CVE-2026-50751,,2026-06-08,2026-06-08T00:00:00Z,0
common,CVE-2026-5281,,2026-04-01,2026-03-31T00:00:00Z,-1
common,CVE-2026-53266,,2026-09-18,2026-09-18T00:00:00Z,0
common,CVE-2026-53362,,2026-08-27,2026-08-27T00:00:00Z,0
common,CVE-2026-5430,,2026-09-24,2026-09-15T00:00:00Z,-9
common,CVE-2026-54420,,2026-06-15,2026-06-01T00:00:00Z,-14
common,CVE-2026-55040,,2026-08-18,2026-08-12T00:00:00Z,-6
common,CVE-2026-55255,,2026-07-07,2026-06-26T00:00:00Z,-11
common,CVE-2026-56155,,2026-07-14,2026-07-14T00:00:00Z,0
common,CVE-2026-56164,,2026-07-14,2026-07-14T00:00:00Z,0
common,CVE-2026-56290,,2026-07-07,2026-06-27T00:00:00Z,-10
common,CVE-2026-56291,,2026-07-10,2026-07-08T00:00:00Z,-2
common,CVE-2026-58644,,2026-07-16,2026-07-14T00:00:00Z,-2
common,CVE-2026-58704,,2026-09-16,2026-09-15T00:00:00Z,-1
common,CVE-2026-59310,,2026-08-18,2026-08-10T00:00:00Z,-8
common,CVE-2026-59822,,2026-09-02,2026-07-08T00:00:00Z,-56
common,CVE-2026-60004,,2026-08-25,2026-08-19T00:00:00Z,-6
common,CVE-2026-60137,,2026-07-21,2026-07-17T00:00:00Z,-4
common,CVE-2026-63030,,2026-07-21,2026-07-17T00:00:00Z,-4
common,CVE-2026-63077,,2026-08-05,2026-08-05T00:00:00Z,0
common,CVE-2026-64849,,2026-08-19,2026-08-18T00:00:00Z,-1
common,CVE-2026-65400,,2026-08-18,2026-08-07T00:00:00Z,-11
common,CVE-2026-65660,,2026-09-25,2026-09-24T00:00:00Z,-1
common,CVE-2026-66384,,2026-08-27,2026-08-27T00:00:00Z,0
common,CVE-2026-67277,,2026-09-10,2026-09-05T00:00:00Z,-5
common,CVE-2026-67279,,2026-09-25,2026-09-05T00:00:00Z,-20
common,CVE-2026-68820,,2026-08-11,2026-08-11T00:00:00Z,0
common,CVE-2026-6973,,2026-05-07,2026-05-07T00:00:00Z,0
common,CVE-2026-71362,,2026-09-24,2026-09-03T00:00:00Z,-21
common,CVE-2026-72529,,2026-08-20,2026-08-12T00:00:00Z,-8
common,CVE-2026-72530,,2026-08-20,2026-08-12T00:00:00Z,-8
common,CVE-2026-7273,,2026-09-21,2026-09-21T00:00:00Z,0
common,CVE-2026-72898,,2026-08-11,2026-08-06T00:00:00Z,-5
common,CVE-2026-73570,,2026-08-21,2026-08-17T00:00:00Z,-4
common,CVE-2026-7473,,2026-06-09,2026-05-05T00:00:00Z,-35
common,CVE-2026-75650,,2026-09-08,2026-09-07T00:00:00Z,-1
common,CVE-2026-76460,,2026-09-16,2026-09-16T00:00:00Z,0
common,CVE-2026-76461,,2026-09-14,2026-09-14T00:00:00Z,0
common,CVE-2026-8037,,2026-08-07,2026-07-01T00:00:00Z,-37
common,CVE-2026-81578,,2026-08-31,2026-08-28T00:00:00Z,-3
common,CVE-2026-81963,,2026-09-08,2026-09-08T00:00:00Z,0
common,CVE-2026-82078,,2026-08-31,2026-08-28T00:00:00Z,-3
common,CVE-2026-82329,,2026-09-02,2026-09-01T00:00:00Z,-1
common,CVE-2026-83548,,2026-09-02,2026-09-01T00:00:00Z,-1
common,CVE-2026-83549,,2026-09-02,2026-09-01T00:00:00Z,-1
common,CVE-2026-8398,,2026-05-27,2026-05-08T00:00:00Z,-19
common,CVE-2026-8452,,2026-08-26,2026-08-17T00:00:00Z,-9
common,CVE-2026-84869,,2026-09-11,2026-09-08T00:00:00Z,-3
common,CVE-2026-85046,,2026-09-04,2026-09-03T00:00:00Z,-1
common,CVE-2026-85102,,2026-09-22,2026-09-22T00:00:00Z,0
common,CVE-2026-85706,,2026-09-11,2026-09-11T00:00:00Z,0
common,CVE-2026-85880,,2026-09-08,2026-09-08T00:00:00Z,0
common,CVE-2026-86060,,2026-09-10,2026-09-05T00:00:00Z,-5
common,CVE-2026-86218,,2026-09-08,2026-09-06T00:00:00Z,-2
common,CVE-2026-87491,,2026-09-09,2026-09-08T00:00:00Z,-1
common,CVE-2026-87886,,2026-09-16,2026-09-15T00:00:00Z,-1
common,CVE-2026-87902,,2026-09-25,2026-09-22T00:00:00Z,-3
common,CVE-2026-9082,,2026-05-22,2026-05-22T00:00:00Z,0
common,CVE-2026-9198,,2026-08-04,2026-08-04T00:00:00Z,0
common,CVE-2026-93616,,2026-09-22,2026-09-22T00:00:00Z,0
common,CVE-2026-93952,,2026-09-22,2026-09-22T00:00:00Z,0
common,CVE-2026-94127,,2026-09-22,2026-09-22T00:00:00Z,0
common,CVE-2026-9586,,2026-09-02,2026-09-01T00:00:00Z,-1
cisa_only,CVE-2002-0367,,,,
cisa_only,CVE-2004-1464,,,,
cisa_only,CVE-2005-2773,,,,
cisa_only,CVE-2006-2492,,,,
cisa_only,CVE-2007-0671,,,,
cisa_only,CVE-2007-3010,,,,
cisa_only,CVE-2007-5659,,,,
cisa_only,CVE-2008-0015,,,,
cisa_only,CVE-2008-0655,,,,
cisa_only,CVE-2008-2992,,,,
cisa_only,CVE-2008-3431,,,,
cisa_only,CVE-2008-4250,,,,
cisa_only,CVE-2009-0238,,,,
cisa_only,CVE-2009-0556,,,,
cisa_only,CVE-2009-0563,,,,
cisa_only,CVE-2009-0927,,,,
cisa_only,CVE-2009-1123,,,,
cisa_only,CVE-2009-1151,,,,
cisa_only,CVE-2009-1537,,,,
cisa_only,CVE-2009-1862,,,,
cisa_only,CVE-2009-3129,,,,
cisa_only,CVE-2009-3459,,,,
cisa_only,CVE-2009-3953,,,,
cisa_only,CVE-2009-3960,,,,
cisa_only,CVE-2009-4324,,,,
cisa_only,CVE-2010-0188,,,,
cisa_only,CVE-2010-0232,,,,
cisa_only,CVE-2010-0249,,,,
cisa_only,CVE-2010-0738,,,,
cisa_only,CVE-2010-0806,,,,
cisa_only,CVE-2010-0840,,,,
cisa_only,CVE-2010-1297,,,,
cisa_only,CVE-2010-1428,,,,
cisa_only,CVE-2010-1871,,,,
cisa_only,CVE-2010-2568,,,,
cisa_only,CVE-2010-2572,,,,
cisa_only,CVE-2010-2861,,,,
cisa_only,CVE-2010-2883,,,,
cisa_only,CVE-2010-3333,,,,
cisa_only,CVE-2010-3765,,,,
cisa_only,CVE-2010-3962,,,,
cisa_only,CVE-2010-4344,,,,
cisa_only,CVE-2010-4345,,,,
cisa_only,CVE-2010-4398,,,,
cisa_only,CVE-2010-5326,,,,
cisa_only,CVE-2010-5330,,,,
cisa_only,CVE-2011-0609,,,,
cisa_only,CVE-2011-0611,,,,
cisa_only,CVE-2011-1823,,,,
cisa_only,CVE-2011-2005,,,,
cisa_only,CVE-2011-2462,,,,
cisa_only,CVE-2011-3402,,,,
cisa_only,CVE-2011-3544,,,,
cisa_only,CVE-2011-4723,,,,
cisa_only,CVE-2012-0158,,,,
cisa_only,CVE-2012-0391,,,,
cisa_only,CVE-2012-0507,,,,
cisa_only,CVE-2012-0518,,,,
cisa_only,CVE-2012-0754,,,,
cisa_only,CVE-2012-0767,,,,
cisa_only,CVE-2012-1535,,,,
cisa_only,CVE-2012-1710,,,,
cisa_only,CVE-2012-1723,,,,
cisa_only,CVE-2012-1823,,,,
cisa_only,CVE-2012-1854,,,,
cisa_only,CVE-2012-1856,,,,
cisa_only,CVE-2012-1889,,,,
cisa_only,CVE-2012-2539,,,,
cisa_only,CVE-2012-3152,,,,
cisa_only,CVE-2012-4681,,,,
cisa_only,CVE-2012-4792,,,,
cisa_only,CVE-2012-4969,,,,
cisa_only,CVE-2012-5054,,,,
cisa_only,CVE-2012-5076,,,,
cisa_only,CVE-2013-0074,,,,
cisa_only,CVE-2013-0422,,,,
cisa_only,CVE-2013-0431,,,,
cisa_only,CVE-2013-0625,,,,
cisa_only,CVE-2013-0629,,,,
cisa_only,CVE-2013-0631,,,,
cisa_only,CVE-2013-0632,,,,
cisa_only,CVE-2013-0640,,,,
cisa_only,CVE-2013-0641,,,,
cisa_only,CVE-2013-0643,,,,
cisa_only,CVE-2013-0648,,,,
cisa_only,CVE-2013-1331,,,,
cisa_only,CVE-2013-1347,,,,
cisa_only,CVE-2013-1690,,,,
cisa_only,CVE-2013-2094,,,,
cisa_only,CVE-2013-2251,,,,
cisa_only,CVE-2013-2423,,,,
cisa_only,CVE-2013-2465,,,,
cisa_only,CVE-2013-2551,,,,
cisa_only,CVE-2013-2729,,,,
cisa_only,CVE-2013-3163,,,,
cisa_only,CVE-2013-3346,,,,
cisa_only,CVE-2013-3660,,,,
cisa_only,CVE-2013-3893,,,,
cisa_only,CVE-2013-3896,,,,
cisa_only,CVE-2013-3897,,,,
cisa_only,CVE-2013-3900,,,,
cisa_only,CVE-2013-3906,,,,
cisa_only,CVE-2013-3918,,,,
cisa_only,CVE-2013-4810,,,,
cisa_only,CVE-2013-5065,,,,
cisa_only,CVE-2013-6282,,,,
cisa_only,CVE-2013-7331,,,,
cisa_only,CVE-2014-0160,,,,
cisa_only,CVE-2014-0322,,,,
cisa_only,CVE-2014-0497,,,,
cisa_only,CVE-2014-0502,,,,
cisa_only,CVE-2014-0546,,,,
cisa_only,CVE-2014-1761,,,,
cisa_only,CVE-2014-1776,,,,
cisa_only,CVE-2014-1812,,,,
cisa_only,CVE-2014-2817,,,,
cisa_only,CVE-2014-3153,,,,
cisa_only,CVE-2014-4077,,,,
cisa_only,CVE-2014-4113,,,,
cisa_only,CVE-2014-4114,,,,
cisa_only,CVE-2014-4123,,,,
cisa_only,CVE-2014-4148,,,,
cisa_only,CVE-2014-6271,,,,
cisa_only,CVE-2014-6278,,,,
cisa_only,CVE-2014-6287,,,,
cisa_only,CVE-2014-6324,,,,
cisa_only,CVE-2014-6332,,,,
cisa_only,CVE-2014-6352,,,,
cisa_only,CVE-2014-7169,,,,
cisa_only,CVE-2014-8361,,,,
cisa_only,CVE-2014-8439,,,,
cisa_only,CVE-2014-9163,,,,
cisa_only,CVE-2015-0016,,,,
cisa_only,CVE-2015-0071,,,,
cisa_only,CVE-2015-0310,,,,
cisa_only,CVE-2015-0311,,,,
cisa_only,CVE-2015-0313,,,,
cisa_only,CVE-2015-0666,,,,
cisa_only,CVE-2015-1187,,,,
cisa_only,CVE-2015-1427,,,,
cisa_only,CVE-2015-1635,,,,
cisa_only,CVE-2015-1641,,,,
cisa_only,CVE-2015-1642,,,,
cisa_only,CVE-2015-1671,,,,
cisa_only,CVE-2015-1701,,,,
cisa_only,CVE-2015-1769,,,,
cisa_only,CVE-2015-1770,,,,
cisa_only,CVE-2015-2051,,,,
cisa_only,CVE-2015-2360,,,,
cisa_only,CVE-2015-2387,,,,
cisa_only,CVE-2015-2419,,,,
cisa_only,CVE-2015-2424,,,,
cisa_only,CVE-2015-2425,,,,
cisa_only,CVE-2015-2426,,,,
cisa_only,CVE-2015-2502,,,,
cisa_only,CVE-2015-2545,,,,
cisa_only,CVE-2015-2546,,,,
cisa_only,CVE-2015-2590,,,,
cisa_only,CVE-2015-3043,,,,
cisa_only,CVE-2015-3113,,,,
cisa_only,CVE-2015-4495,,,,
cisa_only,CVE-2015-4852,,,,
cisa_only,CVE-2015-4902,,,,
cisa_only,CVE-2015-5119,,,,
cisa_only,CVE-2015-5122,,,,
cisa_only,CVE-2015-5123,,,,
cisa_only,CVE-2015-6175,,,,
cisa_only,CVE-2015-7450,,,,
cisa_only,CVE-2015-7645,,,,
cisa_only,CVE-2015-7755,,,,
cisa_only,CVE-2015-8651,,,,
cisa_only,CVE-2016-0034,,,,
cisa_only,CVE-2016-0099,,,,
cisa_only,CVE-2016-0162,,,,
cisa_only,CVE-2016-0165,,,,
cisa_only,CVE-2016-0167,,,,
cisa_only,CVE-2016-0189,,,,
cisa_only,CVE-2016-0752,,,,
cisa_only,CVE-2016-0984,,,,
cisa_only,CVE-2016-1010,,,,
cisa_only,CVE-2016-1019,,,,
cisa_only,CVE-2016-1555,,,,
cisa_only,CVE-2016-1646,,,,
cisa_only,CVE-2016-20017,,,,
cisa_only,CVE-2016-3088,,,,
cisa_only,CVE-2016-3298,,,,
cisa_only,CVE-2016-3351,,,,
cisa_only,CVE-2016-3393,,,,
cisa_only,CVE-2016-3714,,,,
cisa_only,CVE-2016-3976,,,,
cisa_only,CVE-2016-4117,,,,
cisa_only,CVE-2016-4171,,,,
cisa_only,CVE-2016-4655,,,,
cisa_only,CVE-2016-4656,,,,
cisa_only,CVE-2016-4657,,,,
cisa_only,CVE-2016-5195,,,,
cisa_only,CVE-2016-5198,,,,
cisa_only,CVE-2016-6277,,,,
cisa_only,CVE-2016-6366,,,,
cisa_only,CVE-2016-6367,,,,
cisa_only,CVE-2016-6415,,,,
cisa_only,CVE-2016-7193,,,,
cisa_only,CVE-2016-7200,,,,
cisa_only,CVE-2016-7201,,,,
cisa_only,CVE-2016-7255,,,,
cisa_only,CVE-2016-7256,,,,
cisa_only,CVE-2016-7262,,,,
cisa_only,CVE-2016-7836,,,,
cisa_only,CVE-2016-7855,,,,
cisa_only,CVE-2016-7892,,,,
cisa_only,CVE-2016-9079,,,,
cisa_only,CVE-2016-9563,,,,
cisa_only,CVE-2017-0001,,,,
cisa_only,CVE-2017-0005,,,,
cisa_only,CVE-2017-0022,,,,
cisa_only,CVE-2017-0037,,,,
cisa_only,CVE-2017-0059,,,,
cisa_only,CVE-2017-0143,,,,
cisa_only,CVE-2017-0144,,,,
cisa_only,CVE-2017-0145,,,,
cisa_only,CVE-2017-0146,,,,
cisa_only,CVE-2017-0147,,,,
cisa_only,CVE-2017-0148,,,,
cisa_only,CVE-2017-0149,,,,
cisa_only,CVE-2017-0199,,,,
cisa_only,CVE-2017-0210,,,,
cisa_only,CVE-2017-0213,,,,
cisa_only,CVE-2017-0222,,,,
cisa_only,CVE-2017-0261,,,,
cisa_only,CVE-2017-0262,,,,
cisa_only,CVE-2017-0263,,,,
cisa_only,CVE-2017-1000253,,,,
cisa_only,CVE-2017-1000353,,,,
cisa_only,CVE-2017-1000486,,,,
cisa_only,CVE-2017-10271,,,,
cisa_only,CVE-2017-11292,,,,
cisa_only,CVE-2017-11317,,,,
cisa_only,CVE-2017-11357,,,,
cisa_only,CVE-2017-11774,,,,
cisa_only,CVE-2017-11826,,,,
cisa_only,CVE-2017-11882,,,,
cisa_only,CVE-2017-12149,,,,
cisa_only,CVE-2017-12615,,,,
cisa_only,CVE-2017-12617,,,,
cisa_only,CVE-2017-12637,,,,
cisa_only,CVE-2017-16651,,,,
cisa_only,CVE-2017-17562,,,,
cisa_only,CVE-2017-18362,,,,
cisa_only,CVE-2017-3066,,,,
cisa_only,CVE-2017-3881,,,,
cisa_only,CVE-2017-5030,,,,
cisa_only,CVE-2017-5070,,,,
cisa_only,CVE-2017-5521,,,,
cisa_only,CVE-2017-5638,,,,
cisa_only,CVE-2017-5689,,,,
cisa_only,CVE-2017-6077,,,,
cisa_only,CVE-2017-6316,,,,
cisa_only,CVE-2017-6327,,,,
cisa_only,CVE-2017-6334,,,,
cisa_only,CVE-2017-6736,,,,
cisa_only,CVE-2017-6884,,,,
cisa_only,CVE-2017-7269,,,,
cisa_only,CVE-2017-7494,,,,
cisa_only,CVE-2017-8291,,,,
cisa_only,CVE-2017-8464,,,,
cisa_only,CVE-2017-8543,,,,
cisa_only,CVE-2017-8570,,,,
cisa_only,CVE-2017-8759,,,,
cisa_only,CVE-2017-9248,,,,
cisa_only,CVE-2017-9791,,,,
cisa_only,CVE-2017-9822,,,,
cisa_only,CVE-2017-9841,,,,
cisa_only,CVE-2018-0296,,,,
cisa_only,CVE-2018-0798,,,,
cisa_only,CVE-2018-0802,,,,
cisa_only,CVE-2018-1000861,,,,
cisa_only,CVE-2018-10561,,,,
cisa_only,CVE-2018-10562,,,,
cisa_only,CVE-2018-11138,,,,
cisa_only,CVE-2018-11776,,,,
cisa_only,CVE-2018-1273,,,,
cisa_only,CVE-2018-13374,,,,
cisa_only,CVE-2018-13379,,,,
cisa_only,CVE-2018-13382,,,,
cisa_only,CVE-2018-13383,,,,
cisa_only,CVE-2018-14558,,,,
cisa_only,CVE-2018-14847,,,,
cisa_only,CVE-2018-14933,,,,
cisa_only,CVE-2018-15982,,,,
cisa_only,CVE-2018-17463,,,,
cisa_only,CVE-2018-17480,,,,
cisa_only,CVE-2018-19320,,,,
cisa_only,CVE-2018-19949,,,,
cisa_only,CVE-2018-20062,,,,
cisa_only,CVE-2018-20250,,,,
cisa_only,CVE-2018-20753,,,,
cisa_only,CVE-2018-2380,,,,
cisa_only,CVE-2018-4878,,,,
cisa_only,CVE-2018-4939,,,,
cisa_only,CVE-2018-4990,,,,
cisa_only,CVE-2018-5002,,,,
cisa_only,CVE-2018-6065,,,,
cisa_only,CVE-2018-6789,,,,
cisa_only,CVE-2018-6961,,,,
cisa_only,CVE-2018-7445,,,,
cisa_only,CVE-2018-7600,,,,
cisa_only,CVE-2018-7602,,,,
cisa_only,CVE-2018-7841,,,,
cisa_only,CVE-2018-8120,,,,
cisa_only,CVE-2018-8174,,,,
cisa_only,CVE-2018-8373,,,,
cisa_only,CVE-2018-8405,,,,
cisa_only,CVE-2018-8406,,,,
cisa_only,CVE-2018-8414,,,,
cisa_only,CVE-2018-8440,,,,
cisa_only,CVE-2018-8453,,,,
cisa_only,CVE-2018-8589,,,,
cisa_only,CVE-2018-8611,,,,
cisa_only,CVE-2018-8639,,,,
cisa_only,CVE-2018-8653,,,,
cisa_only,CVE-2019-0193,,,,
cisa_only,CVE-2019-0604,,,,
cisa_only,CVE-2019-0676,,,,
cisa_only,CVE-2019-0703,,,,
cisa_only,CVE-2019-0708,,,,
cisa_only,CVE-2019-0752,,,,
cisa_only,CVE-2019-0797,,,,
cisa_only,CVE-2019-0803,,,,
cisa_only,CVE-2019-0808,,,,
cisa_only,CVE-2019-0859,,,,
cisa_only,CVE-2019-0863,,,,
cisa_only,CVE-2019-0880,,,,
cisa_only,CVE-2019-0903,,,,
cisa_only,CVE-2019-1003029,,,,
cisa_only,CVE-2019-1003030,,,,
cisa_only,CVE-2019-10149,,,,
cisa_only,CVE-2019-1069,,,,
cisa_only,CVE-2019-10758,,,,
cisa_only,CVE-2019-11043,,,,
cisa_only,CVE-2019-1132,,,,
cisa_only,CVE-2019-11510,,,,
cisa_only,CVE-2019-11539,,,,
cisa_only,CVE-2019-11580,,,,
cisa_only,CVE-2019-11581,,,,
cisa_only,CVE-2019-11634,,,,
cisa_only,CVE-2019-11707,,,,
cisa_only,CVE-2019-11708,,,,
cisa_only,CVE-2019-1214,,,,
cisa_only,CVE-2019-1215,,,,
cisa_only,CVE-2019-12989,,,,
cisa_only,CVE-2019-12991,,,,
cisa_only,CVE-2019-1322,,,,
cisa_only,CVE-2019-13608,,,,
cisa_only,CVE-2019-1367,,,,
cisa_only,CVE-2019-13720,,,,
cisa_only,CVE-2019-1405,,,,
cisa_only,CVE-2019-1429,,,,
cisa_only,CVE-2019-1458,,,,
cisa_only,CVE-2019-15107,,,,
cisa_only,CVE-2019-1579,,,,
cisa_only,CVE-2019-16057,,,,
cisa_only,CVE-2019-16278,,,,
cisa_only,CVE-2019-1652,,,,
cisa_only,CVE-2019-1653,,,,
cisa_only,CVE-2019-16759,,,,
cisa_only,CVE-2019-16920,,,,
cisa_only,CVE-2019-17026,,,,
cisa_only,CVE-2019-18187,,,,
cisa_only,CVE-2019-18935,,,,
cisa_only,CVE-2019-19006,,,,
cisa_only,CVE-2019-19356,,,,
cisa_only,CVE-2019-19781,,,,
cisa_only,CVE-2019-2215,,,,
cisa_only,CVE-2019-2725,,,,
cisa_only,CVE-2019-3396,,,,
cisa_only,CVE-2019-3568,,,,
cisa_only,CVE-2019-3929,,,,
cisa_only,CVE-2019-5544,,,,
cisa_only,CVE-2019-5591,,,,
cisa_only,CVE-2019-5786,,,,
cisa_only,CVE-2019-5825,,,,
cisa_only,CVE-2019-6223,,,,
cisa_only,CVE-2019-6340,,,,
cisa_only,CVE-2019-7192,,,,
cisa_only,CVE-2019-7194,,,,
cisa_only,CVE-2019-7195,,,,
cisa_only,CVE-2019-7238,,,,
cisa_only,CVE-2019-7256,,,,
cisa_only,CVE-2019-7286,,,,
cisa_only,CVE-2019-7287,,,,
cisa_only,CVE-2019-7609,,,,
cisa_only,CVE-2019-8394,,,,
cisa_only,CVE-2019-8506,,,,
cisa_only,CVE-2019-9082,,,,
cisa_only,CVE-2019-9670,,,,
cisa_only,CVE-2019-9978,,,,
cisa_only,CVE-2020-0041,,,,
cisa_only,CVE-2020-0069,,,,
cisa_only,CVE-2020-0601,,,,
cisa_only,CVE-2020-0674,,,,
cisa_only,CVE-2020-0688,,,,
cisa_only,CVE-2020-0787,,,,
cisa_only,CVE-2020-0796,,,,
cisa_only,CVE-2020-0938,,,,
cisa_only,CVE-2020-0968,,,,
cisa_only,CVE-2020-0986,,,,
cisa_only,CVE-2020-10148,,,,
cisa_only,CVE-2020-10189,,,,
cisa_only,CVE-2020-1020,,,,
cisa_only,CVE-2020-1027,,,,
cisa_only,CVE-2020-1040,,,,
cisa_only,CVE-2020-1054,,,,
cisa_only,CVE-2020-10987,,,,
cisa_only,CVE-2020-11023,,,,
cisa_only,CVE-2020-11261,,,,
cisa_only,CVE-2020-11651,,,,
cisa_only,CVE-2020-11652,,,,
cisa_only,CVE-2020-11738,,,,
cisa_only,CVE-2020-12271,,,,
cisa_only,CVE-2020-12812,,,,
cisa_only,CVE-2020-1350,,,,
cisa_only,CVE-2020-13671,,,,
cisa_only,CVE-2020-1380,,,,
cisa_only,CVE-2020-1464,,,,
cisa_only,CVE-2020-1472,,,,
cisa_only,CVE-2020-14750,,,,
cisa_only,CVE-2020-14871,,,,
cisa_only,CVE-2020-14882,,,,
cisa_only,CVE-2020-15505,,,,
cisa_only,CVE-2020-15999,,,,
cisa_only,CVE-2020-16009,,,,
cisa_only,CVE-2020-16010,,,,
cisa_only,CVE-2020-16013,,,,
cisa_only,CVE-2020-16017,,,,
cisa_only,CVE-2020-1631,,,,
cisa_only,CVE-2020-16846,,,,
cisa_only,CVE-2020-17087,,,,
cisa_only,CVE-2020-17463,,,,
cisa_only,CVE-2020-17496,,,,
cisa_only,CVE-2020-17519,,,,
cisa_only,CVE-2020-17530,,,,
cisa_only,CVE-2020-1938,,,,
cisa_only,CVE-2020-1956,,,,
cisa_only,CVE-2020-2021,,,,
cisa_only,CVE-2020-24557,,,,
cisa_only,CVE-2020-2506,,,,
cisa_only,CVE-2020-25078,,,,
cisa_only,CVE-2020-25213,,,,
cisa_only,CVE-2020-25506,,,,
cisa_only,CVE-2020-2555,,,,
cisa_only,CVE-2020-26919,,,,
cisa_only,CVE-2020-27930,,,,
cisa_only,CVE-2020-27932,,,,
cisa_only,CVE-2020-27950,,,,
cisa_only,CVE-2020-2883,,,,
cisa_only,CVE-2020-29557,,,,
cisa_only,CVE-2020-3118,,,,
cisa_only,CVE-2020-3566,,,,
cisa_only,CVE-2020-3569,,,,
cisa_only,CVE-2020-3992,,,,
cisa_only,CVE-2020-4006,,,,
cisa_only,CVE-2020-5722,,,,
cisa_only,CVE-2020-5902,,,,
cisa_only,CVE-2020-6207,,,,
cisa_only,CVE-2020-6287,,,,
cisa_only,CVE-2020-6418,,,,
cisa_only,CVE-2020-6572,,,,
cisa_only,CVE-2020-6819,,,,
cisa_only,CVE-2020-6820,,,,
cisa_only,CVE-2020-7961,,,,
cisa_only,CVE-2020-8193,,,,
cisa_only,CVE-2020-8195,,,,
cisa_only,CVE-2020-8196,,,,
cisa_only,CVE-2020-8218,,,,
cisa_only,CVE-2020-8243,,,,
cisa_only,CVE-2020-8260,,,,
cisa_only,CVE-2020-8467,,,,
cisa_only,CVE-2020-8468,,,,
cisa_only,CVE-2020-8515,,,,
cisa_only,CVE-2020-8816,,,,
cisa_only,CVE-2020-9054,,,,
cisa_only,CVE-2020-9818,,,,
cisa_only,CVE-2020-9819,,,,
cisa_only,CVE-2021-1497,,,,
cisa_only,CVE-2021-1498,,,,
cisa_only,CVE-2021-1647,,,,
cisa_only,CVE-2021-1675,,,,
cisa_only,CVE-2021-1732,,,,
cisa_only,CVE-2021-1782,,,,
cisa_only,CVE-2021-1789,,,,
cisa_only,CVE-2021-1870,,,,
cisa_only,CVE-2021-1871,,,,
cisa_only,CVE-2021-1879,,,,
cisa_only,CVE-2021-1905,,,,
cisa_only,CVE-2021-1906,,,,
cisa_only,CVE-2021-20016,,,,
cisa_only,CVE-2021-20021,,,,
cisa_only,CVE-2021-20022,,,,
cisa_only,CVE-2021-20023,,,,
cisa_only,CVE-2021-20028,,,,
cisa_only,CVE-2021-20090,,,,
cisa_only,CVE-2021-21017,,,,
cisa_only,CVE-2021-21148,,,,
cisa_only,CVE-2021-21166,,,,
cisa_only,CVE-2021-21193,,,,
cisa_only,CVE-2021-21206,,,,
cisa_only,CVE-2021-21220,,,,
cisa_only,CVE-2021-21224,,,,
cisa_only,CVE-2021-21315,,,,
cisa_only,CVE-2021-21972,,,,
cisa_only,CVE-2021-21973,,,,
cisa_only,CVE-2021-21975,,,,
cisa_only,CVE-2021-21985,,,,
cisa_only,CVE-2021-22005,,,,
cisa_only,CVE-2021-22204,,,,
cisa_only,CVE-2021-22502,,,,
cisa_only,CVE-2021-22506,,,,
cisa_only,CVE-2021-22893,,,,
cisa_only,CVE-2021-22894,,,,
cisa_only,CVE-2021-22899,,,,
cisa_only,CVE-2021-22900,,,,
cisa_only,CVE-2021-22986,,,,
cisa_only,CVE-2021-22991,,,,
cisa_only,CVE-2021-25296,,,,
cisa_only,CVE-2021-25297,,,,
cisa_only,CVE-2021-25298,,,,
cisa_only,CVE-2021-25337,,,,
cisa_only,CVE-2021-25369,,,,
cisa_only,CVE-2021-25370,,,,
cisa_only,CVE-2021-25371,,,,
cisa_only,CVE-2021-25372,,,,
cisa_only,CVE-2021-25394,,,,
cisa_only,CVE-2021-25395,,,,
cisa_only,CVE-2021-25487,,,,
cisa_only,CVE-2021-25489,,,,
cisa_only,CVE-2021-26084,,,,
cisa_only,CVE-2021-26411,,,,
cisa_only,CVE-2021-26855,,,,
cisa_only,CVE-2021-26857,,,,
cisa_only,CVE-2021-26858,,,,
cisa_only,CVE-2021-27059,,,,
cisa_only,CVE-2021-27065,,,,
cisa_only,CVE-2021-27085,,,,
cisa_only,CVE-2021-27101,,,,
cisa_only,CVE-2021-27102,,,,
cisa_only,CVE-2021-27103,,,,
cisa_only,CVE-2021-27104,,,,
cisa_only,CVE-2021-27561,,,,
cisa_only,CVE-2021-27562,,,,
cisa_only,CVE-2021-28310,,,,
cisa_only,CVE-2021-28550,,,,
cisa_only,CVE-2021-28663,,,,
cisa_only,CVE-2021-28664,,,,
cisa_only,CVE-2021-28799,,,,
cisa_only,CVE-2021-30116,,,,
cisa_only,CVE-2021-30533,,,,
cisa_only,CVE-2021-30551,,,,
cisa_only,CVE-2021-30554,,,,
cisa_only,CVE-2021-30563,,,,
cisa_only,CVE-2021-30632,,,,
cisa_only,CVE-2021-30633,,,,
cisa_only,CVE-2021-30657,,,,
cisa_only,CVE-2021-30661,,,,
cisa_only,CVE-2021-30663,,,,
cisa_only,CVE-2021-30665,,,,
cisa_only,CVE-2021-30666,,,,
cisa_only,CVE-2021-30713,,,,
cisa_only,CVE-2021-30761,,,,
cisa_only,CVE-2021-30762,,,,
cisa_only,CVE-2021-30807,,,,
cisa_only,CVE-2021-30858,,,,
cisa_only,CVE-2021-30860,,,,
cisa_only,CVE-2021-30869,,,,
cisa_only,CVE-2021-30883,,,,
cisa_only,CVE-2021-31010,,,,
cisa_only,CVE-2021-31199,,,,
cisa_only,CVE-2021-31201,,,,
cisa_only,CVE-2021-31207,,,,
cisa_only,CVE-2021-3129,,,,
cisa_only,CVE-2021-31755,,,,
cisa_only,CVE-2021-31955,,,,
cisa_only,CVE-2021-31956,,,,
cisa_only,CVE-2021-31979,,,,
cisa_only,CVE-2021-33739,,,,
cisa_only,CVE-2021-33742,,,,
cisa_only,CVE-2021-33771,,,,
cisa_only,CVE-2021-34448,,,,
cisa_only,CVE-2021-34473,,,,
cisa_only,CVE-2021-34523,,,,
cisa_only,CVE-2021-34527,,,,
cisa_only,CVE-2021-35211,,,,
cisa_only,CVE-2021-35394,,,,
cisa_only,CVE-2021-35395,,,,
cisa_only,CVE-2021-36741,,,,
cisa_only,CVE-2021-36742,,,,
cisa_only,CVE-2021-36942,,,,
cisa_only,CVE-2021-36948,,,,
cisa_only,CVE-2021-37973,,,,
cisa_only,CVE-2021-37975,,,,
cisa_only,CVE-2021-37976,,,,
cisa_only,CVE-2021-38000,,,,
cisa_only,CVE-2021-38003,,,,
cisa_only,CVE-2021-38645,,,,
cisa_only,CVE-2021-38647,,,,
cisa_only,CVE-2021-38648,,,,
cisa_only,CVE-2021-38649,,,,
cisa_only,CVE-2021-40444,,,,
cisa_only,CVE-2021-40449,,,,
cisa_only,CVE-2021-40539,,,,
cisa_only,CVE-2021-41773,,,,
cisa_only,CVE-2021-42258,,,,
cisa_only,CVE-2022-1388,,,,
cisa_only,CVE-2023-21492,,,,
vulncheck_only,CVE-1999-0526,,,,
vulncheck_only,CVE-2000-0325,,,,
vulncheck_only,CVE-2000-0984,,,,
vulncheck_only,CVE-2001-0537,,,,
vulncheck_only,CVE-2001-1580,,,,
vulncheck_only,CVE-2002-0953,,,,
vulncheck_only,CVE-2002-1131,,,,
vulncheck_only,CVE-2002-1149,,,,
vulncheck_only,CVE-2005-0869,,,,
vulncheck_only,CVE-2005-3128,,,,
vulncheck_only,CVE-2006-2529,,,,
vulncheck_only,CVE-2006-4837,,,,
vulncheck_only,CVE-2007-0885,,,,
vulncheck_only,CVE-2007-6672,,,,
vulncheck_only,CVE-2008-2052,,,,
vulncheck_only,CVE-2008-2398,,,,
vulncheck_only,CVE-2008-3648,,,,
vulncheck_only,CVE-2008-6668,,,,
vulncheck_only,CVE-2009-1558,,,,
vulncheck_only,CVE-2009-1872,,,,
vulncheck_only,CVE-2009-2267,,,,
vulncheck_only,CVE-2009-2445,,,,
vulncheck_only,CVE-2009-2521,,,,
vulncheck_only,CVE-2009-2692,,,,
vulncheck_only,CVE-2009-2698,,,,
vulncheck_only,CVE-2009-2908,,,,
vulncheck_only,CVE-2009-3547,,,,
vulncheck_only,CVE-2009-3733,,,,
vulncheck_only,CVE-2010-0219,,,,
vulncheck_only,CVE-2010-0759,,,,
vulncheck_only,CVE-2010-1173,,,,
vulncheck_only,CVE-2010-1573,,,,
vulncheck_only,CVE-2010-1807,,,,
vulncheck_only,CVE-2010-20103,,,,
vulncheck_only,CVE-2010-2035,,,,
vulncheck_only,CVE-2010-2261,,,,
vulncheck_only,CVE-2010-2506,,,,
vulncheck_only,CVE-2010-2743,,,,
vulncheck_only,CVE-2010-2959,,,,
vulncheck_only,CVE-2010-3338,,,,
vulncheck_only,CVE-2010-3437,,,,
vulncheck_only,CVE-2010-3849,,,,
vulncheck_only,CVE-2010-4598,,,,
vulncheck_only,CVE-2011-0105,,,,
vulncheck_only,CVE-2011-2474,,,,
vulncheck_only,CVE-2011-2688,,,,
vulncheck_only,CVE-2011-3315,,,,
vulncheck_only,CVE-2011-3600,,,,
vulncheck_only,CVE-2011-4085,,,,
vulncheck_only,CVE-2011-4926,,,,
vulncheck_only,CVE-2012-0297,,,,
vulncheck_only,CVE-2012-10018,,,,
vulncheck_only,CVE-2012-1461,,,,
vulncheck_only,CVE-2012-2626,,,,
vulncheck_only,CVE-2012-3015,,,,
vulncheck_only,CVE-2012-3153,,,,
vulncheck_only,CVE-2012-4867,,,,
vulncheck_only,CVE-2012-4940,,,,
vulncheck_only,CVE-2012-5081,,,,
vulncheck_only,CVE-2012-5469,,,,
vulncheck_only,CVE-2013-0213,,,,
vulncheck_only,CVE-2013-0322,,,,
vulncheck_only,CVE-2013-1300,,,,
vulncheck_only,CVE-2013-2134,,,,
vulncheck_only,CVE-2013-2416,,,,
vulncheck_only,CVE-2013-2461,,,,
vulncheck_only,CVE-2013-2912,,,,
vulncheck_only,CVE-2013-3307,,,,
vulncheck_only,CVE-2013-3821,,,,
vulncheck_only,CVE-2013-3827,,,,
vulncheck_only,CVE-2013-3881,,,,
vulncheck_only,CVE-2013-3956,,,,
vulncheck_only,CVE-2013-4786,,,,
vulncheck_only,CVE-2013-6117,,,,
vulncheck_only,CVE-2013-6397,,,,
vulncheck_only,CVE-2013-6719,,,,
vulncheck_only,CVE-2013-6720,,,,
vulncheck_only,CVE-2013-7091,,,,
vulncheck_only,CVE-2014-0094,,,,
vulncheck_only,CVE-2014-0112,,,,
vulncheck_only,CVE-2014-0113,,,,
vulncheck_only,CVE-2014-0114,,,,
vulncheck_only,CVE-2014-0224,,,,
vulncheck_only,CVE-2014-125119,,,,
vulncheck_only,CVE-2014-125123,,,,
vulncheck_only,CVE-2014-1635,,,,
vulncheck_only,CVE-2014-1677,,,,
vulncheck_only,CVE-2014-2383,,,,
vulncheck_only,CVE-2014-2908,,,,
vulncheck_only,CVE-2014-4535,,,,
vulncheck_only,CVE-2014-4663,,,,
vulncheck_only,CVE-2014-4725,,,,
vulncheck_only,CVE-2014-6321,,,,
vulncheck_only,CVE-2014-8356,,,,
vulncheck_only,CVE-2014-8357,,,,
vulncheck_only,CVE-2014-8379,,,,
vulncheck_only,CVE-2014-9118,,,,
vulncheck_only,CVE-2014-9792,,,,
vulncheck_only,CVE-2015-0096,,,,
vulncheck_only,CVE-2015-10145,,,,
vulncheck_only,CVE-2015-2280,,,,
vulncheck_only,CVE-2015-2331,,,,
vulncheck_only,CVE-2015-2370,,,,
vulncheck_only,CVE-2015-2551,,,,
vulncheck_only,CVE-2015-2863,,,,
vulncheck_only,CVE-2015-3897,,,,
vulncheck_only,CVE-2015-4074,,,,
vulncheck_only,CVE-2015-4455,,,,
vulncheck_only,CVE-2015-5471,,,,
vulncheck_only,CVE-2015-5531,,,,
vulncheck_only,CVE-2015-7254,,,,
vulncheck_only,CVE-2015-7465,,,,
vulncheck_only,CVE-2015-8351,,,,
vulncheck_only,CVE-2015-8813,,,,
vulncheck_only,CVE-2016-0095,,,,
vulncheck_only,CVE-2016-0457,,,,
vulncheck_only,CVE-2016-0638,,,,
vulncheck_only,CVE-2016-0736,,,,
vulncheck_only,CVE-2016-1000110,,,,
vulncheck_only,CVE-2016-1000149,,,,
vulncheck_only,CVE-2016-10108,,,,
vulncheck_only,CVE-2016-10367,,,,
vulncheck_only,CVE-2016-10924,,,,
vulncheck_only,CVE-2016-10960,,,,
vulncheck_only,CVE-2016-10972,,,,
vulncheck_only,CVE-2016-15040,,,,
vulncheck_only,CVE-2016-15041,,,,
vulncheck_only,CVE-2016-15042,,,,
vulncheck_only,CVE-2016-15048,,,,
vulncheck_only,CVE-2016-15057,,,,
vulncheck_only,CVE-2016-20080,,,,
vulncheck_only,CVE-2016-20097,,,,
vulncheck_only,CVE-2016-2389,,,,
vulncheck_only,CVE-2016-3081,,,,
vulncheck_only,CVE-2016-3212,,,,
vulncheck_only,CVE-2016-4326,,,,
vulncheck_only,CVE-2016-4800,,,,
vulncheck_only,CVE-2016-4945,,,,
vulncheck_only,CVE-2016-4977,,,,
vulncheck_only,CVE-2016-5312,,,,
vulncheck_only,CVE-2016-5674,,,,
vulncheck_only,CVE-2016-5680,,,,
vulncheck_only,CVE-2016-5681,,,,
vulncheck_only,CVE-2016-5700,,,,
vulncheck_only,CVE-2016-5734,,,,
vulncheck_only,CVE-2016-6563,,,,
vulncheck_only,CVE-2016-6662,,,,
vulncheck_only,CVE-2016-8530,,,,
vulncheck_only,CVE-2017-0068,,,,
vulncheck_only,CVE-2017-0176,,,,
vulncheck_only,CVE-2017-0929,,,,
vulncheck_only,CVE-2017-1000028,,,,
vulncheck_only,CVE-2017-1000170,,,,
vulncheck_only,CVE-2017-1000226,,,,
vulncheck_only,CVE-2017-1000367,,,,
vulncheck_only,CVE-2017-10974,,,,
vulncheck_only,CVE-2017-10986,,,,
vulncheck_only,CVE-2017-11511,,,,
vulncheck_only,CVE-2017-11512,,,,
vulncheck_only,CVE-2017-11884,,,,
vulncheck_only,CVE-2017-12611,,,,
vulncheck_only,CVE-2017-12635,,,,
vulncheck_only,CVE-2017-13798,,,,
vulncheck_only,CVE-2017-14723,,,,
vulncheck_only,CVE-2017-14726,,,,
vulncheck_only,CVE-2017-15302,,,,
vulncheck_only,CVE-2017-15303,,,,
vulncheck_only,CVE-2017-15363,,,,
vulncheck_only,CVE-2017-15715,,,,
vulncheck_only,CVE-2017-16237,,,,
vulncheck_only,CVE-2017-16383,,,,
vulncheck_only,CVE-2017-16391,,,,
vulncheck_only,CVE-2017-16562,,,,
vulncheck_only,CVE-2017-16894,,,,
vulncheck_only,CVE-2017-17105,,,,
vulncheck_only,CVE-2017-17106,,,,
vulncheck_only,CVE-2017-17107,,,,
vulncheck_only,CVE-2017-17560,,,,
vulncheck_only,CVE-2017-17731,,,,
vulncheck_only,CVE-2017-17761,,,,
vulncheck_only,CVE-2017-17762,,,,
vulncheck_only,CVE-2017-18349,,,,
vulncheck_only,CVE-2017-18365,,,,
vulncheck_only,CVE-2017-18369,,,,
vulncheck_only,CVE-2017-18378,,,,
vulncheck_only,CVE-2017-20192,,,,
vulncheck_only,CVE-2017-20194,,,,
vulncheck_only,CVE-2017-20216,,,,
vulncheck_only,CVE-2017-20284,,,,
vulncheck_only,CVE-2017-4946,,,,
vulncheck_only,CVE-2017-5259,,,,
vulncheck_only,CVE-2017-5611,,,,
vulncheck_only,CVE-2017-5753,,,,
vulncheck_only,CVE-2017-5930,,,,
vulncheck_only,CVE-2017-5963,,,,
vulncheck_only,CVE-2017-6079,,,,
vulncheck_only,CVE-2017-6090,,,,
vulncheck_only,CVE-2017-7199,,,,
vulncheck_only,CVE-2017-7504,,,,
vulncheck_only,CVE-2017-7577,,,,
vulncheck_only,CVE-2017-7659,,,,
vulncheck_only,CVE-2017-7668,,,,
vulncheck_only,CVE-2017-7692,,,,
vulncheck_only,CVE-2017-7876,,,,
vulncheck_only,CVE-2017-7927,,,,
vulncheck_only,CVE-2017-7973,,,,
vulncheck_only,CVE-2017-8226,,,,
vulncheck_only,CVE-2017-8295,,,,
vulncheck_only,CVE-2017-8917,,,,
vulncheck_only,CVE-2017-8961,,,,
vulncheck_only,CVE-2017-9506,,,,
vulncheck_only,CVE-2017-9554,,,,
vulncheck_only,CVE-2017-9788,,,,
vulncheck_only,CVE-2017-9798,,,,
vulncheck_only,CVE-2017-9833,,,,
vulncheck_only,CVE-2017-9844,,,,
vulncheck_only,CVE-2018-0127,,,,
vulncheck_only,CVE-2018-0150,,,,
vulncheck_only,CVE-2018-0160,,,,
vulncheck_only,CVE-2018-1000001,,,,
vulncheck_only,CVE-2018-1000130,,,,
vulncheck_only,CVE-2018-1000600,,,,
vulncheck_only,CVE-2018-10661,,,,
vulncheck_only,CVE-2018-10735,,,,
vulncheck_only,CVE-2018-10736,,,,
vulncheck_only,CVE-2018-10737,,,,
vulncheck_only,CVE-2018-10942,,,,
vulncheck_only,CVE-2018-10957,,,,
vulncheck_only,CVE-2018-11222,,,,
vulncheck_only,CVE-2018-11409,,,,
vulncheck_only,CVE-2018-11686,,,,
vulncheck_only,CVE-2018-11714,,,,
vulncheck_only,CVE-2018-11759,,,,
vulncheck_only,CVE-2018-11763,,,,
vulncheck_only,CVE-2018-11770,,,,
vulncheck_only,CVE-2018-12031,,,,
vulncheck_only,CVE-2018-1207,,,,
vulncheck_only,CVE-2018-1217,,,,
vulncheck_only,CVE-2018-12296,,,,
vulncheck_only,CVE-2018-12613,,,,
vulncheck_only,CVE-2018-12998,,,,
vulncheck_only,CVE-2018-1303,,,,
vulncheck_only,CVE-2018-13307,,,,
vulncheck_only,CVE-2018-13315,,,,
vulncheck_only,CVE-2018-13317,,,,
vulncheck_only,CVE-2018-1335,,,,
vulncheck_only,CVE-2018-13350,,,,
vulncheck_only,CVE-2018-13980,,,,
vulncheck_only,CVE-2018-14013,,,,
vulncheck_only,CVE-2018-14028,,,,
vulncheck_only,CVE-2018-14912,,,,
vulncheck_only,CVE-2018-14918,,,,
vulncheck_only,CVE-2018-15138,,,,
vulncheck_only,CVE-2018-15517,,,,
vulncheck_only,CVE-2018-16059,,,,
vulncheck_only,CVE-2018-16159,,,,
vulncheck_only,CVE-2018-16167,,,,
vulncheck_only,CVE-2018-16509,,,,
vulncheck_only,CVE-2018-16670,,,,
vulncheck_only,CVE-2018-16752,,,,
vulncheck_only,CVE-2018-16763,,,,
vulncheck_only,CVE-2018-16836,,,,
vulncheck_only,CVE-2018-17207,,,,
vulncheck_only,CVE-2018-17246,,,,
vulncheck_only,CVE-2018-17254,,,,
vulncheck_only,CVE-2018-17283,,,,
vulncheck_only,CVE-2018-17431,,,,
vulncheck_only,CVE-2018-17532,,,,
vulncheck_only,CVE-2018-18084,,,,
vulncheck_only,CVE-2018-18775,,,,
vulncheck_only,CVE-2018-1932,,,,
vulncheck_only,CVE-2018-19365,,,,
vulncheck_only,CVE-2018-19518,,,,
vulncheck_only,CVE-2018-19629,,,,
vulncheck_only,CVE-2018-20057,,,,
vulncheck_only,CVE-2018-20122,,,,
vulncheck_only,CVE-2018-20334,,,,
vulncheck_only,CVE-2018-20463,,,,
vulncheck_only,CVE-2018-20470,,,,
vulncheck_only,CVE-2018-20526,,,,
vulncheck_only,CVE-2018-2392,,,,
vulncheck_only,CVE-2018-25105,,,,
vulncheck_only,CVE-2018-25114,,,,
vulncheck_only,CVE-2018-25115,,,,
vulncheck_only,CVE-2018-25118,,,,
vulncheck_only,CVE-2018-25120,,,,
vulncheck_only,CVE-2018-25124,,,,
vulncheck_only,CVE-2018-25270,,,,
vulncheck_only,CVE-2018-3810,,,,
vulncheck_only,CVE-2018-3948,,,,
vulncheck_only,CVE-2018-3949,,,,
vulncheck_only,CVE-2018-4233,,,,
vulncheck_only,CVE-2018-4237,,,,
vulncheck_only,CVE-2018-4312,,,,
vulncheck_only,CVE-2018-4386,,,,
vulncheck_only,CVE-2018-4404,,,,
vulncheck_only,CVE-2018-4443,,,,
vulncheck_only,CVE-2018-5019,,,,
vulncheck_only,CVE-2018-5713,,,,
vulncheck_only,CVE-2018-5999,,,,
vulncheck_only,CVE-2018-6000,,,,
vulncheck_only,CVE-2018-6055,,,,
vulncheck_only,CVE-2018-7282,,,,
vulncheck_only,CVE-2018-7700,,,,
vulncheck_only,CVE-2018-8006,,,,
vulncheck_only,CVE-2018-8007,,,,
vulncheck_only,CVE-2018-8011,,,,
vulncheck_only,CVE-2019-0190,,,,
vulncheck_only,CVE-2019-0537,,,,
vulncheck_only,CVE-2019-0623,,,,
vulncheck_only,CVE-2019-0948,,,,
vulncheck_only,CVE-2019-1003001,,,,
vulncheck_only,CVE-2019-10097,,,,
vulncheck_only,CVE-2019-10098,,,,
vulncheck_only,CVE-2019-10232,,,,
vulncheck_only,CVE-2019-10647,,,,
vulncheck_only,CVE-2019-10891,,,,
vulncheck_only,CVE-2019-11248,,,,
vulncheck_only,CVE-2019-11370,,,,
vulncheck_only,CVE-2019-11829,,,,
vulncheck_only,CVE-2019-12168,,,,
vulncheck_only,CVE-2019-12255,,,,
vulncheck_only,CVE-2019-12263,,,,
vulncheck_only,CVE-2019-12276,,,,
vulncheck_only,CVE-2019-12314,,,,
vulncheck_only,CVE-2019-12593,,,,
vulncheck_only,CVE-2019-12985,,,,
vulncheck_only,CVE-2019-12986,,,,
vulncheck_only,CVE-2019-12987,,,,
vulncheck_only,CVE-2019-12988,,,,
vulncheck_only,CVE-2019-12990,,,,
vulncheck_only,CVE-2019-13101,,,,
vulncheck_only,CVE-2019-13396,,,,
vulncheck_only,CVE-2019-13462,,,,
vulncheck_only,CVE-2019-14223,,,,
vulncheck_only,CVE-2019-14251,,,,
vulncheck_only,CVE-2019-15637,,,,
vulncheck_only,CVE-2019-15642,,,,
vulncheck_only,CVE-2019-15846,,,,
vulncheck_only,CVE-2019-16098,,,,
vulncheck_only,CVE-2019-16647,,,,
vulncheck_only,CVE-2019-16932,,,,
vulncheck_only,CVE-2019-16996,,,,
vulncheck_only,CVE-2019-17050,,,,
vulncheck_only,CVE-2019-17228,,,,
vulncheck_only,CVE-2019-17232,,,,
vulncheck_only,CVE-2019-17233,,,,
vulncheck_only,CVE-2019-17503,,,,
vulncheck_only,CVE-2019-17506,,,,
vulncheck_only,CVE-2019-17538,,,,
vulncheck_only,CVE-2019-17564,,,,
vulncheck_only,CVE-2019-17574,,,,
vulncheck_only,CVE-2019-1821,,,,
vulncheck_only,CVE-2019-18371,,,,
vulncheck_only,CVE-2019-18393,,,,
vulncheck_only,CVE-2019-18394,,,,
vulncheck_only,CVE-2019-18818,,,,
vulncheck_only,CVE-2019-18952,,,,
vulncheck_only,CVE-2019-19492,,,,
vulncheck_only,CVE-2019-19609,,,,
vulncheck_only,CVE-2019-19824,,,,
vulncheck_only,CVE-2019-19825,,,,
vulncheck_only,CVE-2019-20074,,,,
vulncheck_only,CVE-2019-20504,,,,
vulncheck_only,CVE-2019-20933,,,,
vulncheck_only,CVE-2019-25065,,,,
vulncheck_only,CVE-2019-25213,,,,
vulncheck_only,CVE-2019-25214,,,,
vulncheck_only,CVE-2019-25215,,,,
vulncheck_only,CVE-2019-25217,,,,
vulncheck_only,CVE-2019-25714,,,,
vulncheck_only,CVE-2019-25765,,,,
vulncheck_only,CVE-2019-25776,,,,
vulncheck_only,CVE-2019-2588,,,,
vulncheck_only,CVE-2019-2618,,,,
vulncheck_only,CVE-2019-2767,,,,
vulncheck_only,CVE-2019-2768,,,,
vulncheck_only,CVE-2019-3495,,,,
vulncheck_only,CVE-2019-3914,,,,
vulncheck_only,CVE-2019-3980,,,,
vulncheck_only,CVE-2019-4061,,,,
vulncheck_only,CVE-2019-5039,,,,
vulncheck_only,CVE-2019-5127,,,,
vulncheck_only,CVE-2019-5128,,,,
vulncheck_only,CVE-2019-5129,,,,
vulncheck_only,CVE-2019-5434,,,,
vulncheck_only,CVE-2019-5526,,,,
vulncheck_only,CVE-2019-5736,,,,
vulncheck_only,CVE-2019-5782,,,,
vulncheck_only,CVE-2019-5840,,,,
vulncheck_only,CVE-2019-6443,,,,
vulncheck_only,CVE-2019-6814,,,,
vulncheck_only,CVE-2019-7254,,,,
vulncheck_only,CVE-2019-7580,,,,
vulncheck_only,CVE-2019-8318,,,,
vulncheck_only,CVE-2019-8387,,,,
vulncheck_only,CVE-2019-8442,,,,
vulncheck_only,CVE-2019-8446,,,,
vulncheck_only,CVE-2019-8451,,,,
vulncheck_only,CVE-2019-8646,,,,
vulncheck_only,CVE-2019-8982,,,,
vulncheck_only,CVE-2019-9546,,,,
vulncheck_only,CVE-2019-9733,,,,
vulncheck_only,CVE-2019-9762,,,,
vulncheck_only,CVE-2019-9810,,,,
vulncheck_only,CVE-2020-1013,,,,
vulncheck_only,CVE-2020-10215,,,,
vulncheck_only,CVE-2020-1048,,,,
vulncheck_only,CVE-2020-10546,,,,
vulncheck_only,CVE-2020-10548,,,,
vulncheck_only,CVE-2020-10650,,,,
vulncheck_only,CVE-2020-1066,,,,
vulncheck_only,CVE-2020-10684,,,,
vulncheck_only,CVE-2020-10770,,,,
vulncheck_only,CVE-2020-10826,,,,
vulncheck_only,CVE-2020-10827,,,,
vulncheck_only,CVE-2020-10828,,,,
vulncheck_only,CVE-2020-11455,,,,
vulncheck_only,CVE-2020-11514,,,,
vulncheck_only,CVE-2020-11515,,,,
vulncheck_only,CVE-2020-11530,,,,
vulncheck_only,CVE-2020-11546,,,,
vulncheck_only,CVE-2020-11625,,,,
vulncheck_only,CVE-2020-11798,,,,
vulncheck_only,CVE-2020-11854,,,,
vulncheck_only,CVE-2020-11900,,,,
vulncheck_only,CVE-2020-11963,,,,
vulncheck_only,CVE-2020-11984,,,,
vulncheck_only,CVE-2020-11991,,,,
vulncheck_only,CVE-2020-1206,,,,
vulncheck_only,CVE-2020-12075,,,,
vulncheck_only,CVE-2020-1210,,,,
vulncheck_only,CVE-2020-12124,,,,
vulncheck_only,CVE-2020-12832,,,,
vulncheck_only,CVE-2020-13117,,,,
vulncheck_only,CVE-2020-13158,,,,
vulncheck_only,CVE-2020-13167,,,,
vulncheck_only,CVE-2020-13379,,,,
vulncheck_only,CVE-2020-13483,,,,
vulncheck_only,CVE-2020-13638,,,,
vulncheck_only,CVE-2020-1375,,,,
vulncheck_only,CVE-2020-13756,,,,
vulncheck_only,CVE-2020-13851,,,,
vulncheck_only,CVE-2020-14080,,,,
vulncheck_only,CVE-2020-14756,,,,
vulncheck_only,CVE-2020-14979,,,,
vulncheck_only,CVE-2020-14993,,,,
vulncheck_only,CVE-2020-15368,,,,
vulncheck_only,CVE-2020-15916,,,,
vulncheck_only,CVE-2020-15920,,,,
vulncheck_only,CVE-2020-1599,,,,
vulncheck_only,CVE-2020-15994,,,,
vulncheck_only,CVE-2020-16040,,,,
vulncheck_only,CVE-2020-16139,,,,
vulncheck_only,CVE-2020-16875,,,,
vulncheck_only,CVE-2020-17103,,,,
vulncheck_only,CVE-2020-17453,,,,
vulncheck_only,CVE-2020-17456,,,,
vulncheck_only,CVE-2020-17505,,,,
vulncheck_only,CVE-2020-17506,,,,
vulncheck_only,CVE-2020-17518,,,,
vulncheck_only,CVE-2020-19363,,,,
vulncheck_only,CVE-2020-1943,,,,
vulncheck_only,CVE-2020-19625,,,,
vulncheck_only,CVE-2020-20300,,,,
vulncheck_only,CVE-2020-2034,,,,
vulncheck_only,CVE-2020-20601,,,,
vulncheck_only,CVE-2020-20627,,,,
vulncheck_only,CVE-2020-2096,,,,
vulncheck_only,CVE-2020-21650,,,,
vulncheck_only,CVE-2020-22165,,,,
vulncheck_only,CVE-2020-22208,,,,
vulncheck_only,CVE-2020-22211,,,,
vulncheck_only,CVE-2020-22623,,,,
vulncheck_only,CVE-2020-22653,,,,
vulncheck_only,CVE-2020-22658,,,,
vulncheck_only,CVE-2020-23575,,,,
vulncheck_only,CVE-2020-23814,,,,
vulncheck_only,CVE-2020-24219,,,,
vulncheck_only,CVE-2020-24589,,,,
vulncheck_only,CVE-2020-24901,,,,
vulncheck_only,CVE-2020-24914,,,,
vulncheck_only,CVE-2020-25206,,,,
vulncheck_only,CVE-2020-25499,,,,
vulncheck_only,CVE-2020-25540,,,,
vulncheck_only,CVE-2020-26073,,,,
vulncheck_only,CVE-2020-26836,,,,
vulncheck_only,CVE-2020-26878,,,,
vulncheck_only,CVE-2020-26879,,,,
vulncheck_only,CVE-2020-26948,,,,
vulncheck_only,CVE-2020-27387,,,,
vulncheck_only,CVE-2020-27866,,,,
vulncheck_only,CVE-2020-27867,,,,
vulncheck_only,CVE-2020-27982,,,,
vulncheck_only,CVE-2020-27986,,,,
vulncheck_only,CVE-2020-28185,,,,
vulncheck_only,CVE-2020-28653,,,,
vulncheck_only,CVE-2020-29390,,,,
vulncheck_only,CVE-2020-29597,,,,
vulncheck_only,CVE-2020-3187,,,,
vulncheck_only,CVE-2020-3451,,,,
vulncheck_only,CVE-2020-35131,,,,
vulncheck_only,CVE-2020-35235,,,,
vulncheck_only,CVE-2020-3529,,,,
vulncheck_only,CVE-2020-35391,,,,
vulncheck_only,CVE-2020-35476,,,,
vulncheck_only,CVE-2020-35580,,,,
vulncheck_only,CVE-2020-35713,,,,
vulncheck_only,CVE-2020-35714,,,,
vulncheck_only,CVE-2020-36112,,,,
vulncheck_only,CVE-2020-36198,,,,
vulncheck_only,CVE-2020-36708,,,,
vulncheck_only,CVE-2020-36723,,,,
vulncheck_only,CVE-2020-36831,,,,
vulncheck_only,CVE-2020-36832,,,,
vulncheck_only,CVE-2020-36834,,,,
vulncheck_only,CVE-2020-36835,,,,
vulncheck_only,CVE-2020-36836,,,,
vulncheck_only,CVE-2020-36837,,,,
vulncheck_only,CVE-2020-36842,,,,
vulncheck_only,CVE-2020-36847,,,,
vulncheck_only,CVE-2020-36870,,,,
vulncheck_only,CVE-2020-37123,,,,
vulncheck_only,CVE-2020-4429,,,,
vulncheck_only,CVE-2020-4450,,,,
vulncheck_only,CVE-2020-4463,,,,
vulncheck_only,CVE-2020-5284,,,,
vulncheck_only,CVE-2020-5412,,,,
vulncheck_only,CVE-2020-5775,,,,
vulncheck_only,CVE-2020-6008,,,,
vulncheck_only,CVE-2020-6168,,,,
vulncheck_only,CVE-2020-6286,,,,
vulncheck_only,CVE-2020-6308,,,,
vulncheck_only,CVE-2020-7136,,,,
vulncheck_only,CVE-2020-7209,,,,
vulncheck_only,CVE-2020-7882,,,,
vulncheck_only,CVE-2020-7980,,,,
vulncheck_only,CVE-2020-8115,,,,
vulncheck_only,CVE-2020-8191,,,,
vulncheck_only,CVE-2020-8194,,,,
vulncheck_only,CVE-2020-8209,,,,
vulncheck_only,CVE-2020-8497,,,,
vulncheck_only,CVE-2020-8656,,,,
vulncheck_only,CVE-2020-8949,,,,
vulncheck_only,CVE-2020-8958,,,,
vulncheck_only,CVE-2020-8982,,,,
vulncheck_only,CVE-2020-9043,,,,
vulncheck_only,CVE-2020-9314,,,,
vulncheck_only,CVE-2020-9344,,,,
vulncheck_only,CVE-2020-9374,,,,
vulncheck_only,CVE-2020-9480,,,,
vulncheck_only,CVE-2020-9547,,,,
vulncheck_only,CVE-2020-9548,,,,
vulncheck_only,CVE-2020-9757,,,,
vulncheck_only,CVE-2020-9771,,,,
vulncheck_only,CVE-2020-9802,,,,
vulncheck_only,CVE-2020-9870,,,,
vulncheck_only,CVE-2020-9910,,,,
vulncheck_only,CVE-2021-0027,,,,
vulncheck_only,CVE-2021-1636,,,,
vulncheck_only,CVE-2021-1733,,,,
vulncheck_only,CVE-2021-1801,,,,
vulncheck_only,CVE-2021-20039,,,,
vulncheck_only,CVE-2021-20092,,,,
vulncheck_only,CVE-2021-20166,,,,
vulncheck_only,CVE-2021-20167,,,,
vulncheck_only,CVE-2021-20617,,,,
vulncheck_only,CVE-2021-20655,,,,
vulncheck_only,CVE-2021-20837,,,,
vulncheck_only,CVE-2021-21087,,,,
vulncheck_only,CVE-2021-2109,,,,
vulncheck_only,CVE-2021-21234,,,,
vulncheck_only,CVE-2021-21307,,,,
vulncheck_only,CVE-2021-21389,,,,
vulncheck_only,CVE-2021-21402,,,,
vulncheck_only,CVE-2021-21479,,,,
vulncheck_only,CVE-2021-21745,,,,
vulncheck_only,CVE-2021-21801,,,,
vulncheck_only,CVE-2021-21805,,,,
vulncheck_only,CVE-2021-21872,,,,
vulncheck_only,CVE-2021-21881,,,,
vulncheck_only,CVE-2021-21974,,,,
vulncheck_only,CVE-2021-21978,,,,
vulncheck_only,CVE-2021-21980,,,,
vulncheck_only,CVE-2021-22053,,,,
vulncheck_only,CVE-2021-22122,,,,
vulncheck_only,CVE-2021-22214,,,,
vulncheck_only,CVE-2021-22707,,,,
vulncheck_only,CVE-2021-22713,,,,
vulncheck_only,CVE-2021-22873,,,,
vulncheck_only,CVE-2021-22911,,,,
vulncheck_only,CVE-2021-23263,,,,
vulncheck_only,CVE-2021-23394,,,,
vulncheck_only,CVE-2021-23957,,,,
vulncheck_only,CVE-2021-24139,,,,
vulncheck_only,CVE-2021-24164,,,,
vulncheck_only,CVE-2021-24170,,,,
vulncheck_only,CVE-2021-24183,,,,
vulncheck_only,CVE-2021-24184,,,,
vulncheck_only,CVE-2021-24205,,,,
vulncheck_only,CVE-2021-24209,,,,
vulncheck_only,CVE-2021-24227,,,,
vulncheck_only,CVE-2021-24258,,,,
vulncheck_only,CVE-2021-24278,,,,
vulncheck_only,CVE-2021-24284,,,,
vulncheck_only,CVE-2021-24285,,,,
vulncheck_only,CVE-2021-24290,,,,
vulncheck_only,CVE-2021-24311,,,,
vulncheck_only,CVE-2021-24353,,,,
vulncheck_only,CVE-2021-24442,,,,
vulncheck_only,CVE-2021-24498,,,,
vulncheck_only,CVE-2021-24499,,,,
vulncheck_only,CVE-2021-24527,,,,
vulncheck_only,CVE-2021-24666,,,,
vulncheck_only,CVE-2021-24750,,,,
vulncheck_only,CVE-2021-24762,,,,
vulncheck_only,CVE-2021-24827,,,,
vulncheck_only,CVE-2021-24878,,,,
vulncheck_only,CVE-2021-24915,,,,
vulncheck_only,CVE-2021-24918,,,,
vulncheck_only,CVE-2021-24931,,,,
vulncheck_only,CVE-2021-24943,,,,
vulncheck_only,CVE-2021-24946,,,,
vulncheck_only,CVE-2021-24969,,,,
vulncheck_only,CVE-2021-24981,,,,
vulncheck_only,CVE-2021-25003,,,,
vulncheck_only,CVE-2021-25032,,,,
vulncheck_only,CVE-2021-25037,,,,
vulncheck_only,CVE-2021-25076,,,,
vulncheck_only,CVE-2021-25082,,,,
vulncheck_only,CVE-2021-25094,,,,
vulncheck_only,CVE-2021-25114,,,,
vulncheck_only,CVE-2021-25281,,,,
vulncheck_only,CVE-2021-25646,,,,
vulncheck_only,CVE-2021-25864,,,,
vulncheck_only,CVE-2021-25899,,,,
vulncheck_only,CVE-2021-26072,,,,
vulncheck_only,CVE-2021-26294,,,,
vulncheck_only,CVE-2021-26295,,,,
vulncheck_only,CVE-2021-26606,,,,
vulncheck_only,CVE-2021-26885,,,,
vulncheck_only,CVE-2021-26897,,,,
vulncheck_only,CVE-2021-26920,,,,
vulncheck_only,CVE-2021-27076,,,,
vulncheck_only,CVE-2021-27162,,,,
vulncheck_only,CVE-2021-27358,,,,
vulncheck_only,CVE-2021-27670,,,,
vulncheck_only,CVE-2021-27691,,,,
vulncheck_only,CVE-2021-27692,,,,
vulncheck_only,CVE-2021-27850,,,,
vulncheck_only,CVE-2021-27855,,,,
vulncheck_only,CVE-2021-27856,,,,
vulncheck_only,CVE-2021-27931,,,,
vulncheck_only,CVE-2021-27964,,,,
vulncheck_only,CVE-2021-28150,,,,
vulncheck_only,CVE-2021-28151,,,,
vulncheck_only,CVE-2021-28169,,,,
vulncheck_only,CVE-2021-28199,,,,
vulncheck_only,CVE-2021-28481,,,,
vulncheck_only,CVE-2021-29203,,,,
vulncheck_only,CVE-2021-29441,,,,
vulncheck_only,CVE-2021-29442,,,,
vulncheck_only,CVE-2021-29476,,,,
vulncheck_only,CVE-2021-30118,,,,
vulncheck_only,CVE-2021-30128,,,,
vulncheck_only,CVE-2021-30134,,,,
vulncheck_only,CVE-2021-30168,,,,
vulncheck_only,CVE-2021-3018,,,,
vulncheck_only,CVE-2021-30461,,,,
vulncheck_only,CVE-2021-30497,,,,
vulncheck_only,CVE-2021-30538,,,,
vulncheck_only,CVE-2021-31206,,,,
vulncheck_only,CVE-2021-31250,,,,
vulncheck_only,CVE-2021-31589,,,,
vulncheck_only,CVE-2021-31602,,,,
vulncheck_only,CVE-2021-31728,,,,
vulncheck_only,CVE-2021-31805,,,,
vulncheck_only,CVE-2021-31969,,,,
vulncheck_only,CVE-2021-32172,,,,
vulncheck_only,CVE-2021-3223,,,,
vulncheck_only,CVE-2021-32478,,,,
vulncheck_only,CVE-2021-32790,,,,
vulncheck_only,CVE-2021-32819,,,,
vulncheck_only,CVE-2021-32849,,,,
vulncheck_only,CVE-2021-3287,,,,
vulncheck_only,CVE-2021-3297,,,,
vulncheck_only,CVE-2021-33035,,,,
vulncheck_only,CVE-2021-33357,,,,
vulncheck_only,CVE-2021-33548,,,,
vulncheck_only,CVE-2021-33549,,,,
vulncheck_only,CVE-2021-33550,,,,
vulncheck_only,CVE-2021-33551,,,,
vulncheck_only,CVE-2021-33552,,,,
vulncheck_only,CVE-2021-33553,,,,
vulncheck_only,CVE-2021-33554,,,,
vulncheck_only,CVE-2021-33558,,,,
vulncheck_only,CVE-2021-33564,,,,
vulncheck_only,CVE-2021-33690,,,,
vulncheck_only,CVE-2021-33768,,,,
vulncheck_only,CVE-2021-34187,,,,
vulncheck_only,CVE-2021-34427,,,,
vulncheck_only,CVE-2021-34429,,,,
vulncheck_only,CVE-2021-34470,,,,
vulncheck_only,CVE-2021-34481,,,,
vulncheck_only,CVE-2021-34621,,,,
vulncheck_only,CVE-2021-34624,,,,
vulncheck_only,CVE-2021-34641,,,,
vulncheck_only,CVE-2021-34730,,,,
vulncheck_only,CVE-2021-34993,,,,
vulncheck_only,CVE-2021-35064,,,,
vulncheck_only,CVE-2021-35232,,,,
vulncheck_only,CVE-2021-35250,,,,
vulncheck_only,CVE-2021-35327,,,,
vulncheck_only,CVE-2021-35402,,,,
vulncheck_only,CVE-2021-3577,,,,
vulncheck_only,CVE-2021-36276,,,,
vulncheck_only,CVE-2021-36356,,,,
vulncheck_only,CVE-2021-36749,,,,
vulncheck_only,CVE-2021-36754,,,,
vulncheck_only,CVE-2021-36888,,,,
vulncheck_only,CVE-2021-3708,,,,
vulncheck_only,CVE-2021-37291,,,,
vulncheck_only,CVE-2021-37305,,,,
vulncheck_only,CVE-2021-37538,,,,
vulncheck_only,CVE-2021-37580,,,,
vulncheck_only,CVE-2021-38153,,,,
vulncheck_only,CVE-2021-38702,,,,
vulncheck_only,CVE-2021-39152,,,,
vulncheck_only,CVE-2021-39211,,,,
vulncheck_only,CVE-2021-39312,,,,
vulncheck_only,CVE-2021-39316,,,,
vulncheck_only,CVE-2021-39317,,,,
vulncheck_only,CVE-2021-39509,,,,
vulncheck_only,CVE-2021-4039,,,,
vulncheck_only,CVE-2021-4045,,,,
vulncheck_only,CVE-2021-40684,,,,
vulncheck_only,CVE-2021-4073,,,,
vulncheck_only,CVE-2021-40822,,,,
vulncheck_only,CVE-2021-40856,,,,
vulncheck_only,CVE-2021-40875,,,,
vulncheck_only,CVE-2021-4104,,,,
vulncheck_only,CVE-2021-41174,,,,
vulncheck_only,CVE-2021-41266,,,,
vulncheck_only,CVE-2021-41285,,,,
vulncheck_only,CVE-2021-41293,,,,
vulncheck_only,CVE-2021-41295,,,,
vulncheck_only,CVE-2021-41349,,,,
vulncheck_only,CVE-2021-41419,,,,
vulncheck_only,CVE-2021-41569,,,,
vulncheck_only,CVE-2021-41649,,,,
vulncheck_only,CVE-2021-41653,,,,
vulncheck_only,CVE-2021-41691,,,,
vulncheck_only,CVE-2021-41714,,,,
vulncheck_only,CVE-2021-4191,,,,
vulncheck_only,CVE-2021-41951,,,,
vulncheck_only,CVE-2021-42063,,,,
vulncheck_only,CVE-2021-42071,,,,
vulncheck_only,CVE-2021-42298,,,,
vulncheck_only,CVE-2021-42567,,,,
vulncheck_only,CVE-2021-42912,,,,
vulncheck_only,CVE-2021-43163,,,,
vulncheck_only,CVE-2021-43207,,,,
vulncheck_only,CVE-2021-43287,,,,
vulncheck_only,CVE-2021-4332,,,,
vulncheck_only,CVE-2021-4358,,,,
vulncheck_only,CVE-2021-43711,,,,
vulncheck_only,CVE-2021-43778,,,,
vulncheck_only,CVE-2021-43936,,,,
vulncheck_only,CVE-2021-44142,,,,
vulncheck_only,CVE-2021-4436,,,,
vulncheck_only,CVE-2021-44427,,,,
vulncheck_only,CVE-2021-4443,,,,
vulncheck_only,CVE-2021-4444,,,,
vulncheck_only,CVE-2021-4445,,,,
vulncheck_only,CVE-2021-4446,,,,
vulncheck_only,CVE-2021-4448,,,,
vulncheck_only,CVE-2021-4449,,,,
vulncheck_only,CVE-2021-4458,,,,
vulncheck_only,CVE-2021-4461,,,,
vulncheck_only,CVE-2021-4462,,,,
vulncheck_only,CVE-2021-4473,,,,
vulncheck_only,CVE-2021-44832,,,,
vulncheck_only,CVE-2021-44868,,,,
vulncheck_only,CVE-2021-44892,,,,
vulncheck_only,CVE-2021-45092,,,,
vulncheck_only,CVE-2021-45105,,,,
vulncheck_only,CVE-2021-45420,,,,
vulncheck_only,CVE-2021-45422,,,,
vulncheck_only,CVE-2021-45461,,,,
vulncheck_only,CVE-2021-45467,,,,
vulncheck_only,CVE-2021-45511,,,,
vulncheck_only,CVE-2021-45837,,,,
vulncheck_only,CVE-2021-45967,,,,
vulncheck_only,CVE-2021-46229,,,,
vulncheck_only,CVE-2021-46379,,,,
vulncheck_only,CVE-2021-46381,,,,
vulncheck_only,CVE-2021-46417,,,,
vulncheck_only,CVE-2021-46422,,,,
vulncheck_only,CVE-2021-46442,,,,
vulncheck_only,CVE-2021-47795,,,,
vulncheck_only,CVE-2021-48008,,,,
vulncheck_only,CVE-2022-0073,,,,
vulncheck_only,CVE-2022-0074,,,,
vulncheck_only,CVE-2022-0142,,,,
vulncheck_only,CVE-2022-0169,,,,
vulncheck_only,CVE-2022-0218,,,,
vulncheck_only,CVE-2022-0288,,,,
vulncheck_only,CVE-2022-0342,,,,
vulncheck_only,CVE-2022-0346,,,,
vulncheck_only,CVE-2022-0412,,,,
vulncheck_only,CVE-2022-0429,,,,
vulncheck_only,CVE-2022-0434,,,,
vulncheck_only,CVE-2022-0441,,,,
vulncheck_only,CVE-2022-0456,,,,
vulncheck_only,CVE-2022-0482,,,,
vulncheck_only,CVE-2022-0540,,,,
vulncheck_only,CVE-2022-0591,,,,
vulncheck_only,CVE-2022-0592,,,,
vulncheck_only,CVE-2022-0633,,,,
vulncheck_only,CVE-2022-0653,,,,
vulncheck_only,CVE-2022-0656,,,,
vulncheck_only,CVE-2022-0679,,,,
vulncheck_only,CVE-2022-0732,,,,
vulncheck_only,CVE-2022-0747,,,,
vulncheck_only,CVE-2022-0760,,,,
vulncheck_only,CVE-2022-0769,,,,
vulncheck_only,CVE-2022-0781,,,,
vulncheck_only,CVE-2022-0784,,,,
vulncheck_only,CVE-2022-0785,,,,
vulncheck_only,CVE-2022-0786,,,,
vulncheck_only,CVE-2022-0826,,,,
vulncheck_only,CVE-2022-0827,,,,
vulncheck_only,CVE-2022-0846,,,,
vulncheck_only,CVE-2022-0867,,,,
vulncheck_only,CVE-2022-0885,,,,
vulncheck_only,CVE-2022-0948,,,,
vulncheck_only,CVE-2022-0952,,,,
vulncheck_only,CVE-2022-1006,,,,
vulncheck_only,CVE-2022-1020,,,,
vulncheck_only,CVE-2022-1026,,,,
vulncheck_only,CVE-2022-1057,,,,
vulncheck_only,CVE-2022-1097,,,,
vulncheck_only,CVE-2022-1118,,,,
vulncheck_only,CVE-2022-1221,,,,
vulncheck_only,CVE-2022-1281,,,,
vulncheck_only,CVE-2022-1329,,,,
vulncheck_only,CVE-2022-1386,,,,
vulncheck_only,CVE-2022-1390,,,,
vulncheck_only,CVE-2022-1391,,,,
vulncheck_only,CVE-2022-1439,,,,
vulncheck_only,CVE-2022-1453,,,,
vulncheck_only,CVE-2022-1529,,,,
vulncheck_only,CVE-2022-1574,,,,
vulncheck_only,CVE-2022-1609,,,,
vulncheck_only,CVE-2022-1654,,,,
vulncheck_only,CVE-2022-1703,,,,
vulncheck_only,CVE-2022-1768,,,,
vulncheck_only,CVE-2022-1802,,,,
vulncheck_only,CVE-2022-1883,,,,
vulncheck_only,CVE-2022-1903,,,,
vulncheck_only,CVE-2022-1916,,,,
vulncheck_only,CVE-2022-1950,,,,
vulncheck_only,CVE-2022-1952,,,,
vulncheck_only,CVE-2022-2003,,,,
vulncheck_only,CVE-2022-20705,,,,
vulncheck_only,CVE-2022-20707,,,,
vulncheck_only,CVE-2022-20933,,,,
vulncheck_only,CVE-2022-21371,,,,
vulncheck_only,CVE-2022-21500,,,,
vulncheck_only,CVE-2022-21589,,,,
vulncheck_only,CVE-2022-21661,,,,
vulncheck_only,CVE-2022-21662,,,,
vulncheck_only,CVE-2022-21894,,,,
vulncheck_only,CVE-2022-21907,,,,
vulncheck_only,CVE-2022-22005,,,,
vulncheck_only,CVE-2022-22241,,,,
vulncheck_only,CVE-2022-22242,,,,
vulncheck_only,CVE-2022-22274,,,,
vulncheck_only,CVE-2022-22279,,,,
vulncheck_only,CVE-2022-22897,,,,
vulncheck_only,CVE-2022-2290,,,,
vulncheck_only,CVE-2022-2295,,,,
vulncheck_only,CVE-2022-22956,,,,
vulncheck_only,CVE-2022-22957,,,,
vulncheck_only,CVE-2022-23125,,,,
vulncheck_only,CVE-2022-2314,,,,
vulncheck_only,CVE-2022-23178,,,,
vulncheck_only,CVE-2022-23347,,,,
vulncheck_only,CVE-2022-23397,,,,
vulncheck_only,CVE-2022-23714,,,,
vulncheck_only,CVE-2022-2376,,,,
vulncheck_only,CVE-2022-23812,,,,
vulncheck_only,CVE-2022-2383,,,,
vulncheck_only,CVE-2022-23900,,,,
vulncheck_only,CVE-2022-23961,,,,
vulncheck_only,CVE-2022-2414,,,,
vulncheck_only,CVE-2022-24260,,,,
vulncheck_only,CVE-2022-24288,,,,
vulncheck_only,CVE-2022-24463,,,,
vulncheck_only,CVE-2022-24481,,,,
vulncheck_only,CVE-2022-24500,,,,
vulncheck_only,CVE-2022-2461,,,,
vulncheck_only,CVE-2022-24663,,,,
vulncheck_only,CVE-2022-24664,,,,
vulncheck_only,CVE-2022-24665,,,,
vulncheck_only,CVE-2022-24716,,,,
vulncheck_only,CVE-2022-24785,,,,
vulncheck_only,CVE-2022-24847,,,,
vulncheck_only,CVE-2022-2486,,,,
vulncheck_only,CVE-2022-2487,,,,
vulncheck_only,CVE-2022-2488,,,,
vulncheck_only,CVE-2022-24934,,,,
vulncheck_only,CVE-2022-24989,,,,
vulncheck_only,CVE-2022-25060,,,,
vulncheck_only,CVE-2022-25064,,,,
vulncheck_only,CVE-2022-25075,,,,
vulncheck_only,CVE-2022-25076,,,,
vulncheck_only,CVE-2022-25077,,,,
vulncheck_only,CVE-2022-25078,,,,
vulncheck_only,CVE-2022-25079,,,,
vulncheck_only,CVE-2022-25080,,,,
vulncheck_only,CVE-2022-25081,,,,
vulncheck_only,CVE-2022-25082,,,,
vulncheck_only,CVE-2022-25083,,,,
vulncheck_only,CVE-2022-25084,,,,
vulncheck_only,CVE-2022-25134,,,,
vulncheck_only,CVE-2022-25237,,,,
vulncheck_only,CVE-2022-25322,,,,
vulncheck_only,CVE-2022-25335,,,,
vulncheck_only,CVE-2022-25369,,,,
vulncheck_only,CVE-2022-25485,,,,
vulncheck_only,CVE-2022-25486,,,,
vulncheck_only,CVE-2022-25487,,,,
vulncheck_only,CVE-2022-25488,,,,
vulncheck_only,CVE-2022-25497,,,,
vulncheck_only,CVE-2022-2551,,,,
vulncheck_only,CVE-2022-26186,,,,
vulncheck_only,CVE-2022-26187,,,,
vulncheck_only,CVE-2022-26210,,,,
vulncheck_only,CVE-2022-26504,,,,
vulncheck_only,CVE-2022-26522,,,,
vulncheck_only,CVE-2022-26523,,,,
vulncheck_only,CVE-2022-26809,,,,
vulncheck_only,CVE-2022-26833,,,,
vulncheck_only,CVE-2022-27002,,,,
vulncheck_only,CVE-2022-27226,,,,
vulncheck_only,CVE-2022-27228,,,,
vulncheck_only,CVE-2022-27510,,,,
vulncheck_only,CVE-2022-27927,,,,
vulncheck_only,CVE-2022-28005,,,,
vulncheck_only,CVE-2022-28054,,,,
vulncheck_only,CVE-2022-28079,,,,
vulncheck_only,CVE-2022-28219,,,,
vulncheck_only,CVE-2022-28281,,,,
vulncheck_only,CVE-2022-28290,,,,
vulncheck_only,CVE-2022-28363,,,,
vulncheck_only,CVE-2022-28365,,,,
vulncheck_only,CVE-2022-28368,,,,
vulncheck_only,CVE-2022-28666,,,,
vulncheck_only,CVE-2022-28906,,,,
vulncheck_only,CVE-2022-28907,,,,
vulncheck_only,CVE-2022-28908,,,,
vulncheck_only,CVE-2022-28912,,,,
vulncheck_only,CVE-2022-28956,,,,
vulncheck_only,CVE-2022-28987,,,,
vulncheck_only,CVE-2022-29007,,,,
vulncheck_only,CVE-2022-29013,,,,
vulncheck_only,CVE-2022-29014,,,,
vulncheck_only,CVE-2022-29078,,,,
vulncheck_only,CVE-2022-29081,,,,
vulncheck_only,CVE-2022-2915,,,,
vulncheck_only,CVE-2022-29153,,,,
vulncheck_only,CVE-2022-29383,,,,
vulncheck_only,CVE-2022-29444,,,,
vulncheck_only,CVE-2022-2958,,,,
vulncheck_only,CVE-2022-30023,,,,
vulncheck_only,CVE-2022-30047,,,,
vulncheck_only,CVE-2022-30075,,,,
vulncheck_only,CVE-2022-30136,,,,
vulncheck_only,CVE-2022-30170,,,,
vulncheck_only,CVE-2022-30425,,,,
vulncheck_only,CVE-2022-30777,,,,
vulncheck_only,CVE-2022-31126,,,,
vulncheck_only,CVE-2022-31137,,,,
vulncheck_only,CVE-2022-31161,,,,
vulncheck_only,CVE-2022-31181,,,,
vulncheck_only,CVE-2022-31197,,,,
vulncheck_only,CVE-2022-31208,,,,
vulncheck_only,CVE-2022-3124,,,,
vulncheck_only,CVE-2022-3125,,,,
vulncheck_only,CVE-2022-31374,,,,
vulncheck_only,CVE-2022-31446,,,,
vulncheck_only,CVE-2022-31474,,,,
vulncheck_only,CVE-2022-31499,,,,
vulncheck_only,CVE-2022-31656,,,,
vulncheck_only,CVE-2022-31675,,,,
vulncheck_only,CVE-2022-31678,,,,
vulncheck_only,CVE-2022-31704,,,,
vulncheck_only,CVE-2022-31706,,,,
vulncheck_only,CVE-2022-31711,,,,
vulncheck_only,CVE-2022-31793,,,,
vulncheck_only,CVE-2022-3180,,,,
vulncheck_only,CVE-2022-31814,,,,
vulncheck_only,CVE-2022-31847,,,,
vulncheck_only,CVE-2022-31984,,,,
vulncheck_only,CVE-2022-32024,,,,
vulncheck_only,CVE-2022-32025,,,,
vulncheck_only,CVE-2022-32026,,,,
vulncheck_only,CVE-2022-32028,,,,
vulncheck_only,CVE-2022-32409,,,,
vulncheck_only,CVE-2022-3254,,,,
vulncheck_only,CVE-2022-33198,,,,
vulncheck_only,CVE-2022-33896,,,,
vulncheck_only,CVE-2022-34121,,,,
vulncheck_only,CVE-2022-34151,,,,
vulncheck_only,CVE-2022-34154,,,,
vulncheck_only,CVE-2022-34305,,,,
vulncheck_only,CVE-2022-34478,,,,
vulncheck_only,CVE-2022-34487,,,,
vulncheck_only,CVE-2022-34538,,,,
vulncheck_only,CVE-2022-34721,,,,
vulncheck_only,CVE-2022-34753,,,,
vulncheck_only,CVE-2022-3477,,,,
vulncheck_only,CVE-2022-3481,,,,
vulncheck_only,CVE-2022-34918,,,,
vulncheck_only,CVE-2022-35413,,,,
vulncheck_only,CVE-2022-35555,,,,
vulncheck_only,CVE-2022-35653,,,,
vulncheck_only,CVE-2022-3573,,,,
vulncheck_only,CVE-2022-35733,,,,
vulncheck_only,CVE-2022-35803,,,,
vulncheck_only,CVE-2022-35871,,,,
vulncheck_only,CVE-2022-3590,,,,
vulncheck_only,CVE-2022-36267,,,,
vulncheck_only,CVE-2022-36509,,,,
vulncheck_only,CVE-2022-36553,,,,
vulncheck_only,CVE-2022-36559,,,,
vulncheck_only,CVE-2022-36560,,,,
vulncheck_only,CVE-2022-36642,,,,
vulncheck_only,CVE-2022-36883,,,,
vulncheck_only,CVE-2022-36923,,,,
vulncheck_only,CVE-2022-3699,,,,
vulncheck_only,CVE-2022-37056,,,,
vulncheck_only,CVE-2022-37061,,,,
vulncheck_only,CVE-2022-37129,,,,
vulncheck_only,CVE-2022-37153,,,,
vulncheck_only,CVE-2022-37299,,,,
vulncheck_only,CVE-2022-37450,,,,
vulncheck_only,CVE-2022-37661,,,,
vulncheck_only,CVE-2022-37932,,,,
vulncheck_only,CVE-2022-3801,,,,
vulncheck_only,CVE-2022-3805,,,,
vulncheck_only,CVE-2022-38130,,,,
vulncheck_only,CVE-2022-38296,,,,
vulncheck_only,CVE-2022-38511,,,,
vulncheck_only,CVE-2022-38627,,,,
vulncheck_only,CVE-2022-38840,,,,
vulncheck_only,CVE-2022-3911,,,,
vulncheck_only,CVE-2022-39290,,,,
vulncheck_only,CVE-2022-3980,,,,
vulncheck_only,CVE-2022-3982,,,,
vulncheck_only,CVE-2022-39952,,,,
vulncheck_only,CVE-2022-39960,,,,
vulncheck_only,CVE-2022-39986,,,,
vulncheck_only,CVE-2022-40005,,,,
vulncheck_only,CVE-2022-40022,,,,
vulncheck_only,CVE-2022-40303,,,,
vulncheck_only,CVE-2022-40304,,,,
vulncheck_only,CVE-2022-40475,,,,
vulncheck_only,CVE-2022-4050,,,,
vulncheck_only,CVE-2022-4059,,,,
vulncheck_only,CVE-2022-4060,,,,
vulncheck_only,CVE-2022-40619,,,,
vulncheck_only,CVE-2022-4063,,,,
vulncheck_only,CVE-2022-40734,,,,
vulncheck_only,CVE-2022-40769,,,,
vulncheck_only,CVE-2022-40843,,,,
vulncheck_only,CVE-2022-40881,,,,
vulncheck_only,CVE-2022-41140,,,,
vulncheck_only,CVE-2022-4117,,,,
vulncheck_only,CVE-2022-41335,,,,
vulncheck_only,CVE-2022-41412,,,,
vulncheck_only,CVE-2022-41800,,,,
vulncheck_only,CVE-2022-41840,,,,
vulncheck_only,CVE-2022-42045,,,,
vulncheck_only,CVE-2022-42458,,,,
vulncheck_only,CVE-2022-4257,,,,
vulncheck_only,CVE-2022-42837,,,,
vulncheck_only,CVE-2022-42840,,,,
vulncheck_only,CVE-2022-42846,,,,
vulncheck_only,CVE-2022-42848,,,,
vulncheck_only,CVE-2022-42852,,,,
vulncheck_only,CVE-2022-42855,,,,
vulncheck_only,CVE-2022-42861,,,,
vulncheck_only,CVE-2022-42864,,,,
vulncheck_only,CVE-2022-42889,,,,
vulncheck_only,CVE-2022-4290,,,,
vulncheck_only,CVE-2022-42953,,,,
vulncheck_only,CVE-2022-4328,,,,
vulncheck_only,CVE-2022-44149,,,,
vulncheck_only,CVE-2022-44354,,,,
vulncheck_only,CVE-2022-4447,,,,
vulncheck_only,CVE-2022-44626,,,,
vulncheck_only,CVE-2022-45077,,,,
vulncheck_only,CVE-2022-45349,,,,
vulncheck_only,CVE-2022-45351,,,,
vulncheck_only,CVE-2022-45352,,,,
vulncheck_only,CVE-2022-45353,,,,
vulncheck_only,CVE-2022-45354,,,,
vulncheck_only,CVE-2022-45356,,,,
vulncheck_only,CVE-2022-45359,,,,
vulncheck_only,CVE-2022-45362,,,,
vulncheck_only,CVE-2022-45363,,,,
vulncheck_only,CVE-2022-45440,,,,
vulncheck_only,CVE-2022-45699,,,,
vulncheck_only,CVE-2022-45808,,,,
vulncheck_only,CVE-2022-45813,,,,
vulncheck_only,CVE-2022-45835,,,,
vulncheck_only,CVE-2022-45933,,,,
vulncheck_only,CVE-2022-46381,,,,
vulncheck_only,CVE-2022-46604,,,,
vulncheck_only,CVE-2022-46689,,,,
vulncheck_only,CVE-2022-46690,,,,
vulncheck_only,CVE-2022-46691,,,,
vulncheck_only,CVE-2022-46692,,,,
vulncheck_only,CVE-2022-46694,,,,
vulncheck_only,CVE-2022-46695,,,,
vulncheck_only,CVE-2022-46700,,,,
vulncheck_only,CVE-2022-46703,,,,
vulncheck_only,CVE-2022-46705,,,,
vulncheck_only,CVE-2022-46718,,,,
vulncheck_only,CVE-2022-4700,,,,
vulncheck_only,CVE-2022-4701,,,,
vulncheck_only,CVE-2022-4702,,,,
vulncheck_only,CVE-2022-4703,,,,
vulncheck_only,CVE-2022-4705,,,,
vulncheck_only,CVE-2022-47075,,,,
vulncheck_only,CVE-2022-4708,,,,
vulncheck_only,CVE-2022-4709,,,,
vulncheck_only,CVE-2022-4711,,,,
vulncheck_only,CVE-2022-47501,,,,
vulncheck_only,CVE-2022-47615,,,,
vulncheck_only,CVE-2022-47945,,,,
vulncheck_only,CVE-2022-48164,,,,
vulncheck_only,CVE-2022-48323,,,,
vulncheck_only,CVE-2022-4931,,,,
vulncheck_only,CVE-2022-4940,,,,
vulncheck_only,CVE-2022-4971,,,,
vulncheck_only,CVE-2022-4972,,,,
vulncheck_only,CVE-2022-4973,,,,
vulncheck_only,CVE-2022-4974,,,,
vulncheck_only,CVE-2022-4980,,,,
vulncheck_only,CVE-2022-4982,,,,
vulncheck_only,CVE-2022-4984,,,,
vulncheck_only,CVE-2022-4995,,,,
vulncheck_only,CVE-2022-50973,,,,
vulncheck_only,CVE-2022-50992,,,,
vulncheck_only,CVE-2022-50993,,,,
vulncheck_only,CVE-2022-50997,,,,
vulncheck_only,CVE-2023-0037,,,,
vulncheck_only,CVE-2023-0159,,,,
vulncheck_only,CVE-2023-0297,,,,
vulncheck_only,CVE-2023-0552,,,,
vulncheck_only,CVE-2023-0586,,,,
vulncheck_only,CVE-2023-0600,,,,
vulncheck_only,CVE-2023-0611,,,,
vulncheck_only,CVE-2023-0656,,,,
vulncheck_only,CVE-2023-0711,,,,
vulncheck_only,CVE-2023-0712,,,,
vulncheck_only,CVE-2023-0713,,,,
vulncheck_only,CVE-2023-0715,,,,
vulncheck_only,CVE-2023-0716,,,,
vulncheck_only,CVE-2023-0717,,,,
vulncheck_only,CVE-2023-0718,,,,
vulncheck_only,CVE-2023-0719,,,,
vulncheck_only,CVE-2023-0720,,,,
vulncheck_only,CVE-2023-0876,,,,
vulncheck_only,CVE-2023-1020,,,,
vulncheck_only,CVE-2023-1119,,,,
vulncheck_only,CVE-2023-1177,,,,
vulncheck_only,CVE-2023-1434,,,,
vulncheck_only,CVE-2023-1454,,,,
vulncheck_only,CVE-2023-1486,,,,
vulncheck_only,CVE-2023-1698,,,,
vulncheck_only,CVE-2023-1928,,,,
vulncheck_only,CVE-2023-1929,,,,
vulncheck_only,CVE-2023-1930,,,,
vulncheck_only,CVE-2023-1931,,,,
vulncheck_only,CVE-2023-20073,,,,
vulncheck_only,CVE-2023-20085,,,,
vulncheck_only,CVE-2023-20263,,,,
vulncheck_only,CVE-2023-2059,,,,
vulncheck_only,CVE-2023-20598,,,,
vulncheck_only,CVE-2023-2163,,,,
vulncheck_only,CVE-2023-21716,,,,
vulncheck_only,CVE-2023-21742,,,,
vulncheck_only,CVE-2023-21746,,,,
vulncheck_only,CVE-2023-21768,,,,
vulncheck_only,CVE-2023-21932,,,,
vulncheck_only,CVE-2023-22069,,,,
vulncheck_only,CVE-2023-2215,,,,
vulncheck_only,CVE-2023-22278,,,,
vulncheck_only,CVE-2023-22463,,,,
vulncheck_only,CVE-2023-22478,,,,
vulncheck_only,CVE-2023-22620,,,,
vulncheck_only,CVE-2023-22621,,,,
vulncheck_only,CVE-2023-22809,,,,
vulncheck_only,CVE-2023-22893,,,,
vulncheck_only,CVE-2023-22897,,,,
vulncheck_only,CVE-2023-23063,,,,
vulncheck_only,CVE-2023-23295,,,,
vulncheck_only,CVE-2023-23333,,,,
vulncheck_only,CVE-2023-23488,,,,
vulncheck_only,CVE-2023-23489,,,,
vulncheck_only,CVE-2023-23496,,,,
vulncheck_only,CVE-2023-23514,,,,
vulncheck_only,CVE-2023-23522,,,,
vulncheck_only,CVE-2023-23524,,,,
vulncheck_only,CVE-2023-2359,,,,
vulncheck_only,CVE-2023-23888,,,,
vulncheck_only,CVE-2023-23897,,,,
vulncheck_only,CVE-2023-24000,,,,
vulncheck_only,CVE-2023-24055,,,,
vulncheck_only,CVE-2023-24059,,,,
vulncheck_only,CVE-2023-24229,,,,
vulncheck_only,CVE-2023-2437,,,,
vulncheck_only,CVE-2023-2446,,,,
vulncheck_only,CVE-2023-24488,,,,
vulncheck_only,CVE-2023-24733,,,,
vulncheck_only,CVE-2023-24796,,,,
vulncheck_only,CVE-2023-24932,,,,
vulncheck_only,CVE-2023-25050,,,,
vulncheck_only,CVE-2023-25135,,,,
vulncheck_only,CVE-2023-25194,,,,
vulncheck_only,CVE-2023-2523,,,,
vulncheck_only,CVE-2023-25445,,,,
vulncheck_only,CVE-2023-25446,,,,
vulncheck_only,CVE-2023-25573,,,,
vulncheck_only,CVE-2023-25651,,,,
vulncheck_only,CVE-2023-25690,,,,
vulncheck_only,CVE-2023-26009,,,,
vulncheck_only,CVE-2023-26067,,,,
vulncheck_only,CVE-2023-26134,,,,
vulncheck_only,CVE-2023-26255,,,,
vulncheck_only,CVE-2023-26256,,,,
vulncheck_only,CVE-2023-26258,,,,
vulncheck_only,CVE-2023-26347,,,,
vulncheck_only,CVE-2023-26397,,,,
vulncheck_only,CVE-2023-2640,,,,
vulncheck_only,CVE-2023-26464,,,,
vulncheck_only,CVE-2023-26469,,,,
vulncheck_only,CVE-2023-2648,,,,
vulncheck_only,CVE-2023-26540,,,,
vulncheck_only,CVE-2023-26775,,,,
vulncheck_only,CVE-2023-26801,,,,
vulncheck_only,CVE-2023-26802,,,,
vulncheck_only,CVE-2023-27008,,,,
vulncheck_only,CVE-2023-27032,,,,
vulncheck_only,CVE-2023-27034,,,,
vulncheck_only,CVE-2023-27076,,,,
vulncheck_only,CVE-2023-27159,,,,
vulncheck_only,CVE-2023-27163,,,,
vulncheck_only,CVE-2023-27240,,,,
vulncheck_only,CVE-2023-2732,,,,
vulncheck_only,CVE-2023-2734,,,,
vulncheck_only,CVE-2023-27372,,,,
vulncheck_only,CVE-2023-2745,,,,
vulncheck_only,CVE-2023-27482,,,,
vulncheck_only,CVE-2023-27587,,,,
vulncheck_only,CVE-2023-27637,,,,
vulncheck_only,CVE-2023-27638,,,,
vulncheck_only,CVE-2023-27639,,,,
vulncheck_only,CVE-2023-27640,,,,
vulncheck_only,CVE-2023-2796,,,,
vulncheck_only,CVE-2023-2806,,,,
vulncheck_only,CVE-2023-28121,,,,
vulncheck_only,CVE-2023-28218,,,,
vulncheck_only,CVE-2023-2825,,,,
vulncheck_only,CVE-2023-28343,,,,
vulncheck_only,CVE-2023-28365,,,,
vulncheck_only,CVE-2023-28711,,,,
vulncheck_only,CVE-2023-28725,,,,
vulncheck_only,CVE-2023-28769,,,,
vulncheck_only,CVE-2023-2877,,,,
vulncheck_only,CVE-2023-28770,,,,
vulncheck_only,CVE-2023-29059,,,,
vulncheck_only,CVE-2023-29218,,,,
vulncheck_only,CVE-2023-29324,,,,
vulncheck_only,CVE-2023-29389,,,,
vulncheck_only,CVE-2023-2982,,,,
vulncheck_only,CVE-2023-29827,,,,
vulncheck_only,CVE-2023-2986,,,,
vulncheck_only,CVE-2023-29919,,,,
vulncheck_only,CVE-2023-30150,,,,
vulncheck_only,CVE-2023-30194,,,,
vulncheck_only,CVE-2023-30258,,,,
vulncheck_only,CVE-2023-30625,,,,
vulncheck_only,CVE-2023-30777,,,,
vulncheck_only,CVE-2023-30799,,,,
vulncheck_only,CVE-2023-30801,,,,
vulncheck_only,CVE-2023-30869,,,,
vulncheck_only,CVE-2023-3105,,,,
vulncheck_only,CVE-2023-31059,,,,
vulncheck_only,CVE-2023-3124,,,,
vulncheck_only,CVE-2023-31248,,,,
vulncheck_only,CVE-2023-31290,,,,
vulncheck_only,CVE-2023-3139,,,,
vulncheck_only,CVE-2023-31446,,,,
vulncheck_only,CVE-2023-31465,,,,
vulncheck_only,CVE-2023-31478,,,,
vulncheck_only,CVE-2023-3169,,,,
vulncheck_only,CVE-2023-32117,,,,
vulncheck_only,CVE-2023-32233,,,,
vulncheck_only,CVE-2023-32235,,,,
vulncheck_only,CVE-2023-32242,,,,
vulncheck_only,CVE-2023-32243,,,,
vulncheck_only,CVE-2023-32244,,,,
vulncheck_only,CVE-2023-32402,,,,
vulncheck_only,CVE-2023-32423,,,,
vulncheck_only,CVE-2023-32563,,,,
vulncheck_only,CVE-2023-32629,,,,
vulncheck_only,CVE-2023-3269,,,,
vulncheck_only,CVE-2023-3277,,,,
vulncheck_only,CVE-2023-32784,,,,
vulncheck_only,CVE-2023-3306,,,,
vulncheck_only,CVE-2023-33193,,,,
vulncheck_only,CVE-2023-33297,,,,
vulncheck_only,CVE-2023-33510,,,,
vulncheck_only,CVE-2023-33629,,,,
vulncheck_only,CVE-2023-3368,,,,
vulncheck_only,CVE-2023-33831,,,,
vulncheck_only,CVE-2023-3388,,,,
vulncheck_only,CVE-2023-33999,,,,
vulncheck_only,CVE-2023-34060,,,,
vulncheck_only,CVE-2023-34105,,,,
vulncheck_only,CVE-2023-34124,,,,
vulncheck_only,CVE-2023-34132,,,,
vulncheck_only,CVE-2023-34133,,,,
vulncheck_only,CVE-2023-34478,,,,
vulncheck_only,CVE-2023-34598,,,,
vulncheck_only,CVE-2023-3460,,,,
vulncheck_only,CVE-2023-34659,,,,
vulncheck_only,CVE-2023-3466,,,,
vulncheck_only,CVE-2023-3467,,,,
vulncheck_only,CVE-2023-34723,,,,
vulncheck_only,CVE-2023-34960,,,,
vulncheck_only,CVE-2023-34993,,,,
vulncheck_only,CVE-2023-35036,,,,
vulncheck_only,CVE-2023-35042,,,,
vulncheck_only,CVE-2023-35708,,,,
vulncheck_only,CVE-2023-35813,,,,
vulncheck_only,CVE-2023-35843,,,,
vulncheck_only,CVE-2023-35844,,,,
vulncheck_only,CVE-2023-35885,,,,
vulncheck_only,CVE-2023-3595,,,,
vulncheck_only,CVE-2023-3606,,,,
vulncheck_only,CVE-2023-3608,,,,
vulncheck_only,CVE-2023-36144,,,,
vulncheck_only,CVE-2023-36529,,,,
vulncheck_only,CVE-2023-36542,,,,
vulncheck_only,CVE-2023-36661,,,,
vulncheck_only,CVE-2023-36745,,,,
vulncheck_only,CVE-2023-36899,,,,
vulncheck_only,CVE-2023-36934,,,,
vulncheck_only,CVE-2023-3710,,,,
vulncheck_only,CVE-2023-3722,,,,
vulncheck_only,CVE-2023-37462,,,,
vulncheck_only,CVE-2023-37474,,,,
vulncheck_only,CVE-2023-37569,,,,
vulncheck_only,CVE-2023-37582,,,,
vulncheck_only,CVE-2023-37679,,,,
vulncheck_only,CVE-2023-3793,,,,
vulncheck_only,CVE-2023-37941,,,,
vulncheck_only,CVE-2023-37999,,,,
vulncheck_only,CVE-2023-38192,,,,
vulncheck_only,CVE-2023-38198,,,,
vulncheck_only,CVE-2023-38204,,,,
vulncheck_only,CVE-2023-3824,,,,
vulncheck_only,CVE-2023-3836,,,,
vulncheck_only,CVE-2023-38389,,,,
vulncheck_only,CVE-2023-38408,,,,
vulncheck_only,CVE-2023-38433,,,,
vulncheck_only,CVE-2023-3852,,,,
vulncheck_only,CVE-2023-38646,,,,
vulncheck_only,CVE-2023-38743,,,,
vulncheck_only,CVE-2023-38817,,,,
vulncheck_only,CVE-2023-38951,,,,
vulncheck_only,CVE-2023-38952,,,,
vulncheck_only,CVE-2023-39026,,,,
vulncheck_only,CVE-2023-39143,,,,
vulncheck_only,CVE-2023-39265,,,,
vulncheck_only,CVE-2023-39276,,,,
vulncheck_only,CVE-2023-39277,,,,
vulncheck_only,CVE-2023-39278,,,,
vulncheck_only,CVE-2023-39279,,,,
vulncheck_only,CVE-2023-39280,,,,
vulncheck_only,CVE-2023-39296,,,,
vulncheck_only,CVE-2023-39312,,,,
vulncheck_only,CVE-2023-39361,,,,
vulncheck_only,CVE-2023-39470,,,,
vulncheck_only,CVE-2023-39796,,,,
vulncheck_only,CVE-2023-39910,,,,
vulncheck_only,CVE-2023-39964,,,,
vulncheck_only,CVE-2023-40000,,,,
vulncheck_only,CVE-2023-40088,,,,
vulncheck_only,CVE-2023-40211,,,,
vulncheck_only,CVE-2023-40238,,,,
vulncheck_only,CVE-2023-40600,,,,
vulncheck_only,CVE-2023-40711,,,,
vulncheck_only,CVE-2023-40748,,,,
vulncheck_only,CVE-2023-41011,,,,
vulncheck_only,CVE-2023-41109,,,,
vulncheck_only,CVE-2023-41243,,,,
vulncheck_only,CVE-2023-41345,,,,
vulncheck_only,CVE-2023-41346,,,,
vulncheck_only,CVE-2023-41347,,,,
vulncheck_only,CVE-2023-41348,,,,
vulncheck_only,CVE-2023-41599,,,,
vulncheck_only,CVE-2023-41642,,,,
vulncheck_only,CVE-2023-4166,,,,
vulncheck_only,CVE-2023-4169,,,,
vulncheck_only,CVE-2023-41724,,,,
vulncheck_only,CVE-2023-41892,,,,
vulncheck_only,CVE-2023-41954,,,,
vulncheck_only,CVE-2023-4220,,,,
vulncheck_only,CVE-2023-42344,,,,
vulncheck_only,CVE-2023-4243,,,,
vulncheck_only,CVE-2023-42657,,,,
vulncheck_only,CVE-2023-43177,,,,
vulncheck_only,CVE-2023-4320,,,,
vulncheck_only,CVE-2023-43261,,,,
vulncheck_only,CVE-2023-43478,,,,
vulncheck_only,CVE-2023-43654,,,,
vulncheck_only,CVE-2023-43795,,,,
vulncheck_only,CVE-2023-44352,,,,
vulncheck_only,CVE-2023-44353,,,,
vulncheck_only,CVE-2023-44467,,,,
vulncheck_only,CVE-2023-4450,,,,
vulncheck_only,CVE-2023-4473,,,,
vulncheck_only,CVE-2023-4474,,,,
vulncheck_only,CVE-2023-4490,,,,
vulncheck_only,CVE-2023-44976,,,,
vulncheck_only,CVE-2023-45038,,,,
vulncheck_only,CVE-2023-45311,,,,
vulncheck_only,CVE-2023-4542,,,,
vulncheck_only,CVE-2023-45797,,,,
vulncheck_only,CVE-2023-45849,,,,
vulncheck_only,CVE-2023-45852,,,,
vulncheck_only,CVE-2023-45878,,,,
vulncheck_only,CVE-2023-4596,,,,
vulncheck_only,CVE-2023-46229,,,,
vulncheck_only,CVE-2023-4634,,,,
vulncheck_only,CVE-2023-46347,,,,
vulncheck_only,CVE-2023-46359,,,,
vulncheck_only,CVE-2023-46574,,,,
vulncheck_only,CVE-2023-4666,,,,
vulncheck_only,CVE-2023-46732,,,,
vulncheck_only,CVE-2023-46808,,,,
vulncheck_only,CVE-2023-47105,,,,
vulncheck_only,CVE-2023-47218,,,,
vulncheck_only,CVE-2023-47248,,,,
vulncheck_only,CVE-2023-47253,,,,
vulncheck_only,CVE-2023-47643,,,,
vulncheck_only,CVE-2023-47783,,,,
vulncheck_only,CVE-2023-47784,,,,
vulncheck_only,CVE-2023-48022,,,,
vulncheck_only,CVE-2023-48084,,,,
vulncheck_only,CVE-2023-48728,,,,
vulncheck_only,CVE-2023-48760,,,,
vulncheck_only,CVE-2023-48777,,,,
vulncheck_only,CVE-2023-48795,,,,
vulncheck_only,CVE-2023-49070,,,,
vulncheck_only,CVE-2023-49606,,,,
vulncheck_only,CVE-2023-4967,,,,
vulncheck_only,CVE-2023-49739,,,,
vulncheck_only,CVE-2023-49785,,,,
vulncheck_only,CVE-2023-4994,,,,
vulncheck_only,CVE-2023-50164,,,,
vulncheck_only,CVE-2023-50358,,,,
vulncheck_only,CVE-2023-50381,,,,
vulncheck_only,CVE-2023-50386,,,,
vulncheck_only,CVE-2023-50428,,,,
vulncheck_only,CVE-2023-50445,,,,
vulncheck_only,CVE-2023-5054,,,,
vulncheck_only,CVE-2023-5074,,,,
vulncheck_only,CVE-2023-50917,,,,
vulncheck_only,CVE-2023-50919,,,,
vulncheck_only,CVE-2023-50968,,,,
vulncheck_only,CVE-2023-51409,,,,
vulncheck_only,CVE-2023-51467,,,,
vulncheck_only,CVE-2023-51477,,,,
vulncheck_only,CVE-2023-5148,,,,
vulncheck_only,CVE-2023-51833,,,,
vulncheck_only,CVE-2023-5201,,,,
vulncheck_only,CVE-2023-52028,,,,
vulncheck_only,CVE-2023-52076,,,,
vulncheck_only,CVE-2023-5222,,,,
vulncheck_only,CVE-2023-52251,,,,
vulncheck_only,CVE-2023-52271,,,,
vulncheck_only,CVE-2023-5285,,,,
vulncheck_only,CVE-2023-5360,,,,
vulncheck_only,CVE-2023-53691,,,,
vulncheck_only,CVE-2023-54359,,,,
vulncheck_only,CVE-2023-54391,,,,
vulncheck_only,CVE-2023-54398,,,,
vulncheck_only,CVE-2023-54399,,,,
vulncheck_only,CVE-2023-5559,,,,
vulncheck_only,CVE-2023-5683,,,,
vulncheck_only,CVE-2023-5815,,,,
vulncheck_only,CVE-2023-5822,,,,
vulncheck_only,CVE-2023-5830,,,,
vulncheck_only,CVE-2023-5914,,,,
vulncheck_only,CVE-2023-5970,,,,
vulncheck_only,CVE-2023-6000,,,,
vulncheck_only,CVE-2023-6023,,,,
vulncheck_only,CVE-2023-6038,,,,
vulncheck_only,CVE-2023-6114,,,,
vulncheck_only,CVE-2023-6184,,,,
vulncheck_only,CVE-2023-6266,,,,
vulncheck_only,CVE-2023-6329,,,,
vulncheck_only,CVE-2023-6360,,,,
vulncheck_only,CVE-2023-6553,,,,
vulncheck_only,CVE-2023-6567,,,,
vulncheck_only,CVE-2023-6600,,,,
vulncheck_only,CVE-2023-6623,,,,
vulncheck_only,CVE-2023-6634,,,,
vulncheck_only,CVE-2023-6655,,,,
vulncheck_only,CVE-2023-6700,,,,
vulncheck_only,CVE-2023-6875,,,,
vulncheck_only,CVE-2023-6895,,,,
vulncheck_only,CVE-2023-6909,,,,
vulncheck_only,CVE-2023-6925,,,,
vulncheck_only,CVE-2023-6933,,,,
vulncheck_only,CVE-2023-6961,,,,
vulncheck_only,CVE-2023-7102,,,,
vulncheck_only,CVE-2023-7286,,,,
vulncheck_only,CVE-2023-7288,,,,
vulncheck_only,CVE-2023-7289,,,,
vulncheck_only,CVE-2023-7290,,,,
vulncheck_only,CVE-2023-7291,,,,
vulncheck_only,CVE-2023-7292,,,,
vulncheck_only,CVE-2023-7293,,,,
vulncheck_only,CVE-2023-7304,,,,
vulncheck_only,CVE-2023-7305,,,,
vulncheck_only,CVE-2023-7307,,,,
vulncheck_only,CVE-2023-7308,,,,
vulncheck_only,CVE-2023-7309,,,,
vulncheck_only,CVE-2023-7311,,,,
vulncheck_only,CVE-2023-7325,,,,
vulncheck_only,CVE-2023-7330,,,,
vulncheck_only,CVE-2023-7334,,,,
vulncheck_only,CVE-2023-7335,,,,
vulncheck_only,CVE-2024-0204,,,,
vulncheck_only,CVE-2024-0235,,,,
vulncheck_only,CVE-2024-0250,,,,
vulncheck_only,CVE-2024-0292,,,,
vulncheck_only,CVE-2024-0297,,,,
vulncheck_only,CVE-2024-0305,,,,
vulncheck_only,CVE-2024-0352,,,,
vulncheck_only,CVE-2024-0582,,,,
vulncheck_only,CVE-2024-0692,,,,
vulncheck_only,CVE-2024-0778,,,,
vulncheck_only,CVE-2024-0799,,,,
vulncheck_only,CVE-2024-0800,,,,
vulncheck_only,CVE-2024-0801,,,,
vulncheck_only,CVE-2024-10081,,,,
vulncheck_only,CVE-2024-1021,,,,
vulncheck_only,CVE-2024-10392,,,,
vulncheck_only,CVE-2024-10400,,,,
vulncheck_only,CVE-2024-10571,,,,
vulncheck_only,CVE-2024-10586,,,,
vulncheck_only,CVE-2024-1061,,,,
vulncheck_only,CVE-2024-1071,,,,
vulncheck_only,CVE-2024-10781,,,,
vulncheck_only,CVE-2024-10857,,,,
vulncheck_only,CVE-2024-10914,,,,
vulncheck_only,CVE-2024-10915,,,,
vulncheck_only,CVE-2024-10924,,,,
vulncheck_only,CVE-2024-11015,,,,
vulncheck_only,CVE-2024-11080,,,,
vulncheck_only,CVE-2024-11238,,,,
vulncheck_only,CVE-2024-11303,,,,
vulncheck_only,CVE-2024-11305,,,,
vulncheck_only,CVE-2024-11349,,,,
vulncheck_only,CVE-2024-11350,,,,
vulncheck_only,CVE-2024-11587,,,,
vulncheck_only,CVE-2024-11740,,,,
vulncheck_only,CVE-2024-11859,,,,
vulncheck_only,CVE-2024-11868,,,,
vulncheck_only,CVE-2024-11951,,,,
vulncheck_only,CVE-2024-11972,,,,
vulncheck_only,CVE-2024-12025,,,,
vulncheck_only,CVE-2024-12209,,,,
vulncheck_only,CVE-2024-12213,,,,
vulncheck_only,CVE-2024-12248,,,,
vulncheck_only,CVE-2024-12281,,,,
vulncheck_only,CVE-2024-12802,,,,
vulncheck_only,CVE-2024-12856,,,,
vulncheck_only,CVE-2024-12877,,,,
vulncheck_only,CVE-2024-12912,,,,
vulncheck_only,CVE-2024-13030,,,,
vulncheck_only,CVE-2024-13365,,,,
vulncheck_only,CVE-2024-13375,,,,
vulncheck_only,CVE-2024-13421,,,,
vulncheck_only,CVE-2024-13448,,,,
vulncheck_only,CVE-2024-13609,,,,
vulncheck_only,CVE-2024-13744,,,,
vulncheck_only,CVE-2024-13979,,,,
vulncheck_only,CVE-2024-13980,,,,
vulncheck_only,CVE-2024-13981,,,,
vulncheck_only,CVE-2024-13982,,,,
vulncheck_only,CVE-2024-13984,,,,
vulncheck_only,CVE-2024-13985,,,,
vulncheck_only,CVE-2024-13990,,,,
vulncheck_only,CVE-2024-13991,,,,
vulncheck_only,CVE-2024-14007,,,,
vulncheck_only,CVE-2024-14037,,,,
vulncheck_only,CVE-2024-1561,,,,
vulncheck_only,CVE-2024-1597,,,,
vulncheck_only,CVE-2024-1698,,,,
vulncheck_only,CVE-2024-1781,,,,
vulncheck_only,CVE-2024-1853,,,,
vulncheck_only,CVE-2024-20345,,,,
vulncheck_only,CVE-2024-20404,,,,
vulncheck_only,CVE-2024-20419,,,,
vulncheck_only,CVE-2024-20440,,,,
vulncheck_only,CVE-2024-2053,,,,
vulncheck_only,CVE-2024-20666,,,,
vulncheck_only,CVE-2024-20720,,,,
vulncheck_only,CVE-2024-21136,,,,
vulncheck_only,CVE-2024-2123,,,,
vulncheck_only,CVE-2024-21390,,,,
vulncheck_only,CVE-2024-21407,,,,
vulncheck_only,CVE-2024-21447,,,,
vulncheck_only,CVE-2024-21620,,,,
vulncheck_only,CVE-2024-21626,,,,
vulncheck_only,CVE-2024-21650,,,,
vulncheck_only,CVE-2024-21683,,,,
vulncheck_only,CVE-2024-2172,,,,
vulncheck_only,CVE-2024-21754,,,,
vulncheck_only,CVE-2024-21833,,,,
vulncheck_only,CVE-2024-21888,,,,
vulncheck_only,CVE-2024-21894,,,,
vulncheck_only,CVE-2024-21899,,,,
vulncheck_only,CVE-2024-2194,,,,
vulncheck_only,CVE-2024-22024,,,,
vulncheck_only,CVE-2024-22120,,,,
vulncheck_only,CVE-2024-22145,,,,
vulncheck_only,CVE-2024-22252,,,,
vulncheck_only,CVE-2024-22253,,,,
vulncheck_only,CVE-2024-22254,,,,
vulncheck_only,CVE-2024-22255,,,,
vulncheck_only,CVE-2024-22307,,,,
vulncheck_only,CVE-2024-22319,,,,
vulncheck_only,CVE-2024-22320,,,,
vulncheck_only,CVE-2024-22729,,,,
vulncheck_only,CVE-2024-22768,,,,
vulncheck_only,CVE-2024-22769,,,,
vulncheck_only,CVE-2024-22770,,,,
vulncheck_only,CVE-2024-22771,,,,
vulncheck_only,CVE-2024-22772,,,,
vulncheck_only,CVE-2024-22927,,,,
vulncheck_only,CVE-2024-23108,,,,
vulncheck_only,CVE-2024-23109,,,,
vulncheck_only,CVE-2024-2330,,,,
vulncheck_only,CVE-2024-23334,,,,
vulncheck_only,CVE-2024-23506,,,,
vulncheck_only,CVE-2024-23507,,,,
vulncheck_only,CVE-2024-2353,,,,
vulncheck_only,CVE-2024-23660,,,,
vulncheck_only,CVE-2024-23842,,,,
vulncheck_only,CVE-2024-2389,,,,
vulncheck_only,CVE-2024-23917,,,,
vulncheck_only,CVE-2024-24112,,,,
vulncheck_only,CVE-2024-2417,,,,
vulncheck_only,CVE-2024-24328,,,,
vulncheck_only,CVE-2024-24329,,,,
vulncheck_only,CVE-2024-2473,,,,
vulncheck_only,CVE-2024-24882,,,,
vulncheck_only,CVE-2024-25461,,,,
vulncheck_only,CVE-2024-25599,,,,
vulncheck_only,CVE-2024-25600,,,,
vulncheck_only,CVE-2024-25608,,,,
vulncheck_only,CVE-2024-25735,,,,
vulncheck_only,CVE-2024-25852,,,,
vulncheck_only,CVE-2024-25918,,,,
vulncheck_only,CVE-2024-25925,,,,
vulncheck_only,CVE-2024-26229,,,,
vulncheck_only,CVE-2024-26234,,,,
vulncheck_only,CVE-2024-2667,,,,
vulncheck_only,CVE-2024-26987,,,,
vulncheck_only,CVE-2024-27130,,,,
vulncheck_only,CVE-2024-27188,,,,
vulncheck_only,CVE-2024-27292,,,,
vulncheck_only,CVE-2024-27497,,,,
vulncheck_only,CVE-2024-27564,,,,
vulncheck_only,CVE-2024-2771,,,,
vulncheck_only,CVE-2024-2782,,,,
vulncheck_only,CVE-2024-27954,,,,
vulncheck_only,CVE-2024-27956,,,,
vulncheck_only,CVE-2024-27971,,,,
vulncheck_only,CVE-2024-27972,,,,
vulncheck_only,CVE-2024-27987,,,,
vulncheck_only,CVE-2024-27993,,,,
vulncheck_only,CVE-2024-27994,,,,
vulncheck_only,CVE-2024-27998,,,,
vulncheck_only,CVE-2024-28000,,,,
vulncheck_only,CVE-2024-28200,,,,
vulncheck_only,CVE-2024-28253,,,,
vulncheck_only,CVE-2024-28254,,,,
vulncheck_only,CVE-2024-28255,,,,
vulncheck_only,CVE-2024-2848,,,,
vulncheck_only,CVE-2024-2851,,,,
vulncheck_only,CVE-2024-2862,,,,
vulncheck_only,CVE-2024-2863,,,,
vulncheck_only,CVE-2024-28734,,,,
vulncheck_only,CVE-2024-2876,,,,
vulncheck_only,CVE-2024-2879,,,,
vulncheck_only,CVE-2024-28847,,,,
vulncheck_only,CVE-2024-28848,,,,
vulncheck_only,CVE-2024-28916,,,,
vulncheck_only,CVE-2024-29028,,,,
vulncheck_only,CVE-2024-29029,,,,
vulncheck_only,CVE-2024-29030,,,,
vulncheck_only,CVE-2024-29125,,,,
vulncheck_only,CVE-2024-29135,,,,
vulncheck_only,CVE-2024-29136,,,,
vulncheck_only,CVE-2024-29137,,,,
vulncheck_only,CVE-2024-29138,,,,
vulncheck_only,CVE-2024-29198,,,,
vulncheck_only,CVE-2024-29269,,,,
vulncheck_only,CVE-2024-29291,,,,
vulncheck_only,CVE-2024-29510,,,,
vulncheck_only,CVE-2024-2961,,,,
vulncheck_only,CVE-2024-29777,,,,
vulncheck_only,CVE-2024-29792,,,,
vulncheck_only,CVE-2024-29895,,,,
vulncheck_only,CVE-2024-29931,,,,
vulncheck_only,CVE-2024-29972,,,,
vulncheck_only,CVE-2024-29973,,,,
vulncheck_only,CVE-2024-30090,,,,
vulncheck_only,CVE-2024-30194,,,,
vulncheck_only,CVE-2024-30199,,,,
vulncheck_only,CVE-2024-30221,,,,
vulncheck_only,CVE-2024-30229,,,,
vulncheck_only,CVE-2024-30244,,,,
vulncheck_only,CVE-2024-30265,,,,
vulncheck_only,CVE-2024-30269,,,,
vulncheck_only,CVE-2024-30435,,,,
vulncheck_only,CVE-2024-30503,,,,
vulncheck_only,CVE-2024-30505,,,,
vulncheck_only,CVE-2024-3053,,,,
vulncheck_only,CVE-2024-30534,,,,
vulncheck_only,CVE-2024-3080,,,,
vulncheck_only,CVE-2024-30891,,,,
vulncheck_only,CVE-2024-31223,,,,
vulncheck_only,CVE-2024-31230,,,,
vulncheck_only,CVE-2024-31231,,,,
vulncheck_only,CVE-2024-31280,,,,
vulncheck_only,CVE-2024-31281,,,,
vulncheck_only,CVE-2024-31286,,,,
vulncheck_only,CVE-2024-31358,,,,
vulncheck_only,CVE-2024-31750,,,,
vulncheck_only,CVE-2024-31839,,,,
vulncheck_only,CVE-2024-31982,,,,
vulncheck_only,CVE-2024-32114,,,,
vulncheck_only,CVE-2024-32238,,,,
vulncheck_only,CVE-2024-32507,,,,
vulncheck_only,CVE-2024-32553,,,,
vulncheck_only,CVE-2024-32568,,,,
vulncheck_only,CVE-2024-32589,,,,
vulncheck_only,CVE-2024-32640,,,,
vulncheck_only,CVE-2024-32702,,,,
vulncheck_only,CVE-2024-32703,,,,
vulncheck_only,CVE-2024-32704,,,,
vulncheck_only,CVE-2024-32705,,,,
vulncheck_only,CVE-2024-32706,,,,
vulncheck_only,CVE-2024-32711,,,,
vulncheck_only,CVE-2024-32735,,,,
vulncheck_only,CVE-2024-32736,,,,
vulncheck_only,CVE-2024-32737,,,,
vulncheck_only,CVE-2024-32738,,,,
vulncheck_only,CVE-2024-32739,,,,
vulncheck_only,CVE-2024-32778,,,,
vulncheck_only,CVE-2024-32810,,,,
vulncheck_only,CVE-2024-32832,,,,
vulncheck_only,CVE-2024-32836,,,,
vulncheck_only,CVE-2024-32870,,,,
vulncheck_only,CVE-2024-32959,,,,
vulncheck_only,CVE-2024-33112,,,,
vulncheck_only,CVE-2024-33326,,,,
vulncheck_only,CVE-2024-33434,,,,
vulncheck_only,CVE-2024-33548,,,,
vulncheck_only,CVE-2024-33551,,,,
vulncheck_only,CVE-2024-33552,,,,
vulncheck_only,CVE-2024-33553,,,,
vulncheck_only,CVE-2024-33571,,,,
vulncheck_only,CVE-2024-33575,,,,
vulncheck_only,CVE-2024-3378,,,,
vulncheck_only,CVE-2024-33939,,,,
vulncheck_only,CVE-2024-3408,,,,
vulncheck_only,CVE-2024-34193,,,,
vulncheck_only,CVE-2024-34257,,,,
vulncheck_only,CVE-2024-34444,,,,
vulncheck_only,CVE-2024-3469,,,,
vulncheck_only,CVE-2024-34794,,,,
vulncheck_only,CVE-2024-34826,,,,
vulncheck_only,CVE-2024-34854,,,,
vulncheck_only,CVE-2024-3495,,,,
vulncheck_only,CVE-2024-35219,,,,
vulncheck_only,CVE-2024-35286,,,,
vulncheck_only,CVE-2024-35679,,,,
vulncheck_only,CVE-2024-35693,,,,
vulncheck_only,CVE-2024-35694,,,,
vulncheck_only,CVE-2024-35700,,,,
vulncheck_only,CVE-2024-3605,,,,
vulncheck_only,CVE-2024-36104,,,,
vulncheck_only,CVE-2024-36111,,,,
vulncheck_only,CVE-2024-36117,,,,
vulncheck_only,CVE-2024-36412,,,,
vulncheck_only,CVE-2024-36420,,,,
vulncheck_only,CVE-2024-36675,,,,
vulncheck_only,CVE-2024-36680,,,,
vulncheck_only,CVE-2024-36857,,,,
vulncheck_only,CVE-2024-36858,,,,
vulncheck_only,CVE-2024-36991,,,,
vulncheck_only,CVE-2024-37014,,,,
vulncheck_only,CVE-2024-37032,,,,
vulncheck_only,CVE-2024-37099,,,,
vulncheck_only,CVE-2024-3721,,,,
vulncheck_only,CVE-2024-37228,,,,
vulncheck_only,CVE-2024-37259,,,,
vulncheck_only,CVE-2024-37261,,,,
vulncheck_only,CVE-2024-37393,,,,
vulncheck_only,CVE-2024-37418,,,,
vulncheck_only,CVE-2024-37422,,,,
vulncheck_only,CVE-2024-37433,,,,
vulncheck_only,CVE-2024-37472,,,,
vulncheck_only,CVE-2024-37481,,,,
vulncheck_only,CVE-2024-37497,,,,
vulncheck_only,CVE-2024-37502,,,,
vulncheck_only,CVE-2024-37560,,,,
vulncheck_only,CVE-2024-37656,,,,
vulncheck_only,CVE-2024-37929,,,,
vulncheck_only,CVE-2024-37943,,,,
vulncheck_only,CVE-2024-38021,,,,
vulncheck_only,CVE-2024-38023,,,,
vulncheck_only,CVE-2024-38024,,,,
vulncheck_only,CVE-2024-3804,,,,
vulncheck_only,CVE-2024-3806,,,,
vulncheck_only,CVE-2024-3807,,,,
vulncheck_only,CVE-2024-3808,,,,
vulncheck_only,CVE-2024-3809,,,,
vulncheck_only,CVE-2024-38100,,,,
vulncheck_only,CVE-2024-38196,,,,
vulncheck_only,CVE-2024-38289,,,,
vulncheck_only,CVE-2024-38514,,,,
vulncheck_only,CVE-2024-38526,,,,
vulncheck_only,CVE-2024-38653,,,,
vulncheck_only,CVE-2024-38706,,,,
vulncheck_only,CVE-2024-38708,,,,
vulncheck_only,CVE-2024-38735,,,,
vulncheck_only,CVE-2024-38770,,,,
vulncheck_only,CVE-2024-38771,,,,
vulncheck_only,CVE-2024-38816,,,,
vulncheck_only,CVE-2024-39631,,,,
vulncheck_only,CVE-2024-39646,,,,
vulncheck_only,CVE-2024-39647,,,,
vulncheck_only,CVE-2024-39663,,,,
vulncheck_only,CVE-2024-39713,,,,
vulncheck_only,CVE-2024-39914,,,,
vulncheck_only,CVE-2024-40762,,,,
vulncheck_only,CVE-2024-41700,,,,
vulncheck_only,CVE-2024-41869,,,,
vulncheck_only,CVE-2024-42057,,,,
vulncheck_only,CVE-2024-42448,,,,
vulncheck_only,CVE-2024-42640,,,,
vulncheck_only,CVE-2024-42852,,,,
vulncheck_only,CVE-2024-4295,,,,
vulncheck_only,CVE-2024-43153,,,,
vulncheck_only,CVE-2024-43246,,,,
vulncheck_only,CVE-2024-4325,,,,
vulncheck_only,CVE-2024-43252,,,,
vulncheck_only,CVE-2024-43283,,,,
vulncheck_only,CVE-2024-43306,,,,
vulncheck_only,CVE-2024-43354,,,,
vulncheck_only,CVE-2024-43360,,,,
vulncheck_only,CVE-2024-4345,,,,
vulncheck_only,CVE-2024-4346,,,,
vulncheck_only,CVE-2024-43491,,,,
vulncheck_only,CVE-2024-4351,,,,
vulncheck_only,CVE-2024-43917,,,,
vulncheck_only,CVE-2024-43932,,,,
vulncheck_only,CVE-2024-43938,,,,
vulncheck_only,CVE-2024-43971,,,,
vulncheck_only,CVE-2024-43975,,,,
vulncheck_only,CVE-2024-43976,,,,
vulncheck_only,CVE-2024-43978,,,,
vulncheck_only,CVE-2024-44000,,,,
vulncheck_only,CVE-2024-44055,,,,
vulncheck_only,CVE-2024-44068,,,,
vulncheck_only,CVE-2024-44258,,,,
vulncheck_only,CVE-2024-4434,,,,
vulncheck_only,CVE-2024-4443,,,,
vulncheck_only,CVE-2024-4455,,,,
vulncheck_only,CVE-2024-44849,,,,
vulncheck_only,CVE-2024-44902,,,,
vulncheck_only,CVE-2024-45216,,,,
vulncheck_only,CVE-2024-45309,,,,
vulncheck_only,CVE-2024-45388,,,,
vulncheck_only,CVE-2024-45409,,,,
vulncheck_only,CVE-2024-45506,,,,
vulncheck_only,CVE-2024-45507,,,,
vulncheck_only,CVE-2024-45569,,,,
vulncheck_only,CVE-2024-45811,,,,
vulncheck_only,CVE-2024-45841,,,,
vulncheck_only,CVE-2024-45884,,,,
vulncheck_only,CVE-2024-45885,,,,
vulncheck_only,CVE-2024-45887,,,,
vulncheck_only,CVE-2024-45888,,,,
vulncheck_only,CVE-2024-45890,,,,
vulncheck_only,CVE-2024-45891,,,,
vulncheck_only,CVE-2024-4620,,,,
vulncheck_only,CVE-2024-46506,,,,
vulncheck_only,CVE-2024-46507,,,,
vulncheck_only,CVE-2024-46510,,,,
vulncheck_only,CVE-2024-46938,,,,
vulncheck_only,CVE-2024-46982,,,,
vulncheck_only,CVE-2024-47133,,,,
vulncheck_only,CVE-2024-47176,,,,
vulncheck_only,CVE-2024-47308,,,,
vulncheck_only,CVE-2024-47374,,,,
vulncheck_only,CVE-2024-48074,,,,
vulncheck_only,CVE-2024-48217,,,,
vulncheck_only,CVE-2024-48307,,,,
vulncheck_only,CVE-2024-4841,,,,
vulncheck_only,CVE-2024-4845,,,,
vulncheck_only,CVE-2024-48455,,,,
vulncheck_only,CVE-2024-48456,,,,
vulncheck_only,CVE-2024-48766,,,,
vulncheck_only,CVE-2024-48914,,,,
vulncheck_only,CVE-2024-4898,,,,
vulncheck_only,CVE-2024-49380,,,,
vulncheck_only,CVE-2024-4956,,,,
vulncheck_only,CVE-2024-50334,,,,
vulncheck_only,CVE-2024-50340,,,,
vulncheck_only,CVE-2024-50498,,,,
vulncheck_only,CVE-2024-5057,,,,
vulncheck_only,CVE-2024-50570,,,,
vulncheck_only,CVE-2024-50599,,,,
vulncheck_only,CVE-2024-5082,,,,
vulncheck_only,CVE-2024-50967,,,,
vulncheck_only,CVE-2024-51211,,,,
vulncheck_only,CVE-2024-51228,,,,
vulncheck_only,CVE-2024-51324,,,,
vulncheck_only,CVE-2024-51568,,,,
vulncheck_only,CVE-2024-5178,,,,
vulncheck_only,CVE-2024-51977,,,,
vulncheck_only,CVE-2024-51978,,,,
vulncheck_only,CVE-2024-52269,,,,
vulncheck_only,CVE-2024-52270,,,,
vulncheck_only,CVE-2024-52271,,,,
vulncheck_only,CVE-2024-52276,,,,
vulncheck_only,CVE-2024-52277,,,,
vulncheck_only,CVE-2024-52301,,,,
vulncheck_only,CVE-2024-52490,,,,
vulncheck_only,CVE-2024-52564,,,,
vulncheck_only,CVE-2024-5276,,,,
vulncheck_only,CVE-2024-52763,,,,
vulncheck_only,CVE-2024-52875,,,,
vulncheck_only,CVE-2024-5324,,,,
vulncheck_only,CVE-2024-5334,,,,
vulncheck_only,CVE-2024-53375,,,,
vulncheck_only,CVE-2024-53677,,,,
vulncheck_only,CVE-2024-53705,,,,
vulncheck_only,CVE-2024-53900,,,,
vulncheck_only,CVE-2024-53944,,,,
vulncheck_only,CVE-2024-54006,,,,
vulncheck_only,CVE-2024-5441,,,,
vulncheck_only,CVE-2024-54763,,,,
vulncheck_only,CVE-2024-54764,,,,
vulncheck_only,CVE-2024-55457,,,,
vulncheck_only,CVE-2024-55890,,,,
vulncheck_only,CVE-2024-55963,,,,
vulncheck_only,CVE-2024-56064,,,,
vulncheck_only,CVE-2024-56159,,,,
vulncheck_only,CVE-2024-57040,,,,
vulncheck_only,CVE-2024-57046,,,,
vulncheck_only,CVE-2024-57049,,,,
vulncheck_only,CVE-2024-5806,,,,
vulncheck_only,CVE-2024-5827,,,,
vulncheck_only,CVE-2024-58274,,,,
vulncheck_only,CVE-2024-58352,,,,
vulncheck_only,CVE-2024-58374,,,,
vulncheck_only,CVE-2024-58385,,,,
vulncheck_only,CVE-2024-5889,,,,
vulncheck_only,CVE-2024-5932,,,,
vulncheck_only,CVE-2024-6028,,,,
vulncheck_only,CVE-2024-6188,,,,
vulncheck_only,CVE-2024-6205,,,,
vulncheck_only,CVE-2024-6220,,,,
vulncheck_only,CVE-2024-6235,,,,
vulncheck_only,CVE-2024-6250,,,,
vulncheck_only,CVE-2024-6265,,,,
vulncheck_only,CVE-2024-6298,,,,
vulncheck_only,CVE-2024-6365,,,,
vulncheck_only,CVE-2024-6387,,,,
vulncheck_only,CVE-2024-6396,,,,
vulncheck_only,CVE-2024-6409,,,,
vulncheck_only,CVE-2024-6455,,,,
vulncheck_only,CVE-2024-6473,,,,
vulncheck_only,CVE-2024-6587,,,,
vulncheck_only,CVE-2024-6648,,,,
vulncheck_only,CVE-2024-6671,,,,
vulncheck_only,CVE-2024-6690,,,,
vulncheck_only,CVE-2024-6695,,,,
vulncheck_only,CVE-2024-6753,,,,
vulncheck_only,CVE-2024-6782,,,,
vulncheck_only,CVE-2024-6828,,,,
vulncheck_only,CVE-2024-6893,,,,
vulncheck_only,CVE-2024-7014,,,,
vulncheck_only,CVE-2024-7029,,,,
vulncheck_only,CVE-2024-7097,,,,
vulncheck_only,CVE-2024-7120,,,,
vulncheck_only,CVE-2024-7214,,,,
vulncheck_only,CVE-2024-7314,,,,
vulncheck_only,CVE-2024-7339,,,,
vulncheck_only,CVE-2024-7344,,,,
vulncheck_only,CVE-2024-7575,,,,
vulncheck_only,CVE-2024-7576,,,,
vulncheck_only,CVE-2024-7679,,,,
vulncheck_only,CVE-2024-7786,,,,
vulncheck_only,CVE-2024-7928,,,,
vulncheck_only,CVE-2024-7954,,,,
vulncheck_only,CVE-2024-8181,,,,
vulncheck_only,CVE-2024-8277,,,,
vulncheck_only,CVE-2024-8316,,,,
vulncheck_only,CVE-2024-8353,,,,
vulncheck_only,CVE-2024-8420,,,,
vulncheck_only,CVE-2024-8425,,,,
vulncheck_only,CVE-2024-8503,,,,
vulncheck_only,CVE-2024-8522,,,,
vulncheck_only,CVE-2024-8529,,,,
vulncheck_only,CVE-2024-8752,,,,
vulncheck_only,CVE-2024-8852,,,,
vulncheck_only,CVE-2024-8856,,,,
vulncheck_only,CVE-2024-8877,,,,
vulncheck_only,CVE-2024-8883,,,,
vulncheck_only,CVE-2024-8911,,,,
vulncheck_only,CVE-2024-8943,,,,
vulncheck_only,CVE-2024-9001,,,,
vulncheck_only,CVE-2024-9014,,,,
vulncheck_only,CVE-2024-9047,,,,
vulncheck_only,CVE-2024-9161,,,,
vulncheck_only,CVE-2024-9193,,,,
vulncheck_only,CVE-2024-9234,,,,
vulncheck_only,CVE-2024-9265,,,,
vulncheck_only,CVE-2024-9381,,,,
vulncheck_only,CVE-2024-9593,,,,
vulncheck_only,CVE-2024-9643,,,,
vulncheck_only,CVE-2024-9644,,,,
vulncheck_only,CVE-2024-9707,,,,
vulncheck_only,CVE-2024-9860,,,,
vulncheck_only,CVE-2024-9916,,,,
vulncheck_only,CVE-2025-0107,,,,
vulncheck_only,CVE-2025-0283,,,,
vulncheck_only,CVE-2025-0285,,,,
vulncheck_only,CVE-2025-0286,,,,
vulncheck_only,CVE-2025-0287,,,,
vulncheck_only,CVE-2025-0288,,,,
vulncheck_only,CVE-2025-0289,,,,
vulncheck_only,CVE-2025-0520,,,,
vulncheck_only,CVE-2025-0626,,,,
vulncheck_only,CVE-2025-0674,,,,
vulncheck_only,CVE-2025-0683,,,,
vulncheck_only,CVE-2025-0868,,,,
vulncheck_only,CVE-2025-0890,,,,
vulncheck_only,CVE-2025-10090,,,,
vulncheck_only,CVE-2025-10123,,,,
vulncheck_only,CVE-2025-10164,,,,
vulncheck_only,CVE-2025-10204,,,,
vulncheck_only,CVE-2025-10211,,,,
vulncheck_only,CVE-2025-1023,,,,
vulncheck_only,CVE-2025-10353,,,,
vulncheck_only,CVE-2025-1055,,,,
vulncheck_only,CVE-2025-1094,,,,
vulncheck_only,CVE-2025-11001,,,,
vulncheck_only,CVE-2025-11262,,,,
vulncheck_only,CVE-2025-11307,,,,
vulncheck_only,CVE-2025-11368,,,,
vulncheck_only,CVE-2025-11372,,,,
vulncheck_only,CVE-2025-11533,,,,
vulncheck_only,CVE-2025-11700,,,,
vulncheck_only,CVE-2025-11705,,,,
vulncheck_only,CVE-2025-11749,,,,
vulncheck_only,CVE-2025-11833,,,,
vulncheck_only,CVE-2025-11837,,,,
vulncheck_only,CVE-2025-11924,,,,
vulncheck_only,CVE-2025-12055,,,,
vulncheck_only,CVE-2025-12057,,,,
vulncheck_only,CVE-2025-12352,,,,
vulncheck_only,CVE-2025-12450,,,,
vulncheck_only,CVE-2025-12548,,,,
vulncheck_only,CVE-2025-12845,,,,
vulncheck_only,CVE-2025-12974,,,,
vulncheck_only,CVE-2025-1302,,,,
vulncheck_only,CVE-2025-1315,,,,
vulncheck_only,CVE-2025-13315,,,,
vulncheck_only,CVE-2025-13342,,,,
vulncheck_only,CVE-2025-1338,,,,
vulncheck_only,CVE-2025-13390,,,,
vulncheck_only,CVE-2025-13486,,,,
vulncheck_only,CVE-2025-13773,,,,
vulncheck_only,CVE-2025-13920,,,,
vulncheck_only,CVE-2025-14155,,,,
vulncheck_only,CVE-2025-14208,,,,
vulncheck_only,CVE-2025-14436,,,,
vulncheck_only,CVE-2025-14437,,,,
vulncheck_only,CVE-2025-1448,,,,
vulncheck_only,CVE-2025-14528,,,,
vulncheck_only,CVE-2025-14586,,,,
vulncheck_only,CVE-2025-14975,,,,
vulncheck_only,CVE-2025-14998,,,,
vulncheck_only,CVE-2025-15030,,,,
vulncheck_only,CVE-2025-15403,,,,
vulncheck_only,CVE-2025-15488,,,,
vulncheck_only,CVE-2025-15503,,,,
vulncheck_only,CVE-2025-15521,,,,
vulncheck_only,CVE-2025-1562,,,,
vulncheck_only,CVE-2025-1661,,,,
vulncheck_only,CVE-2025-1743,,,,
vulncheck_only,CVE-2025-1829,,,,
vulncheck_only,CVE-2025-1974,,,,
vulncheck_only,CVE-2025-2011,,,,
vulncheck_only,CVE-2025-20188,,,,
vulncheck_only,CVE-2025-20282,,,,
vulncheck_only,CVE-2025-20363,,,,
vulncheck_only,CVE-2025-2075,,,,
vulncheck_only,CVE-2025-21535,,,,
vulncheck_only,CVE-2025-21756,,,,
vulncheck_only,CVE-2025-22214,,,,
vulncheck_only,CVE-2025-2264,,,,
vulncheck_only,CVE-2025-22905,,,,
vulncheck_only,CVE-2025-2294,,,,
vulncheck_only,CVE-2025-22952,,,,
vulncheck_only,CVE-2025-24000,,,,
vulncheck_only,CVE-2025-24061,,,,
vulncheck_only,CVE-2025-24071,,,,
vulncheck_only,CVE-2025-24113,,,,
vulncheck_only,CVE-2025-24354,,,,
vulncheck_only,CVE-2025-24477,,,,
vulncheck_only,CVE-2025-24752,,,,
vulncheck_only,CVE-2025-24799,,,,
vulncheck_only,CVE-2025-2485,,,,
vulncheck_only,CVE-2025-2492,,,,
vulncheck_only,CVE-2025-24963,,,,
vulncheck_only,CVE-2025-25034,,,,
vulncheck_only,CVE-2025-25037,,,,
vulncheck_only,CVE-2025-25038,,,,
vulncheck_only,CVE-2025-2505,,,,
vulncheck_only,CVE-2025-25231,,,,
vulncheck_only,CVE-2025-25252,,,,
vulncheck_only,CVE-2025-25256,,,,
vulncheck_only,CVE-2025-2539,,,,
vulncheck_only,CVE-2025-2563,,,,
vulncheck_only,CVE-2025-2609,,,,
vulncheck_only,CVE-2025-2610,,,,
vulncheck_only,CVE-2025-2611,,,,
vulncheck_only,CVE-2025-26125,,,,
vulncheck_only,CVE-2025-26319,,,,
vulncheck_only,CVE-2025-2636,,,,
vulncheck_only,CVE-2025-26793,,,,
vulncheck_only,CVE-2025-27007,,,,
vulncheck_only,CVE-2025-27112,,,,
vulncheck_only,CVE-2025-2712,,,,
vulncheck_only,CVE-2025-27218,,,,
vulncheck_only,CVE-2025-27222,,,,
vulncheck_only,CVE-2025-27223,,,,
vulncheck_only,CVE-2025-2748,,,,
vulncheck_only,CVE-2025-27505,,,,
vulncheck_only,CVE-2025-27636,,,,
vulncheck_only,CVE-2025-2777,,,,
vulncheck_only,CVE-2025-27817,,,,
vulncheck_only,CVE-2025-28036,,,,
vulncheck_only,CVE-2025-28137,,,,
vulncheck_only,CVE-2025-2825,,,,
vulncheck_only,CVE-2025-28367,,,,
vulncheck_only,CVE-2025-2857,,,,
vulncheck_only,CVE-2025-29063,,,,
vulncheck_only,CVE-2025-2907,,,,
vulncheck_only,CVE-2025-29085,,,,
vulncheck_only,CVE-2025-29306,,,,
vulncheck_only,CVE-2025-29891,,,,
vulncheck_only,CVE-2025-29925,,,,
vulncheck_only,CVE-2025-29927,,,,
vulncheck_only,CVE-2025-30208,,,,
vulncheck_only,CVE-2025-30220,,,,
vulncheck_only,CVE-2025-30259,,,,
vulncheck_only,CVE-2025-30349,,,,
vulncheck_only,CVE-2025-30355,,,,
vulncheck_only,CVE-2025-3054,,,,
vulncheck_only,CVE-2025-30567,,,,
vulncheck_only,CVE-2025-3102,,,,
vulncheck_only,CVE-2025-31082,,,,
vulncheck_only,CVE-2025-31103,,,,
vulncheck_only,CVE-2025-31918,,,,
vulncheck_only,CVE-2025-32102,,,,
vulncheck_only,CVE-2025-32257,,,,
vulncheck_only,CVE-2025-32355,,,,
vulncheck_only,CVE-2025-32429,,,,
vulncheck_only,CVE-2025-32778,,,,
vulncheck_only,CVE-2025-3278,,,,
vulncheck_only,CVE-2025-32813,,,,
vulncheck_only,CVE-2025-32814,,,,
vulncheck_only,CVE-2025-32815,,,,
vulncheck_only,CVE-2025-32818,,,,
vulncheck_only,CVE-2025-32819,,,,
vulncheck_only,CVE-2025-32969,,,,
vulncheck_only,CVE-2025-32970,,,,
vulncheck_only,CVE-2025-34021,,,,
vulncheck_only,CVE-2025-34022,,,,
vulncheck_only,CVE-2025-34023,,,,
vulncheck_only,CVE-2025-34024,,,,
vulncheck_only,CVE-2025-34027,,,,
vulncheck_only,CVE-2025-34029,,,,
vulncheck_only,CVE-2025-34030,,,,
vulncheck_only,CVE-2025-34031,,,,
vulncheck_only,CVE-2025-34032,,,,
vulncheck_only,CVE-2025-34033,,,,
vulncheck_only,CVE-2025-34034,,,,
vulncheck_only,CVE-2025-34035,,,,
vulncheck_only,CVE-2025-34036,,,,
vulncheck_only,CVE-2025-34037,,,,
vulncheck_only,CVE-2025-34038,,,,
vulncheck_only,CVE-2025-34039,,,,
vulncheck_only,CVE-2025-34040,,,,
vulncheck_only,CVE-2025-34041,,,,
vulncheck_only,CVE-2025-34042,,,,
vulncheck_only,CVE-2025-34044,,,,
vulncheck_only,CVE-2025-34045,,,,
vulncheck_only,CVE-2025-34046,,,,
vulncheck_only,CVE-2025-34047,,,,
vulncheck_only,CVE-2025-34048,,,,
vulncheck_only,CVE-2025-34049,,,,
vulncheck_only,CVE-2025-34057,,,,
vulncheck_only,CVE-2025-34058,,,,
vulncheck_only,CVE-2025-34059,,,,
vulncheck_only,CVE-2025-34067,,,,
vulncheck_only,CVE-2025-34068,,,,
vulncheck_only,CVE-2025-34117,,,,
vulncheck_only,CVE-2025-34141,,,,
vulncheck_only,CVE-2025-34143,,,,
vulncheck_only,CVE-2025-3415,,,,
vulncheck_only,CVE-2025-34152,,,,
vulncheck_only,CVE-2025-34160,,,,
vulncheck_only,CVE-2025-34162,,,,
vulncheck_only,CVE-2025-34163,,,,
vulncheck_only,CVE-2025-34299,,,,
vulncheck_only,CVE-2025-34300,,,,
vulncheck_only,CVE-2025-34469,,,,
vulncheck_only,CVE-2025-34509,,,,
vulncheck_only,CVE-2025-34510,,,,
vulncheck_only,CVE-2025-34511,,,,
vulncheck_only,CVE-2025-3515,,,,
vulncheck_only,CVE-2025-3605,,,,
vulncheck_only,CVE-2025-36604,,,,
vulncheck_only,CVE-2025-37899,,,,
vulncheck_only,CVE-2025-3929,,,,
vulncheck_only,CVE-2025-39475,,,,
vulncheck_only,CVE-2025-3987,,,,
vulncheck_only,CVE-2025-4009,,,,
vulncheck_only,CVE-2025-40553,,,,
vulncheck_only,CVE-2025-40554,,,,
vulncheck_only,CVE-2025-40600,,,,
vulncheck_only,CVE-2025-40601,,,,
vulncheck_only,CVE-2025-4078,,,,
vulncheck_only,CVE-2025-4123,,,,
vulncheck_only,CVE-2025-4131,,,,
vulncheck_only,CVE-2025-41646,,,,
vulncheck_only,CVE-2025-4210,,,,
vulncheck_only,CVE-2025-4270,,,,
vulncheck_only,CVE-2025-4281,,,,
vulncheck_only,CVE-2025-4283,,,,
vulncheck_only,CVE-2025-42957,,,,
vulncheck_only,CVE-2025-4322,,,,
vulncheck_only,CVE-2025-43482,,,,
vulncheck_only,CVE-2025-43512,,,,
vulncheck_only,CVE-2025-43517,,,,
vulncheck_only,CVE-2025-43532,,,,
vulncheck_only,CVE-2025-43542,,,,
vulncheck_only,CVE-2025-4396,,,,
vulncheck_only,CVE-2025-44136,,,,
vulncheck_only,CVE-2025-44137,,,,
vulncheck_only,CVE-2025-44177,,,,
vulncheck_only,CVE-2025-44846,,,,
vulncheck_only,CVE-2025-4581,,,,
vulncheck_only,CVE-2025-45985,,,,
vulncheck_only,CVE-2025-45988,,,,
vulncheck_only,CVE-2025-4606,,,,
vulncheck_only,CVE-2025-46289,,,,
vulncheck_only,CVE-2025-46554,,,,
vulncheck_only,CVE-2025-4664,,,,
vulncheck_only,CVE-2025-47165,,,,
vulncheck_only,CVE-2025-47170,,,,
vulncheck_only,CVE-2025-47176,,,,
vulncheck_only,CVE-2025-47188,,,,
vulncheck_only,CVE-2025-47204,,,,
vulncheck_only,CVE-2025-47445,,,,
vulncheck_only,CVE-2025-47539,,,,
vulncheck_only,CVE-2025-47558,,,,
vulncheck_only,CVE-2025-47601,,,,
vulncheck_only,CVE-2025-47696,,,,
vulncheck_only,CVE-2025-47730,,,,
vulncheck_only,CVE-2025-47916,,,,
vulncheck_only,CVE-2025-48281,,,,
vulncheck_only,CVE-2025-48827,,,,
vulncheck_only,CVE-2025-48828,,,,
vulncheck_only,CVE-2025-48925,,,,
vulncheck_only,CVE-2025-48926,,,,
vulncheck_only,CVE-2025-48929,,,,
vulncheck_only,CVE-2025-48930,,,,
vulncheck_only,CVE-2025-49132,,,,
vulncheck_only,CVE-2025-49493,,,,
vulncheck_only,CVE-2025-49533,,,,
vulncheck_only,CVE-2025-49596,,,,
vulncheck_only,CVE-2025-49619,,,,
vulncheck_only,CVE-2025-49844,,,,
vulncheck_only,CVE-2025-49867,,,,
vulncheck_only,CVE-2025-50031,,,,
vulncheck_only,CVE-2025-51482,,,,
vulncheck_only,CVE-2025-51591,,,,
vulncheck_only,CVE-2025-51683,,,,
vulncheck_only,CVE-2025-52089,,,,
vulncheck_only,CVE-2025-52207,,,,
vulncheck_only,CVE-2025-52472,,,,
vulncheck_only,CVE-2025-52488,,,,
vulncheck_only,CVE-2025-52572,,,,
vulncheck_only,CVE-2025-52665,,,,
vulncheck_only,CVE-2025-5287,,,,
vulncheck_only,CVE-2025-52907,,,,
vulncheck_only,CVE-2025-52970,,,,
vulncheck_only,CVE-2025-53072,,,,
vulncheck_only,CVE-2025-53118,,,,
vulncheck_only,CVE-2025-53324,,,,
vulncheck_only,CVE-2025-53364,,,,
vulncheck_only,CVE-2025-5339,,,,
vulncheck_only,CVE-2025-53558,,,,
vulncheck_only,CVE-2025-53771,,,,
vulncheck_only,CVE-2025-53772,,,,
vulncheck_only,CVE-2025-53833,,,,
vulncheck_only,CVE-2025-5394,,,,
vulncheck_only,CVE-2025-5397,,,,
vulncheck_only,CVE-2025-54123,,,,
vulncheck_only,CVE-2025-54125,,,,
vulncheck_only,CVE-2025-54249,,,,
vulncheck_only,CVE-2025-54251,,,,
vulncheck_only,CVE-2025-54254,,,,
vulncheck_only,CVE-2025-54701,,,,
vulncheck_only,CVE-2025-54726,,,,
vulncheck_only,CVE-2025-54782,,,,
vulncheck_only,CVE-2025-54987,,,,
vulncheck_only,CVE-2025-5504,,,,
vulncheck_only,CVE-2025-55161,,,,
vulncheck_only,CVE-2025-55184,,,,
vulncheck_only,CVE-2025-55190,,,,
vulncheck_only,CVE-2025-55303,,,,
vulncheck_only,CVE-2025-55346,,,,
vulncheck_only,CVE-2025-55523,,,,
vulncheck_only,CVE-2025-55583,,,,
vulncheck_only,CVE-2025-5571,,,,
vulncheck_only,CVE-2025-55747,,,,
vulncheck_only,CVE-2025-55748,,,,
vulncheck_only,CVE-2025-55749,,,,
vulncheck_only,CVE-2025-5605,,,,
vulncheck_only,CVE-2025-56132,,,,
vulncheck_only,CVE-2025-56520,,,,
vulncheck_only,CVE-2025-57296,,,,
vulncheck_only,CVE-2025-57788,,,,
vulncheck_only,CVE-2025-58179,,,,
vulncheck_only,CVE-2025-5821,,,,
vulncheck_only,CVE-2025-58443,,,,
vulncheck_only,CVE-2025-5947,,,,
vulncheck_only,CVE-2025-59474,,,,
vulncheck_only,CVE-2025-59528,,,,
vulncheck_only,CVE-2025-59716,,,,
vulncheck_only,CVE-2025-59719,,,,
vulncheck_only,CVE-2025-60021,,,,
vulncheck_only,CVE-2025-6019,,,,
vulncheck_only,CVE-2025-6068,,,,
vulncheck_only,CVE-2025-60687,,,,
vulncheck_only,CVE-2025-60698,,,,
vulncheck_only,CVE-2025-60702,,,,
vulncheck_only,CVE-2025-61155,,,,
vulncheck_only,CVE-2025-61666,,,,
vulncheck_only,CVE-2025-6174,,,,
vulncheck_only,CVE-2025-62481,,,,
vulncheck_only,CVE-2025-62631,,,,
vulncheck_only,CVE-2025-6264,,,,
vulncheck_only,CVE-2025-63387,,,,
vulncheck_only,CVE-2025-6388,,,,
vulncheck_only,CVE-2025-6389,,,,
vulncheck_only,CVE-2025-6403,,,,
vulncheck_only,CVE-2025-64095,,,,
vulncheck_only,CVE-2025-64155,,,,
vulncheck_only,CVE-2025-64375,,,,
vulncheck_only,CVE-2025-64377,,,,
vulncheck_only,CVE-2025-6440,,,,
vulncheck_only,CVE-2025-64764,,,,
vulncheck_only,CVE-2025-6485,,,,
vulncheck_only,CVE-2025-6495,,,,
vulncheck_only,CVE-2025-66744,,,,
vulncheck_only,CVE-2025-6715,,,,
vulncheck_only,CVE-2025-67303,,,,
vulncheck_only,CVE-2025-67945,,,,
vulncheck_only,CVE-2025-67953,,,,
vulncheck_only,CVE-2025-68043,,,,
vulncheck_only,CVE-2025-68472,,,,
vulncheck_only,CVE-2025-68493,,,,
vulncheck_only,CVE-2025-6851,,,,
vulncheck_only,CVE-2025-68947,,,,
vulncheck_only,CVE-2025-69200,,,,
vulncheck_only,CVE-2025-69985,,,,
vulncheck_only,CVE-2025-70795,,,,
vulncheck_only,CVE-2025-7081,,,,
vulncheck_only,CVE-2025-7083,,,,
vulncheck_only,CVE-2025-70974,,,,
vulncheck_only,CVE-2025-71243,,,,
vulncheck_only,CVE-2025-71257,,,,
vulncheck_only,CVE-2025-71284,,,,
vulncheck_only,CVE-2025-71324,,,,
vulncheck_only,CVE-2025-71334,,,,
vulncheck_only,CVE-2025-7340,,,,
vulncheck_only,CVE-2025-7407,,,,
vulncheck_only,CVE-2025-7414,,,,
vulncheck_only,CVE-2025-7417,,,,
vulncheck_only,CVE-2025-7441,,,,
vulncheck_only,CVE-2025-7443,,,,
vulncheck_only,CVE-2025-7451,,,,
vulncheck_only,CVE-2025-7544,,,,
vulncheck_only,CVE-2025-7673,,,,
vulncheck_only,CVE-2025-7771,,,,
vulncheck_only,CVE-2025-7852,,,,
vulncheck_only,CVE-2025-8085,,,,
vulncheck_only,CVE-2025-8266,,,,
vulncheck_only,CVE-2025-8311,,,,
vulncheck_only,CVE-2025-8489,,,,
vulncheck_only,CVE-2025-8829,,,,
vulncheck_only,CVE-2025-8868,,,,
vulncheck_only,CVE-2025-8937,,,,
vulncheck_only,CVE-2025-8943,,,,
vulncheck_only,CVE-2025-9316,,,,
vulncheck_only,CVE-2025-9491,,,,
vulncheck_only,CVE-2025-9501,,,,
vulncheck_only,CVE-2025-9528,,,,
vulncheck_only,CVE-2025-9603,,,,
vulncheck_only,CVE-2025-9807,,,,
vulncheck_only,CVE-2025-9985,,,,
vulncheck_only,CVE-2026-0625,,,,
vulncheck_only,CVE-2026-0740,,,,
vulncheck_only,CVE-2026-0768,,,,
vulncheck_only,CVE-2026-0769,,,,
vulncheck_only,CVE-2026-0920,,,,
vulncheck_only,CVE-2026-0953,,,,
vulncheck_only,CVE-2026-10735,,,,
vulncheck_only,CVE-2026-10795,,,,
vulncheck_only,CVE-2026-1125,,,,
vulncheck_only,CVE-2026-11613,,,,
vulncheck_only,CVE-2026-11907,,,,
vulncheck_only,CVE-2026-1207,,,,
vulncheck_only,CVE-2026-1277,,,,
vulncheck_only,CVE-2026-1357,,,,
vulncheck_only,CVE-2026-13731,,,,
vulncheck_only,CVE-2026-1405,,,,
vulncheck_only,CVE-2026-14359,,,,
vulncheck_only,CVE-2026-14894,,,,
vulncheck_only,CVE-2026-1492,,,,
vulncheck_only,CVE-2026-15039,,,,
vulncheck_only,CVE-2026-15205,,,,
vulncheck_only,CVE-2026-15369,,,,
vulncheck_only,CVE-2026-15459,,,,
vulncheck_only,CVE-2026-1547,,,,
vulncheck_only,CVE-2026-1557,,,,
vulncheck_only,CVE-2026-15780,,,,
vulncheck_only,CVE-2026-1581,,,,
vulncheck_only,CVE-2026-15826,,,,
vulncheck_only,CVE-2026-15981,,,,
vulncheck_only,CVE-2026-16144,,,,
vulncheck_only,CVE-2026-1623,,,,
vulncheck_only,CVE-2026-16723,,,,
vulncheck_only,CVE-2026-16747,,,,
vulncheck_only,CVE-2026-16759,,,,
vulncheck_only,CVE-2026-18109,,,,
vulncheck_only,CVE-2026-18322,,,,
vulncheck_only,CVE-2026-18366,,,,
vulncheck_only,CVE-2026-18562,,,,
vulncheck_only,CVE-2026-18781,,,,
vulncheck_only,CVE-2026-18884,,,,
vulncheck_only,CVE-2026-1890,,,,
vulncheck_only,CVE-2026-18963,,,,
vulncheck_only,CVE-2026-1937,,,,
vulncheck_only,CVE-2026-19478,,,,
vulncheck_only,CVE-2026-19598,,,,
vulncheck_only,CVE-2026-19632,,,,
vulncheck_only,CVE-2026-1969,,,,
vulncheck_only,CVE-2026-1994,,,,
vulncheck_only,CVE-2026-20029,,,,
vulncheck_only,CVE-2026-2025,,,,
vulncheck_only,CVE-2026-20896,,,,
vulncheck_only,CVE-2026-20931,,,,
vulncheck_only,CVE-2026-21262,,,,
vulncheck_only,CVE-2026-21445,,,,
vulncheck_only,CVE-2026-21858,,,,
vulncheck_only,CVE-2026-21859,,,,
vulncheck_only,CVE-2026-21891,,,,
vulncheck_only,CVE-2026-21902,,,,
vulncheck_only,CVE-2026-21992,,,,
vulncheck_only,CVE-2026-22679,,,,
vulncheck_only,CVE-2026-23536,,,,
vulncheck_only,CVE-2026-23541,,,,
vulncheck_only,CVE-2026-23550,,,,
vulncheck_only,CVE-2026-23744,,,,
vulncheck_only,CVE-2026-23800,,,,
vulncheck_only,CVE-2026-24477,,,,
vulncheck_only,CVE-2026-25187,,,,
vulncheck_only,CVE-2026-25253,,,,
vulncheck_only,CVE-2026-25306,,,,
vulncheck_only,CVE-2026-25455,,,,
vulncheck_only,CVE-2026-25815,,,,
vulncheck_only,CVE-2026-25895,,,,
vulncheck_only,CVE-2026-25939,,,,
vulncheck_only,CVE-2026-26127,,,,
vulncheck_only,CVE-2026-2614,,,,
vulncheck_only,CVE-2026-26190,,,,
vulncheck_only,CVE-2026-2652,,,,
vulncheck_only,CVE-2026-26980,,,,
vulncheck_only,CVE-2026-2699,,,,
vulncheck_only,CVE-2026-27174,,,,
vulncheck_only,CVE-2026-27175,,,,
vulncheck_only,CVE-2026-27540,,,,
vulncheck_only,CVE-2026-27541,,,,
vulncheck_only,CVE-2026-27542,,,,
vulncheck_only,CVE-2026-27760,,,,
vulncheck_only,CVE-2026-27944,,,,
vulncheck_only,CVE-2026-27960,,,,
vulncheck_only,CVE-2026-27971,,,,
vulncheck_only,CVE-2026-28139,,,,
vulncheck_only,CVE-2026-28409,,,,
vulncheck_only,CVE-2026-28414,,,,
vulncheck_only,CVE-2026-28496,,,,
vulncheck_only,CVE-2026-28515,,,,
vulncheck_only,CVE-2026-28517,,,,
vulncheck_only,CVE-2026-29014,,,,
vulncheck_only,CVE-2026-29059,,,,
vulncheck_only,CVE-2026-2931,,,,
vulncheck_only,CVE-2026-3018,,,,
vulncheck_only,CVE-2026-30633,,,,
vulncheck_only,CVE-2026-31635,,,,
vulncheck_only,CVE-2026-31816,,,,
vulncheck_only,CVE-2026-31843,,,,
vulncheck_only,CVE-2026-32255,,,,
vulncheck_only,CVE-2026-32475,,,,
vulncheck_only,CVE-2026-32499,,,,
vulncheck_only,CVE-2026-32558,,,,
vulncheck_only,CVE-2026-32562,,,,
vulncheck_only,CVE-2026-32566,,,,
vulncheck_only,CVE-2026-32661,,,,
vulncheck_only,CVE-2026-3296,,,,
vulncheck_only,CVE-2026-32996,,,,
vulncheck_only,CVE-2026-3300,,,,
vulncheck_only,CVE-2026-33032,,,,
vulncheck_only,CVE-2026-33057,,,,
vulncheck_only,CVE-2026-33478,,,,
vulncheck_only,CVE-2026-33497,,,,
vulncheck_only,CVE-2026-33626,,,,
vulncheck_only,CVE-2026-3395,,,,
vulncheck_only,CVE-2026-34234,,,,
vulncheck_only,CVE-2026-34424,,,,
vulncheck_only,CVE-2026-35029,,,,
vulncheck_only,CVE-2026-35056,,,,
vulncheck_only,CVE-2026-3564,,,,
vulncheck_only,CVE-2026-3584,,,,
vulncheck_only,CVE-2026-36356,,,,
vulncheck_only,CVE-2026-36425,,,,
vulncheck_only,CVE-2026-3657,,,,
vulncheck_only,CVE-2026-3836,,,,
vulncheck_only,CVE-2026-3844,,,,
vulncheck_only,CVE-2026-38992,,,,
vulncheck_only,CVE-2026-39364,,,,
vulncheck_only,CVE-2026-39365,,,,
vulncheck_only,CVE-2026-39494,,,,
vulncheck_only,CVE-2026-3965,,,,
vulncheck_only,CVE-2026-39813,,,,
vulncheck_only,CVE-2026-4001,,,,
vulncheck_only,CVE-2026-4020,,,,
vulncheck_only,CVE-2026-40217,,,,
vulncheck_only,CVE-2026-40242,,,,
vulncheck_only,CVE-2026-40466,,,,
vulncheck_only,CVE-2026-4047,,,,
vulncheck_only,CVE-2026-41089,,,,
vulncheck_only,CVE-2026-41176,,,,
vulncheck_only,CVE-2026-41679,,,,
vulncheck_only,CVE-2026-41948,,,,
vulncheck_only,CVE-2026-42031,,,,
vulncheck_only,CVE-2026-42167,,,,
vulncheck_only,CVE-2026-42589,,,,
vulncheck_only,CVE-2026-42647,,,,
vulncheck_only,CVE-2026-42653,,,,
vulncheck_only,CVE-2026-42796,,,,
vulncheck_only,CVE-2026-42945,,,,
vulncheck_only,CVE-2026-43284,,,,
vulncheck_only,CVE-2026-43494,,,,
vulncheck_only,CVE-2026-43500,,,,
vulncheck_only,CVE-2026-44338,,,,
vulncheck_only,CVE-2026-44742,,,,
vulncheck_only,CVE-2026-4480,,,,
vulncheck_only,CVE-2026-44825,,,,
vulncheck_only,CVE-2026-44963,,,,
vulncheck_only,CVE-2026-45298,,,,
vulncheck_only,CVE-2026-45444,,,,
vulncheck_only,CVE-2026-45586,,,,
vulncheck_only,CVE-2026-45695,,,,
vulncheck_only,CVE-2026-46300,,,,
vulncheck_only,CVE-2026-4631,,,,
vulncheck_only,CVE-2026-46331,,,,
vulncheck_only,CVE-2026-46442,,,,
vulncheck_only,CVE-2026-47100,,,,
vulncheck_only,CVE-2026-48294,,,,
vulncheck_only,CVE-2026-48313,,,,
vulncheck_only,CVE-2026-48611,,,,
vulncheck_only,CVE-2026-48842,,,,
vulncheck_only,CVE-2026-48969,,,,
vulncheck_only,CVE-2026-49049,,,,
vulncheck_only,CVE-2026-49060,,,,
vulncheck_only,CVE-2026-49777,,,,
vulncheck_only,CVE-2026-5027,,,,
vulncheck_only,CVE-2026-5073,,,,
vulncheck_only,CVE-2026-50752,,,,
vulncheck_only,CVE-2026-5153,,,,
vulncheck_only,CVE-2026-51990,,,,
vulncheck_only,CVE-2026-5231,,,,
vulncheck_only,CVE-2026-52806,,,,
vulncheck_only,CVE-2026-52813,,,,
vulncheck_only,CVE-2026-53435,,,,
vulncheck_only,CVE-2026-53576,,,,
vulncheck_only,CVE-2026-54066,,,,
vulncheck_only,CVE-2026-54196,,,,
vulncheck_only,CVE-2026-5426,,,,
vulncheck_only,CVE-2026-54569,,,,
vulncheck_only,CVE-2026-5524,,,,
vulncheck_only,CVE-2026-55450,,,,
vulncheck_only,CVE-2026-55786,,,,
vulncheck_only,CVE-2026-56011,,,,
vulncheck_only,CVE-2026-56270,,,,
vulncheck_only,CVE-2026-56271,,,,
vulncheck_only,CVE-2026-5718,,,,
vulncheck_only,CVE-2026-57624,,,,
vulncheck_only,CVE-2026-57700,,,,
vulncheck_only,CVE-2026-57739,,,,
vulncheck_only,CVE-2026-58138,,,,
vulncheck_only,CVE-2026-58231,,,,
vulncheck_only,CVE-2026-58400,,,,
vulncheck_only,CVE-2026-58455,,,,
vulncheck_only,CVE-2026-58457,,,,
vulncheck_only,CVE-2026-58480,,,,
vulncheck_only,CVE-2026-59309,,,,
vulncheck_only,CVE-2026-59553,,,,
vulncheck_only,CVE-2026-59800,,,,
vulncheck_only,CVE-2026-59821,,,,
vulncheck_only,CVE-2026-60105,,,,
vulncheck_only,CVE-2026-61511,,,,
vulncheck_only,CVE-2026-61979,,,,
vulncheck_only,CVE-2026-63219,,,,
vulncheck_only,CVE-2026-63520,,,,
vulncheck_only,CVE-2026-6433,,,,
vulncheck_only,CVE-2026-65442,,,,
vulncheck_only,CVE-2026-65884,,,,
vulncheck_only,CVE-2026-65885,,,,
vulncheck_only,CVE-2026-66047,,,,
vulncheck_only,CVE-2026-66066,,,,
vulncheck_only,CVE-2026-66441,,,,
vulncheck_only,CVE-2026-66443,,,,
vulncheck_only,CVE-2026-66457,,,,
vulncheck_only,CVE-2026-66464,,,,
vulncheck_only,CVE-2026-66582,,,,
vulncheck_only,CVE-2026-66613,,,,
vulncheck_only,CVE-2026-66629,,,,
vulncheck_only,CVE-2026-6664,,,,
vulncheck_only,CVE-2026-66665,,,,
vulncheck_only,CVE-2026-6692,,,,
vulncheck_only,CVE-2026-67276,,,,
vulncheck_only,CVE-2026-67595,,,,
vulncheck_only,CVE-2026-6875,,,,
vulncheck_only,CVE-2026-69255,,,,
vulncheck_only,CVE-2026-69836,,,,
vulncheck_only,CVE-2026-73343,,,,
vulncheck_only,CVE-2026-73400,,,,
vulncheck_only,CVE-2026-73532,,,,
vulncheck_only,CVE-2026-73533,,,,
vulncheck_only,CVE-2026-74232,,,,
vulncheck_only,CVE-2026-74233,,,,
vulncheck_only,CVE-2026-7465,,,,
vulncheck_only,CVE-2026-7482,,,,
vulncheck_only,CVE-2026-7515,,,,
vulncheck_only,CVE-2026-75949,,,,
vulncheck_only,CVE-2026-75981,,,,
vulncheck_only,CVE-2026-76581,,,,
vulncheck_only,CVE-2026-76904,,,,
vulncheck_only,CVE-2026-77136,,,,
vulncheck_only,CVE-2026-77647,,,,
vulncheck_only,CVE-2026-77806,,,,
vulncheck_only,CVE-2026-78003,,,,
vulncheck_only,CVE-2026-78006,,,,
vulncheck_only,CVE-2026-78141,,,,
vulncheck_only,CVE-2026-78159,,,,
vulncheck_only,CVE-2026-79756,,,,
vulncheck_only,CVE-2026-80099,,,,
vulncheck_only,CVE-2026-8054,,,,
vulncheck_only,CVE-2026-8181,,,,
vulncheck_only,CVE-2026-8206,,,,
vulncheck_only,CVE-2026-82222,,,,
vulncheck_only,CVE-2026-82970,,,,
vulncheck_only,CVE-2026-84434,,,,
vulncheck_only,CVE-2026-8451,,,,
vulncheck_only,CVE-2026-84755,,,,
vulncheck_only,CVE-2026-84813,,,,
vulncheck_only,CVE-2026-8496,,,,
vulncheck_only,CVE-2026-86124,,,,
vulncheck_only,CVE-2026-86206,,,,
vulncheck_only,CVE-2026-86207,,,,
vulncheck_only,CVE-2026-86538,,,,
vulncheck_only,CVE-2026-8713,,,,
vulncheck_only,CVE-2026-8732,,,,
vulncheck_only,CVE-2026-87827,,,,
vulncheck_only,CVE-2026-88062,,,,
vulncheck_only,CVE-2026-89013,,,,
vulncheck_only,CVE-2026-89026,,,,
vulncheck_only,CVE-2026-9055,,,,
vulncheck_only,CVE-2026-92229,,,,
vulncheck_only,CVE-2026-9282,,,,
vulncheck_only,CVE-2026-93622,,,,
