cveId,vulncheckDateAdded,cisaDateAdded,fetchedAt
CVE-1999-0526,2025-02-27T00:00:00Z,,2026-09-25T18:38:58.428Z
CVE-2000-0325,2024-11-20T00:00:00Z,,2026-09-25T18:38:58.428Z
CVE-2000-0984,2025-05-22T00:00:00Z,,2026-09-25T18:38:58.428Z
CVE-2001-0537,2023-11-15T00:00:00Z,,2026-09-25T18:38:58.428Z
CVE-2001-1580,2025-02-27T00:00:00Z,,2026-09-25T18:38:58.428Z
CVE-2002-0953,2024-09-19T00:00:00Z,,2026-09-25T18:38:58.428Z
CVE-2002-1131,2025-06-07T00:00:00Z,,2026-09-25T18:38:58.428Z
CVE-2002-1149,2024-09-19T00:00:00Z,,2026-09-25T18:38:58.428Z
CVE-2004-0210,2022-03-03T00:00:00Z,2022-03-03T00:00:00Z,2026-09-25T18:38:58.428Z
CVE-2005-0869,2026-07-20T00:00:00Z,,2026-09-25T18:38:58.428Z
CVE-2005-3128,2024-09-19T00:00:00Z,,2026-09-25T18:38:58.428Z
CVE-2006-1547,2022-01-21T00:00:00Z,2022-01-21T00:00:00Z,2026-09-25T18:38:58.428Z
CVE-2006-2529,2024-03-28T00:00:00Z,,2026-09-25T18:38:58.428Z
CVE-2006-4837,2025-11-10T00:00:00Z,,2026-09-25T18:38:58.428Z
CVE-2007-0885,2025-06-07T00:00:00Z,,2026-09-25T18:38:58.428Z
CVE-2007-6672,2026-07-20T00:00:00Z,,2026-09-25T18:38:58.428Z
CVE-2008-2052,2024-09-19T00:00:00Z,,2026-09-25T18:38:58.428Z
CVE-2008-2398,2025-06-07T00:00:00Z,,2026-09-25T18:38:58.428Z
CVE-2008-3648,2024-08-07T00:00:00Z,,2026-09-25T18:38:58.428Z
CVE-2008-4128,2026-07-13T00:00:00Z,2026-07-13T00:00:00Z,2026-09-25T18:38:58.428Z
CVE-2008-6668,2024-09-19T00:00:00Z,,2026-09-25T18:38:58.428Z
CVE-2009-0557,2022-06-08T00:00:00Z,2022-06-08T00:00:00Z,2026-09-25T18:38:58.428Z
CVE-2009-1558,2025-06-16T00:00:00Z,,2026-09-25T18:38:58.428Z
CVE-2009-1872,2024-09-19T00:00:00Z,,2026-09-25T18:38:58.428Z
CVE-2009-2055,2022-03-25T00:00:00Z,2022-03-25T00:00:00Z,2026-09-25T18:38:58.428Z
CVE-2009-2267,2026-02-09T00:00:00Z,,2026-09-25T18:38:58.428Z
CVE-2009-2445,2024-05-07T00:00:00Z,,2026-09-25T18:38:58.428Z
CVE-2009-2521,2023-02-14T00:00:00Z,,2026-09-25T18:38:58.428Z
CVE-2009-2692,2026-02-09T00:00:00Z,,2026-09-25T18:38:58.428Z
CVE-2009-2698,2026-02-09T00:00:00Z,,2026-09-25T18:38:58.428Z
CVE-2009-2908,2026-02-09T00:00:00Z,,2026-09-25T18:38:58.428Z
CVE-2009-3547,2026-02-09T00:00:00Z,,2026-09-25T18:38:58.428Z
CVE-2009-3733,2025-02-27T00:00:00Z,,2026-09-25T18:38:58.428Z
CVE-2010-0219,2023-11-15T00:00:00Z,,2026-09-25T18:38:58.428Z
CVE-2010-0759,2026-02-02T00:00:00Z,,2026-09-25T18:38:58.428Z
CVE-2010-1173,2026-02-09T00:00:00Z,,2026-09-25T18:38:58.428Z
CVE-2010-1573,2023-07-05T00:00:00Z,,2026-09-25T18:38:58.428Z
CVE-2010-1807,2023-12-07T00:00:00Z,,2026-09-25T18:38:58.428Z
CVE-2010-20103,2025-08-20T00:00:00Z,,2026-09-25T18:38:58.428Z
CVE-2010-2035,2025-12-26T00:00:00Z,,2026-09-25T18:38:58.428Z
CVE-2010-2261,2023-02-08T00:00:00Z,,2026-09-25T18:38:58.428Z
CVE-2010-2506,2024-05-22T00:00:00Z,,2026-09-25T18:38:58.428Z
CVE-2010-2743,2021-12-15T00:00:00Z,,2026-09-25T18:38:58.428Z
CVE-2010-2959,2026-02-09T00:00:00Z,,2026-09-25T18:38:58.428Z
CVE-2010-3035,2022-03-25T00:00:00Z,2022-03-25T00:00:00Z,2026-09-25T18:38:58.428Z
CVE-2010-3338,2021-12-15T00:00:00Z,,2026-09-25T18:38:58.428Z
CVE-2010-3437,2026-02-09T00:00:00Z,,2026-09-25T18:38:58.428Z
CVE-2010-3849,2026-02-09T00:00:00Z,,2026-09-25T18:38:58.428Z
CVE-2010-3904,2023-05-12T00:00:00Z,2023-05-12T00:00:00Z,2026-09-25T18:38:58.428Z
CVE-2010-4598,2022-01-12T00:00:00Z,,2026-09-25T18:38:58.428Z
CVE-2011-0105,2023-07-19T00:00:00Z,,2026-09-25T18:38:58.428Z
CVE-2011-1889,2022-03-03T00:00:00Z,2022-03-03T00:00:00Z,2026-09-25T18:38:58.428Z
CVE-2011-2474,2022-01-12T00:00:00Z,,2026-09-25T18:38:58.428Z
CVE-2011-2688,2025-02-07T00:00:00Z,,2026-09-25T18:38:58.428Z
CVE-2011-3315,2025-07-31T00:00:00Z,,2026-09-25T18:38:58.428Z
CVE-2011-3600,2023-11-21T00:00:00Z,,2026-09-25T18:38:58.428Z
CVE-2011-4085,2025-07-14T00:00:00Z,,2026-09-25T18:38:58.428Z
CVE-2011-4926,2024-09-19T00:00:00Z,,2026-09-25T18:38:58.428Z
CVE-2012-0151,2021-11-15T00:00:00Z,2022-06-08T00:00:00Z,2026-09-25T18:38:58.428Z
CVE-2012-0297,2023-12-06T00:00:00Z,,2026-09-25T18:38:58.428Z
CVE-2012-10018,2024-10-15T00:00:00Z,,2026-09-25T18:38:58.428Z
CVE-2012-1461,2023-12-07T00:00:00Z,,2026-09-25T18:38:58.428Z
CVE-2012-2034,2022-03-28T00:00:00Z,2022-03-28T00:00:00Z,2026-09-25T18:38:58.428Z
CVE-2012-2626,2024-10-01T00:00:00Z,,2026-09-25T18:38:58.428Z
CVE-2012-3015,2021-12-15T00:00:00Z,,2026-09-25T18:38:58.428Z
CVE-2012-3153,2025-06-07T00:00:00Z,,2026-09-25T18:38:58.428Z
CVE-2012-4867,2022-09-28T00:00:00Z,,2026-09-25T18:38:58.428Z
CVE-2012-4940,2024-09-19T00:00:00Z,,2026-09-25T18:38:58.428Z
CVE-2012-5081,2024-05-06T00:00:00Z,,2026-09-25T18:38:58.428Z
CVE-2012-5469,2022-05-11T00:00:00Z,,2026-09-25T18:38:58.428Z
CVE-2013-0213,2024-02-08T00:00:00Z,,2026-09-25T18:38:58.428Z
CVE-2013-0322,2022-01-26T00:00:00Z,,2026-09-25T18:38:58.428Z
CVE-2013-1300,2022-11-03T00:00:00Z,,2026-09-25T18:38:58.428Z
CVE-2013-1675,2022-03-03T00:00:00Z,2022-03-03T00:00:00Z,2026-09-25T18:38:58.428Z
CVE-2013-2134,2025-10-13T00:00:00Z,,2026-09-25T18:38:58.428Z
CVE-2013-2416,2024-05-06T00:00:00Z,,2026-09-25T18:38:58.428Z
CVE-2013-2461,2024-05-06T00:00:00Z,,2026-09-25T18:38:58.428Z
CVE-2013-2596,2022-09-15T00:00:00Z,2022-09-15T00:00:00Z,2026-09-25T18:38:58.428Z
CVE-2013-2597,2022-09-15T00:00:00Z,2022-09-15T00:00:00Z,2026-09-25T18:38:58.428Z
CVE-2013-2912,2024-05-06T00:00:00Z,,2026-09-25T18:38:58.428Z
CVE-2013-3307,2021-11-11T00:00:00Z,,2026-09-25T18:38:58.428Z
CVE-2013-3821,2026-08-07T00:00:00Z,,2026-09-25T18:38:58.428Z
CVE-2013-3827,2025-06-07T00:00:00Z,,2026-09-25T18:38:58.428Z
CVE-2013-3881,2022-11-03T00:00:00Z,,2026-09-25T18:38:58.428Z
CVE-2013-3956,2021-12-13T00:00:00Z,,2026-09-25T18:38:58.428Z
CVE-2013-3993,2022-01-26T00:00:00Z,2022-05-25T00:00:00Z,2026-09-25T18:38:58.428Z
CVE-2013-4786,2023-02-14T00:00:00Z,,2026-09-25T18:38:58.428Z
CVE-2013-5223,2021-11-11T00:00:00Z,2022-03-25T00:00:00Z,2026-09-25T18:38:58.428Z
CVE-2013-6117,2025-02-27T00:00:00Z,,2026-09-25T18:38:58.428Z
CVE-2013-6397,2024-09-19T00:00:00Z,,2026-09-25T18:38:58.428Z
CVE-2013-6719,2022-01-12T00:00:00Z,,2026-09-25T18:38:58.428Z
CVE-2013-6720,2022-01-12T00:00:00Z,,2026-09-25T18:38:58.428Z
CVE-2013-7091,2023-11-13T00:00:00Z,,2026-09-25T18:38:58.428Z
CVE-2014-0094,2022-05-11T00:00:00Z,,2026-09-25T18:38:58.428Z
CVE-2014-0112,2022-05-11T00:00:00Z,,2026-09-25T18:38:58.428Z
CVE-2014-0113,2022-05-11T00:00:00Z,,2026-09-25T18:38:58.428Z
CVE-2014-0114,2022-05-11T00:00:00Z,,2026-09-25T18:38:58.428Z
CVE-2014-0130,2022-01-12T00:00:00Z,2022-03-25T00:00:00Z,2026-09-25T18:38:58.428Z
CVE-2014-0196,2023-05-12T00:00:00Z,2023-05-12T00:00:00Z,2026-09-25T18:38:58.428Z
CVE-2014-0224,2024-05-06T00:00:00Z,,2026-09-25T18:38:58.428Z
CVE-2014-0496,2022-03-03T00:00:00Z,2022-03-03T00:00:00Z,2026-09-25T18:38:58.428Z
CVE-2014-0780,2022-01-12T00:00:00Z,2022-04-15T00:00:00Z,2026-09-25T18:38:58.428Z
CVE-2014-100005,2024-05-16T00:00:00Z,2024-05-16T00:00:00Z,2026-09-25T18:38:58.428Z
CVE-2014-125119,2025-07-25T00:00:00Z,,2026-09-25T18:38:58.428Z
CVE-2014-125123,2025-07-31T00:00:00Z,,2026-09-25T18:38:58.428Z
CVE-2014-1635,2025-10-09T00:00:00Z,,2026-09-25T18:38:58.428Z
CVE-2014-1677,2025-07-02T00:00:00Z,,2026-09-25T18:38:58.428Z
CVE-2014-2120,2024-11-07T00:00:00Z,2024-11-12T00:00:00Z,2026-09-25T18:38:58.428Z
CVE-2014-2383,2025-06-07T00:00:00Z,,2026-09-25T18:38:58.428Z
CVE-2014-2908,2024-07-25T00:00:00Z,,2026-09-25T18:38:58.428Z
CVE-2014-3120,2022-03-25T00:00:00Z,2022-03-25T00:00:00Z,2026-09-25T18:38:58.428Z
CVE-2014-3931,2025-07-07T00:00:00Z,2025-07-07T00:00:00Z,2026-09-25T18:38:58.428Z
CVE-2014-4404,2022-02-10T00:00:00Z,2022-02-10T00:00:00Z,2026-09-25T18:38:58.428Z
CVE-2014-4535,2024-09-19T00:00:00Z,,2026-09-25T18:38:58.428Z
CVE-2014-4663,2024-10-15T00:00:00Z,,2026-09-25T18:38:58.428Z
CVE-2014-4725,2022-12-05T00:00:00Z,,2026-09-25T18:38:58.428Z
CVE-2014-6321,2026-03-23T00:00:00Z,,2026-09-25T18:38:58.428Z
CVE-2014-8356,2022-04-13T00:00:00Z,,2026-09-25T18:38:58.428Z
CVE-2014-8357,2022-04-13T00:00:00Z,,2026-09-25T18:38:58.428Z
CVE-2014-8379,2024-09-19T00:00:00Z,,2026-09-25T18:38:58.428Z
CVE-2014-9118,2022-04-12T00:00:00Z,,2026-09-25T18:38:58.428Z
CVE-2014-9792,2024-09-19T00:00:00Z,,2026-09-25T18:38:58.428Z
CVE-2015-0096,2021-12-15T00:00:00Z,,2026-09-25T18:38:58.428Z
CVE-2015-10145,2025-12-31T00:00:00Z,,2026-09-25T18:38:58.428Z
CVE-2015-1130,2022-02-10T00:00:00Z,2022-02-10T00:00:00Z,2026-09-25T18:38:58.428Z
CVE-2015-2280,2025-10-19T00:00:00Z,,2026-09-25T18:38:58.428Z
CVE-2015-2291,2023-01-10T00:00:00Z,2023-02-10T00:00:00Z,2026-09-25T18:38:58.428Z
CVE-2015-2331,2024-05-06T00:00:00Z,,2026-09-25T18:38:58.428Z
CVE-2015-2370,2022-03-16T00:00:00Z,,2026-09-25T18:38:58.428Z
CVE-2015-2551,2022-05-18T00:00:00Z,,2026-09-25T18:38:58.428Z
CVE-2015-2863,2023-12-15T00:00:00Z,,2026-09-25T18:38:58.428Z
CVE-2015-3035,2022-03-25T00:00:00Z,2022-03-25T00:00:00Z,2026-09-25T18:38:58.428Z
CVE-2015-3246,2026-08-20T00:00:00Z,2026-08-26T00:00:00Z,2026-09-25T18:38:58.428Z
CVE-2015-3897,2024-09-19T00:00:00Z,,2026-09-25T18:38:58.428Z
CVE-2015-4068,2022-01-12T00:00:00Z,2022-03-25T00:00:00Z,2026-09-25T18:38:58.428Z
CVE-2015-4074,2024-09-19T00:00:00Z,,2026-09-25T18:38:58.428Z
CVE-2015-4455,2025-05-27T00:00:00Z,,2026-09-25T18:38:58.428Z
CVE-2015-5287,2026-08-20T00:00:00Z,2026-08-26T00:00:00Z,2026-09-25T18:38:58.428Z
CVE-2015-5317,2023-05-12T00:00:00Z,2023-05-12T00:00:00Z,2026-09-25T18:38:58.428Z
CVE-2015-5471,2026-02-12T00:00:00Z,,2026-09-25T18:38:58.428Z
CVE-2015-5531,2025-05-27T00:00:00Z,,2026-09-25T18:38:58.428Z
CVE-2015-7254,2022-01-12T00:00:00Z,,2026-09-25T18:38:58.428Z
CVE-2015-7465,2022-01-26T00:00:00Z,,2026-09-25T18:38:58.428Z
CVE-2015-8351,2024-01-22T00:00:00Z,,2026-09-25T18:38:58.428Z
CVE-2015-8813,2024-09-19T00:00:00Z,,2026-09-25T18:38:58.428Z
CVE-2016-0040,2022-03-28T00:00:00Z,2022-03-28T00:00:00Z,2026-09-25T18:38:58.428Z
CVE-2016-0095,2022-11-03T00:00:00Z,,2026-09-25T18:38:58.428Z
CVE-2016-0151,2022-03-28T00:00:00Z,2022-03-28T00:00:00Z,2026-09-25T18:38:58.428Z
CVE-2016-0185,2021-11-03T00:00:00Z,2021-11-03T00:00:00Z,2026-09-25T18:38:58.428Z
CVE-2016-0457,2023-12-14T00:00:00Z,,2026-09-25T18:38:58.428Z
CVE-2016-0638,2026-07-17T00:00:00Z,,2026-09-25T18:38:58.428Z
CVE-2016-0736,2023-02-14T00:00:00Z,,2026-09-25T18:38:58.428Z
CVE-2016-1000110,2024-05-06T00:00:00Z,,2026-09-25T18:38:58.428Z
CVE-2016-1000149,2024-09-19T00:00:00Z,,2026-09-25T18:38:58.428Z
CVE-2016-10033,2022-01-26T00:00:00Z,2025-07-07T00:00:00Z,2026-09-25T18:38:58.428Z
CVE-2016-10108,2024-02-07T00:00:00Z,,2026-09-25T18:38:58.428Z
CVE-2016-10174,2022-03-25T00:00:00Z,2022-03-25T00:00:00Z,2026-09-25T18:38:58.428Z
CVE-2016-10367,2025-09-11T00:00:00Z,,2026-09-25T18:38:58.428Z
CVE-2016-10924,2025-06-08T00:00:00Z,,2026-09-25T18:38:58.428Z
CVE-2016-10960,2025-10-08T00:00:00Z,,2026-09-25T18:38:58.428Z
CVE-2016-10972,2022-12-30T00:00:00Z,,2026-09-25T18:38:58.428Z
CVE-2016-11021,2021-11-11T00:00:00Z,2022-03-25T00:00:00Z,2026-09-25T18:38:58.428Z
CVE-2016-15040,2024-10-15T00:00:00Z,,2026-09-25T18:38:58.428Z
CVE-2016-15041,2024-10-15T00:00:00Z,,2026-09-25T18:38:58.428Z
CVE-2016-15042,2024-10-15T00:00:00Z,,2026-09-25T18:38:58.428Z
CVE-2016-15048,2025-10-22T00:00:00Z,,2026-09-25T18:38:58.428Z
CVE-2016-15057,2026-01-26T00:00:00Z,,2026-09-25T18:38:58.428Z
CVE-2016-20080,2026-09-22T00:00:00Z,,2026-09-25T18:38:58.428Z
CVE-2016-20097,2026-08-11T00:00:00Z,,2026-09-25T18:38:58.428Z
CVE-2016-2386,2022-06-09T00:00:00Z,2022-06-09T00:00:00Z,2026-09-25T18:38:58.428Z
CVE-2016-2388,2022-06-09T00:00:00Z,2022-06-09T00:00:00Z,2026-09-25T18:38:58.428Z
CVE-2016-2389,2025-06-08T00:00:00Z,,2026-09-25T18:38:58.428Z
CVE-2016-3081,2026-07-23T00:00:00Z,,2026-09-25T18:38:58.428Z
CVE-2016-3212,2024-05-06T00:00:00Z,,2026-09-25T18:38:58.428Z
CVE-2016-3235,2021-11-03T00:00:00Z,2021-11-03T00:00:00Z,2026-09-25T18:38:58.428Z
CVE-2016-3309,2022-03-15T00:00:00Z,2022-03-15T00:00:00Z,2026-09-25T18:38:58.428Z
CVE-2016-3427,2023-05-12T00:00:00Z,2023-05-12T00:00:00Z,2026-09-25T18:38:58.428Z
CVE-2016-3643,2021-11-03T00:00:00Z,2021-11-03T00:00:00Z,2026-09-25T18:38:58.428Z
CVE-2016-3715,2021-11-03T00:00:00Z,2021-11-03T00:00:00Z,2026-09-25T18:38:58.428Z
CVE-2016-3718,2021-11-03T00:00:00Z,2021-11-03T00:00:00Z,2026-09-25T18:38:58.428Z
CVE-2016-4326,2024-05-10T00:00:00Z,,2026-09-25T18:38:58.428Z
CVE-2016-4437,2021-11-03T00:00:00Z,2021-11-03T00:00:00Z,2026-09-25T18:38:58.428Z
CVE-2016-4523,2022-01-12T00:00:00Z,2022-04-15T00:00:00Z,2026-09-25T18:38:58.428Z
CVE-2016-4800,2026-07-20T00:00:00Z,,2026-09-25T18:38:58.428Z
CVE-2016-4945,2024-07-16T00:00:00Z,,2026-09-25T18:38:58.428Z
CVE-2016-4977,2024-08-14T00:00:00Z,,2026-09-25T18:38:58.428Z
CVE-2016-5312,2026-08-15T00:00:00Z,,2026-09-25T18:38:58.428Z
CVE-2016-5674,2022-04-01T00:00:00Z,,2026-09-25T18:38:58.428Z
CVE-2016-5680,2022-10-27T00:00:00Z,,2026-09-25T18:38:58.428Z
CVE-2016-5681,2026-06-17T00:00:00Z,,2026-09-25T18:38:58.428Z
CVE-2016-5700,2023-11-18T00:00:00Z,,2026-09-25T18:38:58.428Z
CVE-2016-5734,2024-05-10T00:00:00Z,,2026-09-25T18:38:58.428Z
CVE-2016-6563,2025-02-27T00:00:00Z,,2026-09-25T18:38:58.428Z
CVE-2016-6662,2024-05-14T00:00:00Z,,2026-09-25T18:38:58.428Z
CVE-2016-8530,2022-01-12T00:00:00Z,,2026-09-25T18:38:58.428Z
CVE-2016-8562,2022-03-03T00:00:00Z,2022-03-03T00:00:00Z,2026-09-25T18:38:58.428Z
CVE-2016-8735,2023-05-12T00:00:00Z,2023-05-12T00:00:00Z,2026-09-25T18:38:58.428Z
CVE-2017-0068,2024-05-06T00:00:00Z,,2026-09-25T18:38:58.428Z
CVE-2017-0101,2022-03-15T00:00:00Z,2022-03-15T00:00:00Z,2026-09-25T18:38:58.428Z
CVE-2017-0176,2025-03-12T00:00:00Z,,2026-09-25T18:38:58.428Z
CVE-2017-0929,2024-09-19T00:00:00Z,,2026-09-25T18:38:58.428Z
CVE-2017-1000028,2023-12-12T00:00:00Z,,2026-09-25T18:38:58.428Z
CVE-2017-1000170,2024-01-03T00:00:00Z,,2026-09-25T18:38:58.428Z
CVE-2017-1000226,2024-07-25T00:00:00Z,,2026-09-25T18:38:58.428Z
CVE-2017-1000367,2023-08-17T00:00:00Z,,2026-09-25T18:38:58.428Z
CVE-2017-10974,2024-01-03T00:00:00Z,,2026-09-25T18:38:58.428Z
CVE-2017-10986,2025-10-20T00:00:00Z,,2026-09-25T18:38:58.428Z
CVE-2017-11511,2024-09-19T00:00:00Z,,2026-09-25T18:38:58.428Z
CVE-2017-11512,2022-01-12T00:00:00Z,,2026-09-25T18:38:58.428Z
CVE-2017-11884,2024-04-04T00:00:00Z,,2026-09-25T18:38:58.428Z
CVE-2017-12231,2022-03-03T00:00:00Z,2022-03-03T00:00:00Z,2026-09-25T18:38:58.428Z
CVE-2017-12232,2022-03-03T00:00:00Z,2022-03-03T00:00:00Z,2026-09-25T18:38:58.428Z
CVE-2017-12233,2022-03-03T00:00:00Z,2022-03-03T00:00:00Z,2026-09-25T18:38:58.428Z
CVE-2017-12234,2022-03-03T00:00:00Z,2022-03-03T00:00:00Z,2026-09-25T18:38:58.428Z
CVE-2017-12235,2022-03-03T00:00:00Z,2022-03-03T00:00:00Z,2026-09-25T18:38:58.428Z
CVE-2017-12237,2022-03-03T00:00:00Z,2022-03-03T00:00:00Z,2026-09-25T18:38:58.428Z
CVE-2017-12238,2022-03-03T00:00:00Z,2022-03-03T00:00:00Z,2026-09-25T18:38:58.428Z
CVE-2017-12240,2022-03-03T00:00:00Z,2022-03-03T00:00:00Z,2026-09-25T18:38:58.428Z
CVE-2017-12319,2022-03-03T00:00:00Z,2022-03-03T00:00:00Z,2026-09-25T18:38:58.428Z
CVE-2017-12611,2024-04-15T00:00:00Z,,2026-09-25T18:38:58.428Z
CVE-2017-12635,2023-11-17T00:00:00Z,,2026-09-25T18:38:58.428Z
CVE-2017-13798,2024-05-06T00:00:00Z,,2026-09-25T18:38:58.428Z
CVE-2017-14723,2022-01-26T00:00:00Z,,2026-09-25T18:38:58.428Z
CVE-2017-14726,2022-01-26T00:00:00Z,,2026-09-25T18:38:58.428Z
CVE-2017-15302,2022-01-26T00:00:00Z,,2026-09-25T18:38:58.428Z
CVE-2017-15303,2021-12-13T00:00:00Z,,2026-09-25T18:38:58.428Z
CVE-2017-15363,2023-11-26T00:00:00Z,,2026-09-25T18:38:58.428Z
CVE-2017-15715,2022-02-22T00:00:00Z,,2026-09-25T18:38:58.428Z
CVE-2017-15944,2022-08-18T00:00:00Z,2022-08-18T00:00:00Z,2026-09-25T18:38:58.428Z
CVE-2017-16237,2025-09-01T00:00:00Z,,2026-09-25T18:38:58.428Z
CVE-2017-16383,2024-05-06T00:00:00Z,,2026-09-25T18:38:58.428Z
CVE-2017-16391,2024-05-06T00:00:00Z,,2026-09-25T18:38:58.428Z
CVE-2017-16562,2022-12-05T00:00:00Z,,2026-09-25T18:38:58.428Z
CVE-2017-16894,2025-04-29T00:00:00Z,,2026-09-25T18:38:58.428Z
CVE-2017-17105,2022-12-21T00:00:00Z,,2026-09-25T18:38:58.428Z
CVE-2017-17106,2022-12-08T00:00:00Z,,2026-09-25T18:38:58.428Z
CVE-2017-17107,2024-05-06T00:00:00Z,,2026-09-25T18:38:58.428Z
CVE-2017-17560,2024-01-22T00:00:00Z,,2026-09-25T18:38:58.428Z
CVE-2017-17731,2024-09-19T00:00:00Z,,2026-09-25T18:38:58.428Z
CVE-2017-17761,2025-06-23T00:00:00Z,,2026-09-25T18:38:58.428Z
CVE-2017-17762,2026-01-14T00:00:00Z,,2026-09-25T18:38:58.428Z
CVE-2017-18349,2024-01-22T00:00:00Z,,2026-09-25T18:38:58.428Z
CVE-2017-18365,2025-11-10T00:00:00Z,,2026-09-25T18:38:58.428Z
CVE-2017-18368,2021-11-11T00:00:00Z,2023-08-07T00:00:00Z,2026-09-25T18:38:58.428Z
CVE-2017-18369,2025-10-09T00:00:00Z,,2026-09-25T18:38:58.428Z
CVE-2017-18378,2023-11-13T00:00:00Z,,2026-09-25T18:38:58.428Z
CVE-2017-20192,2024-10-15T00:00:00Z,,2026-09-25T18:38:58.428Z
CVE-2017-20194,2024-10-15T00:00:00Z,,2026-09-25T18:38:58.428Z
CVE-2017-20216,2026-01-07T00:00:00Z,,2026-09-25T18:38:58.428Z
CVE-2017-20284,2026-09-18T00:00:00Z,,2026-09-25T18:38:58.428Z
CVE-2017-3506,2023-05-16T00:00:00Z,2024-06-03T00:00:00Z,2026-09-25T18:38:58.428Z
CVE-2017-4946,2024-07-25T00:00:00Z,,2026-09-25T18:38:58.428Z
CVE-2017-5259,2024-01-03T00:00:00Z,,2026-09-25T18:38:58.428Z
CVE-2017-5611,2022-01-26T00:00:00Z,,2026-09-25T18:38:58.428Z
CVE-2017-5753,2026-09-08T00:00:00Z,,2026-09-25T18:38:58.428Z
CVE-2017-5930,2022-01-26T00:00:00Z,,2026-09-25T18:38:58.428Z
CVE-2017-5963,2022-01-26T00:00:00Z,,2026-09-25T18:38:58.428Z
CVE-2017-6079,2021-11-30T00:00:00Z,,2026-09-25T18:38:58.428Z
CVE-2017-6090,2024-01-04T00:00:00Z,,2026-09-25T18:38:58.428Z
CVE-2017-6627,2022-03-03T00:00:00Z,2022-03-03T00:00:00Z,2026-09-25T18:38:58.428Z
CVE-2017-6663,2022-03-03T00:00:00Z,2022-03-03T00:00:00Z,2026-09-25T18:38:58.428Z
CVE-2017-6737,2022-03-03T00:00:00Z,2022-03-03T00:00:00Z,2026-09-25T18:38:58.428Z
CVE-2017-6738,2022-03-03T00:00:00Z,2022-03-03T00:00:00Z,2026-09-25T18:38:58.428Z
CVE-2017-6739,2022-03-03T00:00:00Z,2022-03-03T00:00:00Z,2026-09-25T18:38:58.428Z
CVE-2017-6740,2022-03-03T00:00:00Z,2022-03-03T00:00:00Z,2026-09-25T18:38:58.428Z
CVE-2017-6742,2023-04-17T00:00:00Z,2023-04-19T00:00:00Z,2026-09-25T18:38:58.428Z
CVE-2017-6743,2022-03-03T00:00:00Z,2022-03-03T00:00:00Z,2026-09-25T18:38:58.428Z
CVE-2017-6744,2022-03-03T00:00:00Z,2022-03-03T00:00:00Z,2026-09-25T18:38:58.428Z
CVE-2017-6862,2022-06-07T00:00:00Z,2022-06-08T00:00:00Z,2026-09-25T18:38:58.428Z
CVE-2017-7199,2022-11-03T00:00:00Z,,2026-09-25T18:38:58.428Z
CVE-2017-7504,2023-03-23T00:00:00Z,,2026-09-25T18:38:58.428Z
CVE-2017-7577,2026-05-22T00:00:00Z,,2026-09-25T18:38:58.428Z
CVE-2017-7659,2022-02-22T00:00:00Z,,2026-09-25T18:38:58.428Z
CVE-2017-7668,2022-02-22T00:00:00Z,,2026-09-25T18:38:58.428Z
CVE-2017-7692,2026-05-20T00:00:00Z,,2026-09-25T18:38:58.428Z
CVE-2017-7876,2024-09-18T00:00:00Z,,2026-09-25T18:38:58.428Z
CVE-2017-7921,2023-11-18T00:00:00Z,2026-03-05T00:00:00Z,2026-09-25T18:38:58.428Z
CVE-2017-7927,2023-11-23T00:00:00Z,,2026-09-25T18:38:58.428Z
CVE-2017-7973,2026-03-05T00:00:00Z,,2026-09-25T18:38:58.428Z
CVE-2017-8226,2023-11-28T00:00:00Z,,2026-09-25T18:38:58.428Z
CVE-2017-8295,2022-01-26T00:00:00Z,,2026-09-25T18:38:58.428Z
CVE-2017-8540,2022-03-03T00:00:00Z,2022-03-03T00:00:00Z,2026-09-25T18:38:58.428Z
CVE-2017-8917,2026-09-11T00:00:00Z,,2026-09-25T18:38:58.428Z
CVE-2017-8961,2024-08-15T00:00:00Z,,2026-09-25T18:38:58.428Z
CVE-2017-9506,2024-09-19T00:00:00Z,,2026-09-25T18:38:58.428Z
CVE-2017-9554,2021-12-23T00:00:00Z,,2026-09-25T18:38:58.428Z
CVE-2017-9788,2022-02-22T00:00:00Z,,2026-09-25T18:38:58.428Z
CVE-2017-9798,2022-02-22T00:00:00Z,,2026-09-25T18:38:58.428Z
CVE-2017-9805,2021-11-03T00:00:00Z,2021-11-03T00:00:00Z,2026-09-25T18:38:58.428Z
CVE-2017-9833,2023-11-13T00:00:00Z,,2026-09-25T18:38:58.428Z
CVE-2017-9844,2025-04-22T00:00:00Z,,2026-09-25T18:38:58.428Z
CVE-2018-0125,2022-03-25T00:00:00Z,2022-03-25T00:00:00Z,2026-09-25T18:38:58.428Z
CVE-2018-0127,2023-11-15T00:00:00Z,,2026-09-25T18:38:58.428Z
CVE-2018-0147,2022-03-16T00:00:00Z,2022-03-25T00:00:00Z,2026-09-25T18:38:58.428Z
CVE-2018-0150,2025-05-16T00:00:00Z,,2026-09-25T18:38:58.428Z
CVE-2018-0151,2022-03-03T00:00:00Z,2022-03-03T00:00:00Z,2026-09-25T18:38:58.428Z
CVE-2018-0154,2022-03-03T00:00:00Z,2022-03-03T00:00:00Z,2026-09-25T18:38:58.428Z
CVE-2018-0155,2022-03-03T00:00:00Z,2022-03-03T00:00:00Z,2026-09-25T18:38:58.428Z
CVE-2018-0156,2022-03-03T00:00:00Z,2022-03-03T00:00:00Z,2026-09-25T18:38:58.428Z
CVE-2018-0158,2022-03-03T00:00:00Z,2022-03-03T00:00:00Z,2026-09-25T18:38:58.428Z
CVE-2018-0159,2022-03-03T00:00:00Z,2022-03-03T00:00:00Z,2026-09-25T18:38:58.428Z
CVE-2018-0160,2025-05-16T00:00:00Z,,2026-09-25T18:38:58.428Z
CVE-2018-0161,2022-03-03T00:00:00Z,2022-03-03T00:00:00Z,2026-09-25T18:38:58.428Z
CVE-2018-0167,2022-03-03T00:00:00Z,2022-03-03T00:00:00Z,2026-09-25T18:38:58.428Z
CVE-2018-0171,2021-11-03T00:00:00Z,2021-11-03T00:00:00Z,2026-09-25T18:38:58.428Z
CVE-2018-0172,2022-03-03T00:00:00Z,2022-03-03T00:00:00Z,2026-09-25T18:38:58.428Z
CVE-2018-0173,2022-03-03T00:00:00Z,2022-03-03T00:00:00Z,2026-09-25T18:38:58.428Z
CVE-2018-0174,2022-03-03T00:00:00Z,2022-03-03T00:00:00Z,2026-09-25T18:38:58.428Z
CVE-2018-0175,2022-03-03T00:00:00Z,2022-03-03T00:00:00Z,2026-09-25T18:38:58.428Z
CVE-2018-0179,2022-03-03T00:00:00Z,2022-03-03T00:00:00Z,2026-09-25T18:38:58.428Z
CVE-2018-0180,2022-03-03T00:00:00Z,2022-03-03T00:00:00Z,2026-09-25T18:38:58.428Z
CVE-2018-0824,2024-08-01T00:00:00Z,2024-08-05T00:00:00Z,2026-09-25T18:38:58.428Z
CVE-2018-1000001,2022-01-26T00:00:00Z,,2026-09-25T18:38:58.428Z
CVE-2018-1000130,2024-01-03T00:00:00Z,,2026-09-25T18:38:58.428Z
CVE-2018-1000600,2024-09-19T00:00:00Z,,2026-09-25T18:38:58.428Z
CVE-2018-10661,2025-12-08T00:00:00Z,,2026-09-25T18:38:58.428Z
CVE-2018-10735,2026-09-14T00:00:00Z,,2026-09-25T18:38:58.428Z
CVE-2018-10736,2026-09-14T00:00:00Z,,2026-09-25T18:38:58.428Z
CVE-2018-10737,2023-11-14T00:00:00Z,,2026-09-25T18:38:58.428Z
CVE-2018-10942,2024-06-28T00:00:00Z,,2026-09-25T18:38:58.428Z
CVE-2018-10957,2025-10-09T00:00:00Z,,2026-09-25T18:38:58.428Z
CVE-2018-11222,2023-11-26T00:00:00Z,,2026-09-25T18:38:58.428Z
CVE-2018-11409,2023-11-26T00:00:00Z,,2026-09-25T18:38:58.428Z
CVE-2018-11686,2023-11-14T00:00:00Z,,2026-09-25T18:38:58.428Z
CVE-2018-11714,2025-10-09T00:00:00Z,,2026-09-25T18:38:58.428Z
CVE-2018-11759,2023-12-19T00:00:00Z,,2026-09-25T18:38:58.428Z
CVE-2018-11763,2022-02-22T00:00:00Z,,2026-09-25T18:38:58.428Z
CVE-2018-11770,2026-01-31T00:00:00Z,,2026-09-25T18:38:58.428Z
CVE-2018-12031,2023-11-26T00:00:00Z,,2026-09-25T18:38:58.428Z
CVE-2018-1207,2024-04-15T00:00:00Z,,2026-09-25T18:38:58.428Z
CVE-2018-1217,2025-02-11T00:00:00Z,,2026-09-25T18:38:58.428Z
CVE-2018-12296,2024-01-03T00:00:00Z,,2026-09-25T18:38:58.428Z
CVE-2018-12613,2022-12-06T00:00:00Z,,2026-09-25T18:38:58.428Z
CVE-2018-12998,2025-06-11T00:00:00Z,,2026-09-25T18:38:58.428Z
CVE-2018-1303,2022-02-22T00:00:00Z,,2026-09-25T18:38:58.428Z
CVE-2018-13307,2024-05-22T00:00:00Z,,2026-09-25T18:38:58.428Z
CVE-2018-13315,2024-02-05T00:00:00Z,,2026-09-25T18:38:58.428Z
CVE-2018-13317,2025-12-15T00:00:00Z,,2026-09-25T18:38:58.428Z
CVE-2018-1335,2023-12-05T00:00:00Z,,2026-09-25T18:38:58.428Z
CVE-2018-13350,2025-07-21T00:00:00Z,,2026-09-25T18:38:58.428Z
CVE-2018-13980,2026-09-21T00:00:00Z,,2026-09-25T18:38:58.428Z
CVE-2018-14013,2026-08-06T00:00:00Z,,2026-09-25T18:38:58.428Z
CVE-2018-14028,2026-04-15T00:00:00Z,,2026-09-25T18:38:58.428Z
CVE-2018-14634,2026-01-26T00:00:00Z,2026-01-26T00:00:00Z,2026-09-25T18:38:58.428Z
CVE-2018-14667,2023-09-28T00:00:00Z,2023-09-28T00:00:00Z,2026-09-25T18:38:58.428Z
CVE-2018-14839,2022-03-25T00:00:00Z,2022-03-25T00:00:00Z,2026-09-25T18:38:58.428Z
CVE-2018-14912,2023-11-26T00:00:00Z,,2026-09-25T18:38:58.428Z
CVE-2018-14918,2023-11-26T00:00:00Z,,2026-09-25T18:38:58.428Z
CVE-2018-15133,2023-03-17T00:00:00Z,2024-01-16T00:00:00Z,2026-09-25T18:38:58.428Z
CVE-2018-15138,2023-11-26T00:00:00Z,,2026-09-25T18:38:58.428Z
CVE-2018-15517,2024-01-04T00:00:00Z,,2026-09-25T18:38:58.428Z
CVE-2018-15811,2021-11-03T00:00:00Z,2021-11-03T00:00:00Z,2026-09-25T18:38:58.428Z
CVE-2018-15961,2021-11-03T00:00:00Z,2021-11-03T00:00:00Z,2026-09-25T18:38:58.428Z
CVE-2018-16059,2024-01-22T00:00:00Z,,2026-09-25T18:38:58.428Z
CVE-2018-16159,2023-11-26T00:00:00Z,,2026-09-25T18:38:58.428Z
CVE-2018-16167,2024-04-15T00:00:00Z,,2026-09-25T18:38:58.428Z
CVE-2018-16509,2024-05-10T00:00:00Z,,2026-09-25T18:38:58.428Z
CVE-2018-16670,2025-06-09T00:00:00Z,,2026-09-25T18:38:58.428Z
CVE-2018-16752,2024-01-03T00:00:00Z,,2026-09-25T18:38:58.428Z
CVE-2018-16763,2022-05-26T00:00:00Z,,2026-09-25T18:38:58.428Z
CVE-2018-16836,2025-06-07T00:00:00Z,,2026-09-25T18:38:58.428Z
CVE-2018-17207,2023-02-01T00:00:00Z,,2026-09-25T18:38:58.428Z
CVE-2018-17246,2023-11-13T00:00:00Z,,2026-09-25T18:38:58.428Z
CVE-2018-17254,2025-09-14T00:00:00Z,,2026-09-25T18:38:58.428Z
CVE-2018-17283,2024-01-06T00:00:00Z,,2026-09-25T18:38:58.428Z
CVE-2018-17431,2024-04-15T00:00:00Z,,2026-09-25T18:38:58.428Z
CVE-2018-17532,2023-12-31T00:00:00Z,,2026-09-25T18:38:58.428Z
CVE-2018-18084,2026-09-11T00:00:00Z,,2026-09-25T18:38:58.428Z
CVE-2018-18325,2021-11-03T00:00:00Z,2021-11-03T00:00:00Z,2026-09-25T18:38:58.428Z
CVE-2018-18775,2024-09-19T00:00:00Z,,2026-09-25T18:38:58.428Z
CVE-2018-18809,2022-12-29T00:00:00Z,2022-12-29T00:00:00Z,2026-09-25T18:38:58.428Z
CVE-2018-1932,2023-02-14T00:00:00Z,,2026-09-25T18:38:58.428Z
CVE-2018-19321,2022-10-24T00:00:00Z,2022-10-24T00:00:00Z,2026-09-25T18:38:58.428Z
CVE-2018-19322,2022-10-24T00:00:00Z,2022-10-24T00:00:00Z,2026-09-25T18:38:58.428Z
CVE-2018-19323,2022-10-24T00:00:00Z,2022-10-24T00:00:00Z,2026-09-25T18:38:58.428Z
CVE-2018-19365,2023-11-26T00:00:00Z,,2026-09-25T18:38:58.428Z
CVE-2018-19410,2025-02-04T00:00:00Z,2025-02-04T00:00:00Z,2026-09-25T18:38:58.428Z
CVE-2018-19518,2023-02-14T00:00:00Z,,2026-09-25T18:38:58.428Z
CVE-2018-19629,2024-05-07T00:00:00Z,,2026-09-25T18:38:58.428Z
CVE-2018-19943,2022-01-26T00:00:00Z,2022-05-24T00:00:00Z,2026-09-25T18:38:58.428Z
CVE-2018-19953,2022-01-26T00:00:00Z,2022-05-24T00:00:00Z,2026-09-25T18:38:58.428Z
CVE-2018-20057,2022-12-21T00:00:00Z,,2026-09-25T18:38:58.428Z
CVE-2018-20122,2023-07-05T00:00:00Z,,2026-09-25T18:38:58.428Z
CVE-2018-20334,2024-10-12T00:00:00Z,,2026-09-25T18:38:58.428Z
CVE-2018-20463,2024-09-19T00:00:00Z,,2026-09-25T18:38:58.428Z
CVE-2018-20470,2023-12-28T00:00:00Z,,2026-09-25T18:38:58.428Z
CVE-2018-20526,2025-05-27T00:00:00Z,,2026-09-25T18:38:58.428Z
CVE-2018-2392,2025-06-07T00:00:00Z,,2026-09-25T18:38:58.428Z
CVE-2018-25105,2024-10-15T00:00:00Z,,2026-09-25T18:38:58.428Z
CVE-2018-25114,2025-11-05T00:00:00Z,,2026-09-25T18:38:58.428Z
CVE-2018-25115,2023-09-06T00:00:00Z,,2026-09-25T18:38:58.428Z
CVE-2018-25118,2025-10-20T00:00:00Z,,2026-09-25T18:38:58.428Z
CVE-2018-25120,2025-10-29T00:00:00Z,,2026-09-25T18:38:58.428Z
CVE-2018-25124,2025-11-10T00:00:00Z,,2026-09-25T18:38:58.428Z
CVE-2018-25270,2026-06-04T00:00:00Z,,2026-09-25T18:38:58.428Z
CVE-2018-2628,2022-09-08T00:00:00Z,2022-09-08T00:00:00Z,2026-09-25T18:38:58.428Z
CVE-2018-3810,2023-11-27T00:00:00Z,,2026-09-25T18:38:58.428Z
CVE-2018-3948,2022-01-12T00:00:00Z,,2026-09-25T18:38:58.428Z
CVE-2018-3949,2022-01-12T00:00:00Z,,2026-09-25T18:38:58.428Z
CVE-2018-4063,2025-12-11T00:00:00Z,2025-12-12T00:00:00Z,2026-09-25T18:38:58.428Z
CVE-2018-4233,2024-05-29T00:00:00Z,,2026-09-25T18:38:58.428Z
CVE-2018-4237,2025-07-30T00:00:00Z,,2026-09-25T18:38:58.428Z
CVE-2018-4312,2024-05-06T00:00:00Z,,2026-09-25T18:38:58.428Z
CVE-2018-4344,2022-06-23T00:00:00Z,2022-06-27T00:00:00Z,2026-09-25T18:38:58.428Z
CVE-2018-4386,2024-05-06T00:00:00Z,,2026-09-25T18:38:58.428Z
CVE-2018-4404,2024-05-29T00:00:00Z,,2026-09-25T18:38:58.428Z
CVE-2018-4443,2024-05-06T00:00:00Z,,2026-09-25T18:38:58.428Z
CVE-2018-5019,2024-05-06T00:00:00Z,,2026-09-25T18:38:58.428Z
CVE-2018-5430,2022-12-29T00:00:00Z,2022-12-29T00:00:00Z,2026-09-25T18:38:58.428Z
CVE-2018-5713,2023-05-02T00:00:00Z,,2026-09-25T18:38:58.428Z
CVE-2018-5999,2026-05-17T00:00:00Z,,2026-09-25T18:38:58.428Z
CVE-2018-6000,2026-03-11T00:00:00Z,,2026-09-25T18:38:58.428Z
CVE-2018-6055,2022-07-20T00:00:00Z,,2026-09-25T18:38:58.428Z
CVE-2018-6530,2022-09-06T00:00:00Z,2022-09-08T00:00:00Z,2026-09-25T18:38:58.428Z
CVE-2018-6882,2022-04-14T00:00:00Z,2022-04-19T00:00:00Z,2026-09-25T18:38:58.428Z
CVE-2018-7282,2025-08-19T00:00:00Z,,2026-09-25T18:38:58.428Z
CVE-2018-7700,2023-11-13T00:00:00Z,,2026-09-25T18:38:58.428Z
CVE-2018-8006,2023-12-05T00:00:00Z,,2026-09-25T18:38:58.428Z
CVE-2018-8007,2026-06-30T00:00:00Z,,2026-09-25T18:38:58.428Z
CVE-2018-8011,2022-02-22T00:00:00Z,,2026-09-25T18:38:58.428Z
CVE-2018-8298,2022-03-03T00:00:00Z,2022-03-03T00:00:00Z,2026-09-25T18:38:58.428Z
CVE-2018-8581,2022-03-03T00:00:00Z,2022-03-03T00:00:00Z,2026-09-25T18:38:58.428Z
CVE-2018-9276,2025-02-04T00:00:00Z,2025-02-04T00:00:00Z,2026-09-25T18:38:58.428Z
CVE-2019-0190,2022-02-22T00:00:00Z,,2026-09-25T18:38:58.428Z
CVE-2019-0211,2021-11-03T00:00:00Z,2021-11-03T00:00:00Z,2026-09-25T18:38:58.428Z
CVE-2019-0344,2024-09-30T00:00:00Z,2024-09-30T00:00:00Z,2026-09-25T18:38:58.428Z
CVE-2019-0537,2024-05-06T00:00:00Z,,2026-09-25T18:38:58.428Z
CVE-2019-0541,2021-11-03T00:00:00Z,2021-11-03T00:00:00Z,2026-09-25T18:38:58.428Z
CVE-2019-0543,2022-03-15T00:00:00Z,2022-03-15T00:00:00Z,2026-09-25T18:38:58.428Z
CVE-2019-0623,2023-06-28T00:00:00Z,,2026-09-25T18:38:58.428Z
CVE-2019-0841,2022-03-15T00:00:00Z,2022-03-15T00:00:00Z,2026-09-25T18:38:58.428Z
CVE-2019-0948,2024-05-06T00:00:00Z,,2026-09-25T18:38:58.428Z
CVE-2019-1003001,2024-04-15T00:00:00Z,,2026-09-25T18:38:58.428Z
CVE-2019-10068,2022-03-25T00:00:00Z,2022-03-25T00:00:00Z,2026-09-25T18:38:58.428Z
CVE-2019-10097,2022-02-22T00:00:00Z,,2026-09-25T18:38:58.428Z
CVE-2019-10098,2022-02-22T00:00:00Z,,2026-09-25T18:38:58.428Z
CVE-2019-10232,2025-06-07T00:00:00Z,,2026-09-25T18:38:58.428Z
CVE-2019-1064,2022-03-15T00:00:00Z,2022-03-15T00:00:00Z,2026-09-25T18:38:58.428Z
CVE-2019-10647,2024-11-26T00:00:00Z,,2026-09-25T18:38:58.428Z
CVE-2019-1068,2024-09-04T00:00:00Z,2026-08-26T00:00:00Z,2026-09-25T18:38:58.428Z
CVE-2019-10891,2023-02-01T00:00:00Z,,2026-09-25T18:38:58.428Z
CVE-2019-11001,2024-12-18T00:00:00Z,2024-12-18T00:00:00Z,2026-09-25T18:38:58.428Z
CVE-2019-11248,2023-11-27T00:00:00Z,,2026-09-25T18:38:58.428Z
CVE-2019-1129,2022-03-15T00:00:00Z,2022-03-15T00:00:00Z,2026-09-25T18:38:58.428Z
CVE-2019-1130,2022-03-24T00:00:00Z,2022-05-23T00:00:00Z,2026-09-25T18:38:58.428Z
CVE-2019-11370,2024-01-22T00:00:00Z,,2026-09-25T18:38:58.428Z
CVE-2019-11829,2024-09-18T00:00:00Z,,2026-09-25T18:38:58.428Z
CVE-2019-12168,2024-09-18T00:00:00Z,,2026-09-25T18:38:58.428Z
CVE-2019-12255,2025-06-10T00:00:00Z,,2026-09-25T18:38:58.428Z
CVE-2019-12263,2025-06-10T00:00:00Z,,2026-09-25T18:38:58.428Z
CVE-2019-12276,2023-11-26T00:00:00Z,,2026-09-25T18:38:58.428Z
CVE-2019-12314,2026-03-12T00:00:00Z,,2026-09-25T18:38:58.428Z
CVE-2019-1253,2022-03-15T00:00:00Z,2022-03-15T00:00:00Z,2026-09-25T18:38:58.428Z
CVE-2019-12593,2023-11-26T00:00:00Z,,2026-09-25T18:38:58.428Z
CVE-2019-1297,2022-03-03T00:00:00Z,2022-03-03T00:00:00Z,2026-09-25T18:38:58.428Z
CVE-2019-12985,2023-12-05T00:00:00Z,,2026-09-25T18:38:58.428Z
CVE-2019-12986,2023-12-05T00:00:00Z,,2026-09-25T18:38:58.428Z
CVE-2019-12987,2023-12-05T00:00:00Z,,2026-09-25T18:38:58.428Z
CVE-2019-12988,2023-10-31T00:00:00Z,,2026-09-25T18:38:58.428Z
CVE-2019-12990,2023-11-26T00:00:00Z,,2026-09-25T18:38:58.428Z
CVE-2019-13101,2025-08-19T00:00:00Z,,2026-09-25T18:38:58.428Z
CVE-2019-1315,2022-03-15T00:00:00Z,2022-03-15T00:00:00Z,2026-09-25T18:38:58.428Z
CVE-2019-13272,2021-12-10T00:00:00Z,2021-12-10T00:00:00Z,2026-09-25T18:38:58.428Z
CVE-2019-13396,2026-05-11T00:00:00Z,,2026-09-25T18:38:58.428Z
CVE-2019-13462,2025-01-22T00:00:00Z,,2026-09-25T18:38:58.428Z
CVE-2019-1385,2022-03-24T00:00:00Z,2022-05-23T00:00:00Z,2026-09-25T18:38:58.428Z
CVE-2019-1388,2022-03-24T00:00:00Z,2023-04-07T00:00:00Z,2026-09-25T18:38:58.428Z
CVE-2019-14223,2024-01-22T00:00:00Z,,2026-09-25T18:38:58.428Z
CVE-2019-14251,2024-01-14T00:00:00Z,,2026-09-25T18:38:58.428Z
CVE-2019-15271,2022-06-07T00:00:00Z,2022-06-08T00:00:00Z,2026-09-25T18:38:58.428Z
CVE-2019-15637,2024-07-25T00:00:00Z,,2026-09-25T18:38:58.428Z
CVE-2019-15642,2024-01-17T00:00:00Z,,2026-09-25T18:38:58.428Z
CVE-2019-15752,2021-11-03T00:00:00Z,2021-11-03T00:00:00Z,2026-09-25T18:38:58.428Z
CVE-2019-15846,2024-02-08T00:00:00Z,,2026-09-25T18:38:58.428Z
CVE-2019-15949,2021-11-03T00:00:00Z,2021-11-03T00:00:00Z,2026-09-25T18:38:58.428Z
CVE-2019-16098,2022-10-04T00:00:00Z,,2026-09-25T18:38:58.428Z
CVE-2019-16256,2021-11-03T00:00:00Z,2021-11-03T00:00:00Z,2026-09-25T18:38:58.428Z
CVE-2019-16647,2022-01-26T00:00:00Z,,2026-09-25T18:38:58.428Z
CVE-2019-16928,2022-03-03T00:00:00Z,2022-03-03T00:00:00Z,2026-09-25T18:38:58.428Z
CVE-2019-16932,2023-12-11T00:00:00Z,,2026-09-25T18:38:58.428Z
CVE-2019-16996,2025-06-08T00:00:00Z,,2026-09-25T18:38:58.428Z
CVE-2019-17050,2025-04-29T00:00:00Z,,2026-09-25T18:38:58.428Z
CVE-2019-17228,2022-12-05T00:00:00Z,,2026-09-25T18:38:58.428Z
CVE-2019-17232,2022-12-30T00:00:00Z,,2026-09-25T18:38:58.428Z
CVE-2019-17233,2022-12-30T00:00:00Z,,2026-09-25T18:38:58.428Z
CVE-2019-17503,2023-11-26T00:00:00Z,,2026-09-25T18:38:58.428Z
CVE-2019-17506,2023-11-17T00:00:00Z,,2026-09-25T18:38:58.428Z
CVE-2019-17538,2025-06-08T00:00:00Z,,2026-09-25T18:38:58.428Z
CVE-2019-17558,2021-11-03T00:00:00Z,2021-11-03T00:00:00Z,2026-09-25T18:38:58.428Z
CVE-2019-17564,2024-05-10T00:00:00Z,,2026-09-25T18:38:58.428Z
CVE-2019-17574,2025-06-23T00:00:00Z,,2026-09-25T18:38:58.428Z
CVE-2019-17621,2023-06-22T00:00:00Z,2023-06-29T00:00:00Z,2026-09-25T18:38:58.428Z
CVE-2019-1821,2023-11-15T00:00:00Z,,2026-09-25T18:38:58.428Z
CVE-2019-18371,2025-01-02T00:00:00Z,,2026-09-25T18:38:58.428Z
CVE-2019-18393,2024-04-08T00:00:00Z,,2026-09-25T18:38:58.428Z
CVE-2019-18394,2023-11-14T00:00:00Z,,2026-09-25T18:38:58.428Z
CVE-2019-18426,2022-04-12T00:00:00Z,2022-05-23T00:00:00Z,2026-09-25T18:38:58.428Z
CVE-2019-18818,2023-03-21T00:00:00Z,,2026-09-25T18:38:58.428Z
CVE-2019-18952,2022-01-12T00:00:00Z,,2026-09-25T18:38:58.428Z
CVE-2019-18988,2021-11-03T00:00:00Z,2021-11-03T00:00:00Z,2026-09-25T18:38:58.428Z
CVE-2019-19492,2026-03-11T00:00:00Z,,2026-09-25T18:38:58.428Z
CVE-2019-19609,2023-03-21T00:00:00Z,,2026-09-25T18:38:58.428Z
CVE-2019-19824,2021-11-11T00:00:00Z,,2026-09-25T18:38:58.428Z
CVE-2019-19825,2024-02-23T00:00:00Z,,2026-09-25T18:38:58.428Z
CVE-2019-20074,2025-05-09T00:00:00Z,,2026-09-25T18:38:58.428Z
CVE-2019-20085,2021-11-03T00:00:00Z,2021-11-03T00:00:00Z,2026-09-25T18:38:58.428Z
CVE-2019-20500,2023-06-22T00:00:00Z,2023-06-29T00:00:00Z,2026-09-25T18:38:58.428Z
CVE-2019-20504,2024-06-29T00:00:00Z,,2026-09-25T18:38:58.428Z
CVE-2019-20933,2023-11-29T00:00:00Z,,2026-09-25T18:38:58.428Z
CVE-2019-25065,2024-01-13T00:00:00Z,,2026-09-25T18:38:58.428Z
CVE-2019-25213,2024-10-15T00:00:00Z,,2026-09-25T18:38:58.428Z
CVE-2019-25214,2024-10-15T00:00:00Z,,2026-09-25T18:38:58.428Z
CVE-2019-25215,2024-10-15T00:00:00Z,,2026-09-25T18:38:58.428Z
CVE-2019-25217,2024-10-15T00:00:00Z,,2026-09-25T18:38:58.428Z
CVE-2019-25714,2026-04-21T00:00:00Z,,2026-09-25T18:38:58.428Z
CVE-2019-25765,2026-08-13T00:00:00Z,,2026-09-25T18:38:58.428Z
CVE-2019-25776,2022-07-28T00:00:00Z,,2026-09-25T18:38:58.428Z
CVE-2019-2588,2024-01-22T00:00:00Z,,2026-09-25T18:38:58.428Z
CVE-2019-2616,2022-03-25T00:00:00Z,2022-03-25T00:00:00Z,2026-09-25T18:38:58.428Z
CVE-2019-2618,2024-05-22T00:00:00Z,,2026-09-25T18:38:58.428Z
CVE-2019-2767,2024-09-19T00:00:00Z,,2026-09-25T18:38:58.428Z
CVE-2019-2768,2024-01-22T00:00:00Z,,2026-09-25T18:38:58.428Z
CVE-2019-3010,2022-05-25T00:00:00Z,2022-05-25T00:00:00Z,2026-09-25T18:38:58.428Z
CVE-2019-3398,2021-11-03T00:00:00Z,2021-11-03T00:00:00Z,2026-09-25T18:38:58.428Z
CVE-2019-3495,2025-07-21T00:00:00Z,,2026-09-25T18:38:58.428Z
CVE-2019-3914,2024-08-28T00:00:00Z,,2026-09-25T18:38:58.428Z
CVE-2019-3980,2025-01-28T00:00:00Z,,2026-09-25T18:38:58.428Z
CVE-2019-4061,2024-04-08T00:00:00Z,,2026-09-25T18:38:58.428Z
CVE-2019-4716,2021-11-03T00:00:00Z,2021-11-03T00:00:00Z,2026-09-25T18:38:58.428Z
CVE-2019-5039,2022-01-26T00:00:00Z,,2026-09-25T18:38:58.428Z
CVE-2019-5127,2023-11-13T00:00:00Z,,2026-09-25T18:38:58.428Z
CVE-2019-5128,2023-11-15T00:00:00Z,,2026-09-25T18:38:58.428Z
CVE-2019-5129,2023-11-14T00:00:00Z,,2026-09-25T18:38:58.428Z
CVE-2019-5418,2025-07-07T00:00:00Z,2025-07-07T00:00:00Z,2026-09-25T18:38:58.428Z
CVE-2019-5434,2026-03-09T00:00:00Z,,2026-09-25T18:38:58.428Z
CVE-2019-5526,2023-06-22T00:00:00Z,,2026-09-25T18:38:58.428Z
CVE-2019-5736,2022-08-25T00:00:00Z,,2026-09-25T18:38:58.428Z
CVE-2019-5782,2024-02-02T00:00:00Z,,2026-09-25T18:38:58.428Z
CVE-2019-5840,2023-09-27T00:00:00Z,,2026-09-25T18:38:58.428Z
CVE-2019-6443,2025-10-20T00:00:00Z,,2026-09-25T18:38:58.428Z
CVE-2019-6693,2023-08-23T00:00:00Z,2025-06-25T00:00:00Z,2026-09-25T18:38:58.428Z
CVE-2019-6814,2024-01-13T00:00:00Z,,2026-09-25T18:38:58.428Z
CVE-2019-7193,2022-01-26T00:00:00Z,2022-06-08T00:00:00Z,2026-09-25T18:38:58.428Z
CVE-2019-7254,2023-11-13T00:00:00Z,,2026-09-25T18:38:58.428Z
CVE-2019-7481,2021-11-03T00:00:00Z,2021-11-03T00:00:00Z,2026-09-25T18:38:58.428Z
CVE-2019-7483,2022-03-28T00:00:00Z,2022-03-28T00:00:00Z,2026-09-25T18:38:58.428Z
CVE-2019-7580,2023-07-05T00:00:00Z,,2026-09-25T18:38:58.428Z
CVE-2019-8318,2025-06-07T00:00:00Z,,2026-09-25T18:38:58.428Z
CVE-2019-8387,2023-12-13T00:00:00Z,,2026-09-25T18:38:58.428Z
CVE-2019-8442,2023-11-17T00:00:00Z,,2026-09-25T18:38:58.428Z
CVE-2019-8446,2024-01-22T00:00:00Z,,2026-09-25T18:38:58.428Z
CVE-2019-8451,2023-12-06T00:00:00Z,,2026-09-25T18:38:58.428Z
CVE-2019-8526,2022-01-25T00:00:00Z,2023-04-17T00:00:00Z,2026-09-25T18:38:58.428Z
CVE-2019-8605,2022-06-23T00:00:00Z,2022-06-27T00:00:00Z,2026-09-25T18:38:58.428Z
CVE-2019-8646,2022-05-18T00:00:00Z,,2026-09-25T18:38:58.428Z
CVE-2019-8720,2022-05-23T00:00:00Z,2022-05-23T00:00:00Z,2026-09-25T18:38:58.428Z
CVE-2019-8982,2024-09-19T00:00:00Z,,2026-09-25T18:38:58.428Z
CVE-2019-9546,2022-01-26T00:00:00Z,,2026-09-25T18:38:58.428Z
CVE-2019-9621,2023-09-18T00:00:00Z,2025-07-07T00:00:00Z,2026-09-25T18:38:58.428Z
CVE-2019-9733,2023-11-26T00:00:00Z,,2026-09-25T18:38:58.428Z
CVE-2019-9762,2024-04-21T00:00:00Z,,2026-09-25T18:38:58.428Z
CVE-2019-9810,2022-11-08T00:00:00Z,,2026-09-25T18:38:58.428Z
CVE-2019-9874,2025-03-26T00:00:00Z,2025-03-26T00:00:00Z,2026-09-25T18:38:58.428Z
CVE-2019-9875,2025-03-26T00:00:00Z,2025-03-26T00:00:00Z,2026-09-25T18:38:58.428Z
CVE-2020-0618,2023-06-05T00:00:00Z,2024-09-18T00:00:00Z,2026-09-25T18:38:58.428Z
CVE-2020-0638,2022-03-24T00:00:00Z,2022-05-23T00:00:00Z,2026-09-25T18:38:58.428Z
CVE-2020-0646,2021-11-03T00:00:00Z,2021-11-03T00:00:00Z,2026-09-25T18:38:58.428Z
CVE-2020-0683,2021-11-03T00:00:00Z,2021-11-03T00:00:00Z,2026-09-25T18:38:58.428Z
CVE-2020-0878,2021-11-03T00:00:00Z,2021-11-03T00:00:00Z,2026-09-25T18:38:58.428Z
CVE-2020-1013,2026-07-30T00:00:00Z,,2026-09-25T18:38:58.428Z
CVE-2020-10181,2021-11-03T00:00:00Z,2021-11-03T00:00:00Z,2026-09-25T18:38:58.428Z
CVE-2020-10199,2021-11-03T00:00:00Z,2021-11-03T00:00:00Z,2026-09-25T18:38:58.428Z
CVE-2020-10215,2024-08-28T00:00:00Z,,2026-09-25T18:38:58.428Z
CVE-2020-10221,2021-11-03T00:00:00Z,2021-11-03T00:00:00Z,2026-09-25T18:38:58.428Z
CVE-2020-1048,2025-08-20T00:00:00Z,,2026-09-25T18:38:58.428Z
CVE-2020-10546,2023-11-13T00:00:00Z,,2026-09-25T18:38:58.428Z
CVE-2020-10548,2023-11-17T00:00:00Z,,2026-09-25T18:38:58.428Z
CVE-2020-10650,2025-06-23T00:00:00Z,,2026-09-25T18:38:58.428Z
CVE-2020-1066,2025-12-08T00:00:00Z,,2026-09-25T18:38:58.428Z
CVE-2020-10684,2024-05-10T00:00:00Z,,2026-09-25T18:38:58.428Z
CVE-2020-10770,2024-01-22T00:00:00Z,,2026-09-25T18:38:58.428Z
CVE-2020-10826,2022-01-12T00:00:00Z,,2026-09-25T18:38:58.428Z
CVE-2020-10827,2022-01-12T00:00:00Z,,2026-09-25T18:38:58.428Z
CVE-2020-10828,2022-01-12T00:00:00Z,,2026-09-25T18:38:58.428Z
CVE-2020-11455,2023-11-25T00:00:00Z,,2026-09-25T18:38:58.428Z
CVE-2020-1147,2021-11-03T00:00:00Z,2021-11-03T00:00:00Z,2026-09-25T18:38:58.428Z
CVE-2020-11514,2023-07-19T00:00:00Z,,2026-09-25T18:38:58.428Z
CVE-2020-11515,2023-01-30T00:00:00Z,,2026-09-25T18:38:58.428Z
CVE-2020-11530,2024-04-27T00:00:00Z,,2026-09-25T18:38:58.428Z
CVE-2020-11546,2023-11-22T00:00:00Z,,2026-09-25T18:38:58.428Z
CVE-2020-11625,2024-07-16T00:00:00Z,,2026-09-25T18:38:58.428Z
CVE-2020-11798,2024-01-22T00:00:00Z,,2026-09-25T18:38:58.428Z
CVE-2020-11854,2024-01-13T00:00:00Z,,2026-09-25T18:38:58.428Z
CVE-2020-11899,2022-03-03T00:00:00Z,2022-03-03T00:00:00Z,2026-09-25T18:38:58.428Z
CVE-2020-11900,2024-10-22T00:00:00Z,,2026-09-25T18:38:58.428Z
CVE-2020-11963,2026-01-23T00:00:00Z,,2026-09-25T18:38:58.428Z
CVE-2020-11978,2022-01-18T00:00:00Z,2022-01-18T00:00:00Z,2026-09-25T18:38:58.428Z
CVE-2020-11984,2022-02-22T00:00:00Z,,2026-09-25T18:38:58.428Z
CVE-2020-11991,2023-11-25T00:00:00Z,,2026-09-25T18:38:58.428Z
CVE-2020-1206,2023-12-20T00:00:00Z,,2026-09-25T18:38:58.428Z
CVE-2020-12075,2022-12-05T00:00:00Z,,2026-09-25T18:38:58.428Z
CVE-2020-1210,2023-02-14T00:00:00Z,,2026-09-25T18:38:58.428Z
CVE-2020-12124,2024-03-30T00:00:00Z,,2026-09-25T18:38:58.428Z
CVE-2020-12641,2023-06-20T00:00:00Z,2023-06-22T00:00:00Z,2026-09-25T18:38:58.428Z
CVE-2020-12832,2023-12-02T00:00:00Z,,2026-09-25T18:38:58.428Z
CVE-2020-13117,2023-12-11T00:00:00Z,,2026-09-25T18:38:58.428Z
CVE-2020-13158,2024-01-02T00:00:00Z,,2026-09-25T18:38:58.428Z
CVE-2020-13167,2023-12-11T00:00:00Z,,2026-09-25T18:38:58.428Z
CVE-2020-13379,2024-03-07T00:00:00Z,,2026-09-25T18:38:58.428Z
CVE-2020-13483,2023-11-15T00:00:00Z,,2026-09-25T18:38:58.428Z
CVE-2020-13638,2023-12-19T00:00:00Z,,2026-09-25T18:38:58.428Z
CVE-2020-1375,2024-05-09T00:00:00Z,,2026-09-25T18:38:58.428Z
CVE-2020-13756,2022-01-12T00:00:00Z,,2026-09-25T18:38:58.428Z
CVE-2020-13851,2026-04-08T00:00:00Z,,2026-09-25T18:38:58.428Z
CVE-2020-13927,2022-01-18T00:00:00Z,2022-01-18T00:00:00Z,2026-09-25T18:38:58.428Z
CVE-2020-13965,2024-06-26T00:00:00Z,2024-06-26T00:00:00Z,2026-09-25T18:38:58.428Z
CVE-2020-14080,2026-03-11T00:00:00Z,,2026-09-25T18:38:58.428Z
CVE-2020-14644,2024-09-18T00:00:00Z,2024-09-18T00:00:00Z,2026-09-25T18:38:58.428Z
CVE-2020-14756,2024-11-20T00:00:00Z,,2026-09-25T18:38:58.428Z
CVE-2020-14864,2022-01-18T00:00:00Z,2022-01-18T00:00:00Z,2026-09-25T18:38:58.428Z
CVE-2020-14883,2021-11-03T00:00:00Z,2021-11-03T00:00:00Z,2026-09-25T18:38:58.428Z
CVE-2020-14979,2024-11-06T00:00:00Z,,2026-09-25T18:38:58.428Z
CVE-2020-14993,2025-08-22T00:00:00Z,,2026-09-25T18:38:58.428Z
CVE-2020-15069,2024-10-31T00:00:00Z,2025-02-06T00:00:00Z,2026-09-25T18:38:58.428Z
CVE-2020-15368,2022-04-13T00:00:00Z,,2026-09-25T18:38:58.428Z
CVE-2020-15415,2023-02-15T00:00:00Z,2024-09-30T00:00:00Z,2026-09-25T18:38:58.428Z
CVE-2020-15916,2024-02-22T00:00:00Z,,2026-09-25T18:38:58.428Z
CVE-2020-15920,2023-12-25T00:00:00Z,,2026-09-25T18:38:58.428Z
CVE-2020-1599,2022-11-14T00:00:00Z,,2026-09-25T18:38:58.428Z
CVE-2020-15994,2024-05-06T00:00:00Z,,2026-09-25T18:38:58.428Z
CVE-2020-16040,2026-01-26T00:00:00Z,,2026-09-25T18:38:58.428Z
CVE-2020-16139,2025-06-08T00:00:00Z,,2026-09-25T18:38:58.428Z
CVE-2020-16875,2022-10-21T00:00:00Z,,2026-09-25T18:38:58.428Z
CVE-2020-17103,2026-05-19T00:00:00Z,,2026-09-25T18:38:58.428Z
CVE-2020-17144,2021-11-03T00:00:00Z,2021-11-03T00:00:00Z,2026-09-25T18:38:58.428Z
CVE-2020-17453,2023-11-13T00:00:00Z,,2026-09-25T18:38:58.428Z
CVE-2020-17456,2022-04-12T00:00:00Z,,2026-09-25T18:38:58.428Z
CVE-2020-17505,2024-01-22T00:00:00Z,,2026-09-25T18:38:58.428Z
CVE-2020-17506,2023-12-01T00:00:00Z,,2026-09-25T18:38:58.428Z
CVE-2020-17518,2023-11-25T00:00:00Z,,2026-09-25T18:38:58.428Z
CVE-2020-19363,2026-02-11T00:00:00Z,,2026-09-25T18:38:58.428Z
CVE-2020-1943,2023-12-05T00:00:00Z,,2026-09-25T18:38:58.428Z
CVE-2020-19625,2023-11-27T00:00:00Z,,2026-09-25T18:38:58.428Z
CVE-2020-20300,2025-06-07T00:00:00Z,,2026-09-25T18:38:58.428Z
CVE-2020-2034,2025-07-31T00:00:00Z,,2026-09-25T18:38:58.428Z
CVE-2020-20601,2025-11-05T00:00:00Z,,2026-09-25T18:38:58.428Z
CVE-2020-20627,2023-02-02T00:00:00Z,,2026-09-25T18:38:58.428Z
CVE-2020-2096,2025-06-07T00:00:00Z,,2026-09-25T18:38:58.428Z
CVE-2020-21650,2023-11-13T00:00:00Z,,2026-09-25T18:38:58.428Z
CVE-2020-22165,2023-11-13T00:00:00Z,,2026-09-25T18:38:58.428Z
CVE-2020-22208,2025-06-08T00:00:00Z,,2026-09-25T18:38:58.428Z
CVE-2020-22211,2024-09-19T00:00:00Z,,2026-09-25T18:38:58.428Z
CVE-2020-22623,2025-11-10T00:00:00Z,,2026-09-25T18:38:58.428Z
CVE-2020-22653,2026-07-07T00:00:00Z,,2026-09-25T18:38:58.428Z
CVE-2020-22658,2026-07-07T00:00:00Z,,2026-09-25T18:38:58.428Z
CVE-2020-23575,2023-11-13T00:00:00Z,,2026-09-25T18:38:58.428Z
CVE-2020-23814,2024-05-10T00:00:00Z,,2026-09-25T18:38:58.428Z
CVE-2020-24219,2026-02-04T00:00:00Z,,2026-09-25T18:38:58.428Z
CVE-2020-24363,2025-09-02T00:00:00Z,2025-09-02T00:00:00Z,2026-09-25T18:38:58.428Z
CVE-2020-24589,2024-01-22T00:00:00Z,,2026-09-25T18:38:58.428Z
CVE-2020-24901,2025-02-26T00:00:00Z,,2026-09-25T18:38:58.428Z
CVE-2020-24914,2024-01-22T00:00:00Z,,2026-09-25T18:38:58.428Z
CVE-2020-25079,2025-08-05T00:00:00Z,2025-08-05T00:00:00Z,2026-09-25T18:38:58.428Z
CVE-2020-2509,2022-04-11T00:00:00Z,2022-04-11T00:00:00Z,2026-09-25T18:38:58.428Z
CVE-2020-25206,2024-12-16T00:00:00Z,,2026-09-25T18:38:58.428Z
CVE-2020-25223,2022-03-25T00:00:00Z,2022-03-25T00:00:00Z,2026-09-25T18:38:58.428Z
CVE-2020-25499,2024-01-03T00:00:00Z,,2026-09-25T18:38:58.428Z
CVE-2020-2551,2023-06-02T00:00:00Z,2023-11-16T00:00:00Z,2026-09-25T18:38:58.428Z
CVE-2020-25540,2024-07-21T00:00:00Z,,2026-09-25T18:38:58.428Z
CVE-2020-26073,2024-01-05T00:00:00Z,,2026-09-25T18:38:58.428Z
CVE-2020-26836,2026-01-14T00:00:00Z,,2026-09-25T18:38:58.428Z
CVE-2020-26878,2022-06-28T00:00:00Z,,2026-09-25T18:38:58.428Z
CVE-2020-26879,2022-06-28T00:00:00Z,,2026-09-25T18:38:58.428Z
CVE-2020-26948,2025-11-18T00:00:00Z,,2026-09-25T18:38:58.428Z
CVE-2020-27387,2025-07-13T00:00:00Z,,2026-09-25T18:38:58.428Z
CVE-2020-27866,2025-12-14T00:00:00Z,,2026-09-25T18:38:58.428Z
CVE-2020-27867,2025-10-09T00:00:00Z,,2026-09-25T18:38:58.428Z
CVE-2020-27982,2024-09-19T00:00:00Z,,2026-09-25T18:38:58.428Z
CVE-2020-27986,2023-11-13T00:00:00Z,,2026-09-25T18:38:58.428Z
CVE-2020-28185,2023-11-20T00:00:00Z,,2026-09-25T18:38:58.428Z
CVE-2020-28653,2025-10-28T00:00:00Z,,2026-09-25T18:38:58.428Z
CVE-2020-28949,2022-08-25T00:00:00Z,2022-08-25T00:00:00Z,2026-09-25T18:38:58.428Z
CVE-2020-29390,2025-06-08T00:00:00Z,,2026-09-25T18:38:58.428Z
CVE-2020-29574,2024-10-31T00:00:00Z,2025-02-06T00:00:00Z,2026-09-25T18:38:58.428Z
CVE-2020-29583,2021-11-03T00:00:00Z,2021-11-03T00:00:00Z,2026-09-25T18:38:58.428Z
CVE-2020-29597,2023-12-25T00:00:00Z,,2026-09-25T18:38:58.428Z
CVE-2020-3153,2022-10-20T00:00:00Z,2022-10-24T00:00:00Z,2026-09-25T18:38:58.428Z
CVE-2020-3161,2021-11-03T00:00:00Z,2021-11-03T00:00:00Z,2026-09-25T18:38:58.428Z
CVE-2020-3187,2025-05-22T00:00:00Z,,2026-09-25T18:38:58.428Z
CVE-2020-3259,2024-01-29T00:00:00Z,2024-02-15T00:00:00Z,2026-09-25T18:38:58.428Z
CVE-2020-3433,2022-10-20T00:00:00Z,2022-10-24T00:00:00Z,2026-09-25T18:38:58.428Z
CVE-2020-3451,2024-09-18T00:00:00Z,,2026-09-25T18:38:58.428Z
CVE-2020-3452,2021-11-03T00:00:00Z,2021-11-03T00:00:00Z,2026-09-25T18:38:58.428Z
CVE-2020-35131,2023-11-13T00:00:00Z,,2026-09-25T18:38:58.428Z
CVE-2020-35235,2024-01-21T00:00:00Z,,2026-09-25T18:38:58.428Z
CVE-2020-3529,2025-04-23T00:00:00Z,,2026-09-25T18:38:58.428Z
CVE-2020-35391,2024-09-18T00:00:00Z,,2026-09-25T18:38:58.428Z
CVE-2020-35476,2024-01-21T00:00:00Z,,2026-09-25T18:38:58.428Z
CVE-2020-35580,2023-11-13T00:00:00Z,,2026-09-25T18:38:58.428Z
CVE-2020-35713,2024-01-22T00:00:00Z,,2026-09-25T18:38:58.428Z
CVE-2020-35714,2025-10-30T00:00:00Z,,2026-09-25T18:38:58.428Z
CVE-2020-35730,2023-06-20T00:00:00Z,2023-06-22T00:00:00Z,2026-09-25T18:38:58.428Z
CVE-2020-3580,2021-11-03T00:00:00Z,2021-11-03T00:00:00Z,2026-09-25T18:38:58.428Z
CVE-2020-36112,2023-12-21T00:00:00Z,,2026-09-25T18:38:58.428Z
CVE-2020-36193,2022-08-25T00:00:00Z,2022-08-25T00:00:00Z,2026-09-25T18:38:58.428Z
CVE-2020-36198,2022-03-24T00:00:00Z,,2026-09-25T18:38:58.428Z
CVE-2020-36708,2023-06-07T00:00:00Z,,2026-09-25T18:38:58.428Z
CVE-2020-36723,2025-10-27T00:00:00Z,,2026-09-25T18:38:58.428Z
CVE-2020-36831,2024-10-15T00:00:00Z,,2026-09-25T18:38:58.428Z
CVE-2020-36832,2024-10-15T00:00:00Z,,2026-09-25T18:38:58.428Z
CVE-2020-36834,2024-10-15T00:00:00Z,,2026-09-25T18:38:58.428Z
CVE-2020-36835,2024-10-15T00:00:00Z,,2026-09-25T18:38:58.428Z
CVE-2020-36836,2024-10-15T00:00:00Z,,2026-09-25T18:38:58.428Z
CVE-2020-36837,2024-10-15T00:00:00Z,,2026-09-25T18:38:58.428Z
CVE-2020-36842,2024-10-15T00:00:00Z,,2026-09-25T18:38:58.428Z
CVE-2020-36847,2026-06-23T00:00:00Z,,2026-09-25T18:38:58.428Z
CVE-2020-36870,2025-11-07T00:00:00Z,,2026-09-25T18:38:58.428Z
CVE-2020-37123,2026-03-16T00:00:00Z,,2026-09-25T18:38:58.428Z
CVE-2020-3837,2022-06-23T00:00:00Z,2022-06-27T00:00:00Z,2026-09-25T18:38:58.428Z
CVE-2020-3950,2021-11-03T00:00:00Z,2021-11-03T00:00:00Z,2026-09-25T18:38:58.428Z
CVE-2020-3952,2021-11-03T00:00:00Z,2021-11-03T00:00:00Z,2026-09-25T18:38:58.428Z
CVE-2020-4427,2021-11-03T00:00:00Z,2021-11-03T00:00:00Z,2026-09-25T18:38:58.428Z
CVE-2020-4428,2021-11-03T00:00:00Z,2021-11-03T00:00:00Z,2026-09-25T18:38:58.428Z
CVE-2020-4429,2025-08-12T00:00:00Z,,2026-09-25T18:38:58.428Z
CVE-2020-4430,2021-11-03T00:00:00Z,2021-11-03T00:00:00Z,2026-09-25T18:38:58.428Z
CVE-2020-4450,2024-09-18T00:00:00Z,,2026-09-25T18:38:58.428Z
CVE-2020-4463,2024-01-22T00:00:00Z,,2026-09-25T18:38:58.428Z
CVE-2020-5135,2022-03-15T00:00:00Z,2022-03-15T00:00:00Z,2026-09-25T18:38:58.428Z
CVE-2020-5284,2026-03-23T00:00:00Z,,2026-09-25T18:38:58.428Z
CVE-2020-5410,2022-01-12T00:00:00Z,2022-03-25T00:00:00Z,2026-09-25T18:38:58.428Z
CVE-2020-5412,2025-02-25T00:00:00Z,,2026-09-25T18:38:58.428Z
CVE-2020-5735,2021-11-03T00:00:00Z,2021-11-03T00:00:00Z,2026-09-25T18:38:58.428Z
CVE-2020-5741,2023-02-27T00:00:00Z,2023-03-10T00:00:00Z,2026-09-25T18:38:58.428Z
CVE-2020-5775,2024-01-22T00:00:00Z,,2026-09-25T18:38:58.428Z
CVE-2020-5847,2021-11-03T00:00:00Z,2021-11-03T00:00:00Z,2026-09-25T18:38:58.428Z
CVE-2020-5849,2021-11-03T00:00:00Z,2021-11-03T00:00:00Z,2026-09-25T18:38:58.428Z
CVE-2020-6008,2023-01-31T00:00:00Z,,2026-09-25T18:38:58.428Z
CVE-2020-6168,2022-12-05T00:00:00Z,,2026-09-25T18:38:58.428Z
CVE-2020-6286,2026-06-12T00:00:00Z,,2026-09-25T18:38:58.428Z
CVE-2020-6308,2024-02-14T00:00:00Z,,2026-09-25T18:38:58.428Z
CVE-2020-7136,2025-08-14T00:00:00Z,,2026-09-25T18:38:58.428Z
CVE-2020-7209,2022-12-21T00:00:00Z,,2026-09-25T18:38:58.428Z
CVE-2020-7247,2022-03-25T00:00:00Z,2022-03-25T00:00:00Z,2026-09-25T18:38:58.428Z
CVE-2020-7796,2023-12-12T00:00:00Z,2026-02-17T00:00:00Z,2026-09-25T18:38:58.428Z
CVE-2020-7882,2025-10-27T00:00:00Z,,2026-09-25T18:38:58.428Z
CVE-2020-7980,2023-11-15T00:00:00Z,,2026-09-25T18:38:58.428Z
CVE-2020-8115,2024-01-22T00:00:00Z,,2026-09-25T18:38:58.428Z
CVE-2020-8191,2024-04-06T00:00:00Z,,2026-09-25T18:38:58.428Z
CVE-2020-8194,2025-07-31T00:00:00Z,,2026-09-25T18:38:58.428Z
CVE-2020-8209,2023-11-14T00:00:00Z,,2026-09-25T18:38:58.428Z
CVE-2020-8497,2026-04-08T00:00:00Z,,2026-09-25T18:38:58.428Z
CVE-2020-8599,2021-11-03T00:00:00Z,2021-11-03T00:00:00Z,2026-09-25T18:38:58.428Z
CVE-2020-8644,2021-11-03T00:00:00Z,2021-11-03T00:00:00Z,2026-09-25T18:38:58.428Z
CVE-2020-8655,2021-11-03T00:00:00Z,2021-11-03T00:00:00Z,2026-09-25T18:38:58.428Z
CVE-2020-8656,2025-10-24T00:00:00Z,,2026-09-25T18:38:58.428Z
CVE-2020-8657,2021-11-03T00:00:00Z,2021-11-03T00:00:00Z,2026-09-25T18:38:58.428Z
CVE-2020-8949,2023-04-18T00:00:00Z,,2026-09-25T18:38:58.428Z
CVE-2020-8958,2021-11-11T00:00:00Z,,2026-09-25T18:38:58.428Z
CVE-2020-8982,2023-11-30T00:00:00Z,,2026-09-25T18:38:58.428Z
CVE-2020-9043,2022-12-05T00:00:00Z,,2026-09-25T18:38:58.428Z
CVE-2020-9314,2026-02-11T00:00:00Z,,2026-09-25T18:38:58.428Z
CVE-2020-9344,2024-09-19T00:00:00Z,,2026-09-25T18:38:58.428Z
CVE-2020-9374,2026-03-23T00:00:00Z,,2026-09-25T18:38:58.428Z
CVE-2020-9377,2021-11-11T00:00:00Z,2022-03-25T00:00:00Z,2026-09-25T18:38:58.428Z
CVE-2020-9480,2024-05-10T00:00:00Z,,2026-09-25T18:38:58.428Z
CVE-2020-9547,2025-06-23T00:00:00Z,,2026-09-25T18:38:58.428Z
CVE-2020-9548,2025-06-23T00:00:00Z,,2026-09-25T18:38:58.428Z
CVE-2020-9715,2026-04-13T00:00:00Z,2026-04-13T00:00:00Z,2026-09-25T18:38:58.428Z
CVE-2020-9757,2024-09-19T00:00:00Z,,2026-09-25T18:38:58.428Z
CVE-2020-9771,2026-08-13T00:00:00Z,,2026-09-25T18:38:58.428Z
CVE-2020-9802,2024-05-06T00:00:00Z,,2026-09-25T18:38:58.428Z
CVE-2020-9859,2021-11-03T00:00:00Z,2021-11-03T00:00:00Z,2026-09-25T18:38:58.428Z
CVE-2020-9870,2024-10-29T00:00:00Z,,2026-09-25T18:38:58.428Z
CVE-2020-9907,2022-06-23T00:00:00Z,2022-06-27T00:00:00Z,2026-09-25T18:38:58.428Z
CVE-2020-9910,2024-10-29T00:00:00Z,,2026-09-25T18:38:58.428Z
CVE-2020-9934,2022-07-19T00:00:00Z,2022-09-08T00:00:00Z,2026-09-25T18:38:58.428Z
CVE-2021-0027,2025-06-07T00:00:00Z,,2026-09-25T18:38:58.428Z
CVE-2021-0920,2021-11-05T00:00:00Z,2022-05-23T00:00:00Z,2026-09-25T18:38:58.428Z
CVE-2021-1048,2021-11-06T00:00:00Z,2022-05-23T00:00:00Z,2026-09-25T18:38:58.428Z
CVE-2021-1636,2022-02-24T00:00:00Z,,2026-09-25T18:38:58.428Z
CVE-2021-1733,2024-01-16T00:00:00Z,,2026-09-25T18:38:58.428Z
CVE-2021-1801,2023-09-27T00:00:00Z,,2026-09-25T18:38:58.428Z
CVE-2021-20035,2025-04-15T00:00:00Z,2025-04-16T00:00:00Z,2026-09-25T18:38:58.428Z
CVE-2021-20038,2022-01-28T00:00:00Z,2022-01-28T00:00:00Z,2026-09-25T18:38:58.428Z
CVE-2021-20039,2024-03-30T00:00:00Z,,2026-09-25T18:38:58.428Z
CVE-2021-20092,2025-02-25T00:00:00Z,,2026-09-25T18:38:58.428Z
CVE-2021-20123,2024-07-30T00:00:00Z,2024-09-03T00:00:00Z,2026-09-25T18:38:58.428Z
CVE-2021-20124,2024-09-03T00:00:00Z,2024-09-03T00:00:00Z,2026-09-25T18:38:58.428Z
CVE-2021-20166,2022-08-19T00:00:00Z,,2026-09-25T18:38:58.428Z
CVE-2021-20167,2022-08-19T00:00:00Z,,2026-09-25T18:38:58.428Z
CVE-2021-20617,2024-12-05T00:00:00Z,,2026-09-25T18:38:58.428Z
CVE-2021-20655,2022-06-22T00:00:00Z,,2026-09-25T18:38:58.428Z
CVE-2021-20837,2022-05-31T00:00:00Z,,2026-09-25T18:38:58.428Z
CVE-2021-21087,2023-11-13T00:00:00Z,,2026-09-25T18:38:58.428Z
CVE-2021-2109,2026-08-15T00:00:00Z,,2026-09-25T18:38:58.428Z
CVE-2021-21234,2023-11-16T00:00:00Z,,2026-09-25T18:38:58.428Z
CVE-2021-21307,2023-11-29T00:00:00Z,,2026-09-25T18:38:58.428Z
CVE-2021-21311,2022-05-04T00:00:00Z,2025-09-29T00:00:00Z,2026-09-25T18:38:58.428Z
CVE-2021-21389,2023-11-29T00:00:00Z,,2026-09-25T18:38:58.428Z
CVE-2021-21402,2023-11-13T00:00:00Z,,2026-09-25T18:38:58.428Z
CVE-2021-21479,2023-11-30T00:00:00Z,,2026-09-25T18:38:58.428Z
CVE-2021-21551,2022-03-31T00:00:00Z,2022-03-31T00:00:00Z,2026-09-25T18:38:58.428Z
CVE-2021-21745,2024-01-22T00:00:00Z,,2026-09-25T18:38:58.428Z
CVE-2021-21801,2024-09-19T00:00:00Z,,2026-09-25T18:38:58.428Z
CVE-2021-21805,2023-12-24T00:00:00Z,,2026-09-25T18:38:58.428Z
CVE-2021-21872,2024-05-07T00:00:00Z,,2026-09-25T18:38:58.428Z
CVE-2021-21881,2022-08-19T00:00:00Z,,2026-09-25T18:38:58.428Z
CVE-2021-21974,2023-02-03T00:00:00Z,,2026-09-25T18:38:58.428Z
CVE-2021-21978,2023-12-03T00:00:00Z,,2026-09-25T18:38:58.428Z
CVE-2021-21980,2022-05-31T00:00:00Z,,2026-09-25T18:38:58.428Z
CVE-2021-22017,2022-01-10T00:00:00Z,2022-01-10T00:00:00Z,2026-09-25T18:38:58.428Z
CVE-2021-22053,2022-05-31T00:00:00Z,,2026-09-25T18:38:58.428Z
CVE-2021-22054,2025-03-11T00:00:00Z,2026-03-09T00:00:00Z,2026-09-25T18:38:58.428Z
CVE-2021-22122,2024-01-22T00:00:00Z,,2026-09-25T18:38:58.428Z
CVE-2021-22175,2025-03-11T00:00:00Z,2026-02-18T00:00:00Z,2026-09-25T18:38:58.428Z
CVE-2021-22205,2021-11-03T00:00:00Z,2021-11-03T00:00:00Z,2026-09-25T18:38:58.428Z
CVE-2021-22214,2023-12-12T00:00:00Z,,2026-09-25T18:38:58.428Z
CVE-2021-22555,2024-03-18T00:00:00Z,2025-10-06T00:00:00Z,2026-09-25T18:38:58.428Z
CVE-2021-22600,2022-03-07T00:00:00Z,2022-04-11T00:00:00Z,2026-09-25T18:38:58.428Z
CVE-2021-22681,2026-03-05T00:00:00Z,2026-03-05T00:00:00Z,2026-09-25T18:38:58.428Z
CVE-2021-22707,2024-02-14T00:00:00Z,,2026-09-25T18:38:58.428Z
CVE-2021-22713,2023-04-11T00:00:00Z,,2026-09-25T18:38:58.428Z
CVE-2021-22873,2024-11-20T00:00:00Z,,2026-09-25T18:38:58.428Z
CVE-2021-22911,2023-11-14T00:00:00Z,,2026-09-25T18:38:58.428Z
CVE-2021-22941,2022-03-07T00:00:00Z,2022-03-25T00:00:00Z,2026-09-25T18:38:58.428Z
CVE-2021-23263,2025-02-27T00:00:00Z,,2026-09-25T18:38:58.428Z
CVE-2021-23394,2024-09-19T00:00:00Z,,2026-09-25T18:38:58.428Z
CVE-2021-23758,2026-08-20T00:00:00Z,2026-08-26T00:00:00Z,2026-09-25T18:38:58.428Z
CVE-2021-23874,2021-11-03T00:00:00Z,2021-11-03T00:00:00Z,2026-09-25T18:38:58.428Z
CVE-2021-23957,2023-09-27T00:00:00Z,,2026-09-25T18:38:58.428Z
CVE-2021-24139,2023-01-24T00:00:00Z,,2026-09-25T18:38:58.428Z
CVE-2021-24164,2023-01-18T00:00:00Z,,2026-09-25T18:38:58.428Z
CVE-2021-24170,2022-12-05T00:00:00Z,,2026-09-25T18:38:58.428Z
CVE-2021-24183,2023-01-11T00:00:00Z,,2026-09-25T18:38:58.428Z
CVE-2021-24184,2023-01-11T00:00:00Z,,2026-09-25T18:38:58.428Z
CVE-2021-24205,2023-01-29T00:00:00Z,,2026-09-25T18:38:58.428Z
CVE-2021-24209,2021-12-09T00:00:00Z,,2026-09-25T18:38:58.428Z
CVE-2021-24227,2023-12-24T00:00:00Z,,2026-09-25T18:38:58.428Z
CVE-2021-24258,2023-01-19T00:00:00Z,,2026-09-25T18:38:58.428Z
CVE-2021-24278,2023-01-29T00:00:00Z,,2026-09-25T18:38:58.428Z
CVE-2021-24284,2023-12-24T00:00:00Z,,2026-09-25T18:38:58.428Z
CVE-2021-24285,2024-01-22T00:00:00Z,,2026-09-25T18:38:58.428Z
CVE-2021-24290,2024-01-22T00:00:00Z,,2026-09-25T18:38:58.428Z
CVE-2021-24311,2022-12-05T00:00:00Z,,2026-09-25T18:38:58.428Z
CVE-2021-24353,2024-01-22T00:00:00Z,,2026-09-25T18:38:58.428Z
CVE-2021-24442,2025-06-06T00:00:00Z,,2026-09-25T18:38:58.428Z
CVE-2021-24498,2025-06-08T00:00:00Z,,2026-09-25T18:38:58.428Z
CVE-2021-24499,2021-12-21T00:00:00Z,,2026-09-25T18:38:58.428Z
CVE-2021-24527,2023-01-11T00:00:00Z,,2026-09-25T18:38:58.428Z
CVE-2021-24666,2025-01-21T00:00:00Z,,2026-09-25T18:38:58.428Z
CVE-2021-24750,2022-05-31T00:00:00Z,,2026-09-25T18:38:58.428Z
CVE-2021-24762,2022-08-19T00:00:00Z,,2026-09-25T18:38:58.428Z
CVE-2021-24827,2025-06-07T00:00:00Z,,2026-09-25T18:38:58.428Z
CVE-2021-24878,2022-01-05T00:00:00Z,,2026-09-25T18:38:58.428Z
CVE-2021-24915,2026-03-10T00:00:00Z,,2026-09-25T18:38:58.428Z
CVE-2021-24918,2023-01-23T00:00:00Z,,2026-09-25T18:38:58.428Z
CVE-2021-24931,2023-11-22T00:00:00Z,,2026-09-25T18:38:58.428Z
CVE-2021-24943,2021-11-08T00:00:00Z,,2026-09-25T18:38:58.428Z
CVE-2021-24946,2021-11-15T00:00:00Z,,2026-09-25T18:38:58.428Z
CVE-2021-24969,2021-11-29T00:00:00Z,,2026-09-25T18:38:58.428Z
CVE-2021-24981,2021-11-16T00:00:00Z,,2026-09-25T18:38:58.428Z
CVE-2021-25003,2023-11-30T00:00:00Z,,2026-09-25T18:38:58.428Z
CVE-2021-25032,2021-12-06T00:00:00Z,,2026-09-25T18:38:58.428Z
CVE-2021-25037,2021-12-14T00:00:00Z,,2026-09-25T18:38:58.428Z
CVE-2021-25076,2021-12-21T00:00:00Z,,2026-09-25T18:38:58.428Z
CVE-2021-25082,2022-12-19T00:00:00Z,,2026-09-25T18:38:58.428Z
CVE-2021-25094,2022-11-18T00:00:00Z,,2026-09-25T18:38:58.428Z
CVE-2021-25114,2024-04-11T00:00:00Z,,2026-09-25T18:38:58.428Z
CVE-2021-25281,2026-01-14T00:00:00Z,,2026-09-25T18:38:58.428Z
CVE-2021-25646,2023-11-13T00:00:00Z,,2026-09-25T18:38:58.428Z
CVE-2021-25864,2023-12-24T00:00:00Z,,2026-09-25T18:38:58.428Z
CVE-2021-25899,2024-01-22T00:00:00Z,,2026-09-25T18:38:58.428Z
CVE-2021-26072,2025-11-05T00:00:00Z,,2026-09-25T18:38:58.428Z
CVE-2021-26085,2022-03-28T00:00:00Z,2022-03-28T00:00:00Z,2026-09-25T18:38:58.428Z
CVE-2021-26086,2023-11-18T00:00:00Z,2024-11-12T00:00:00Z,2026-09-25T18:38:58.428Z
CVE-2021-26294,2025-01-22T00:00:00Z,,2026-09-25T18:38:58.428Z
CVE-2021-26295,2023-12-05T00:00:00Z,,2026-09-25T18:38:58.428Z
CVE-2021-26606,2022-10-24T00:00:00Z,,2026-09-25T18:38:58.428Z
CVE-2021-26828,2025-10-09T00:00:00Z,2025-12-03T00:00:00Z,2026-09-25T18:38:58.428Z
CVE-2021-26829,2025-10-09T00:00:00Z,2025-11-28T00:00:00Z,2026-09-25T18:38:58.428Z
CVE-2021-26885,2021-12-15T00:00:00Z,,2026-09-25T18:38:58.428Z
CVE-2021-26897,2024-05-07T00:00:00Z,,2026-09-25T18:38:58.428Z
CVE-2021-26920,2022-03-20T00:00:00Z,,2026-09-25T18:38:58.428Z
CVE-2021-27076,2026-06-24T00:00:00Z,,2026-09-25T18:38:58.428Z
CVE-2021-27137,2026-06-03T00:00:00Z,2026-07-21T00:00:00Z,2026-09-25T18:38:58.428Z
CVE-2021-27162,2025-04-29T00:00:00Z,,2026-09-25T18:38:58.428Z
CVE-2021-27358,2026-05-01T00:00:00Z,,2026-09-25T18:38:58.428Z
CVE-2021-27670,2026-01-21T00:00:00Z,,2026-09-25T18:38:58.428Z
CVE-2021-27691,2026-08-22T00:00:00Z,,2026-09-25T18:38:58.428Z
CVE-2021-27692,2025-06-08T00:00:00Z,,2026-09-25T18:38:58.428Z
CVE-2021-27850,2023-12-03T00:00:00Z,,2026-09-25T18:38:58.428Z
CVE-2021-27852,2022-04-11T00:00:00Z,2022-04-11T00:00:00Z,2026-09-25T18:38:58.428Z
CVE-2021-27855,2023-12-02T00:00:00Z,,2026-09-25T18:38:58.428Z
CVE-2021-27856,2023-05-05T00:00:00Z,,2026-09-25T18:38:58.428Z
CVE-2021-27860,2022-01-10T00:00:00Z,2022-01-10T00:00:00Z,2026-09-25T18:38:58.428Z
CVE-2021-27876,2023-04-03T00:00:00Z,2023-04-07T00:00:00Z,2026-09-25T18:38:58.428Z
CVE-2021-27877,2023-04-03T00:00:00Z,2023-04-07T00:00:00Z,2026-09-25T18:38:58.428Z
CVE-2021-27878,2023-04-03T00:00:00Z,2023-04-07T00:00:00Z,2026-09-25T18:38:58.428Z
CVE-2021-27931,2024-01-22T00:00:00Z,,2026-09-25T18:38:58.428Z
CVE-2021-27964,2024-01-22T00:00:00Z,,2026-09-25T18:38:58.428Z
CVE-2021-28150,2025-08-23T00:00:00Z,,2026-09-25T18:38:58.428Z
CVE-2021-28151,2023-12-24T00:00:00Z,,2026-09-25T18:38:58.428Z
CVE-2021-28169,2022-08-19T00:00:00Z,,2026-09-25T18:38:58.428Z
CVE-2021-28199,2026-06-22T00:00:00Z,,2026-09-25T18:38:58.428Z
CVE-2021-28481,2024-07-25T00:00:00Z,,2026-09-25T18:38:58.428Z
CVE-2021-29203,2023-12-24T00:00:00Z,,2026-09-25T18:38:58.428Z
CVE-2021-29256,2023-07-05T00:00:00Z,2023-07-07T00:00:00Z,2026-09-25T18:38:58.428Z
CVE-2021-29441,2023-12-01T00:00:00Z,,2026-09-25T18:38:58.428Z
CVE-2021-29442,2023-11-19T00:00:00Z,,2026-09-25T18:38:58.428Z
CVE-2021-29476,2023-08-14T00:00:00Z,,2026-09-25T18:38:58.428Z
CVE-2021-30118,2023-12-23T00:00:00Z,,2026-09-25T18:38:58.428Z
CVE-2021-30128,2026-06-22T00:00:00Z,,2026-09-25T18:38:58.428Z
CVE-2021-30134,2026-09-21T00:00:00Z,,2026-09-25T18:38:58.428Z
CVE-2021-30168,2023-11-25T00:00:00Z,,2026-09-25T18:38:58.428Z
CVE-2021-3018,2024-07-25T00:00:00Z,,2026-09-25T18:38:58.428Z
CVE-2021-30461,2024-09-06T00:00:00Z,,2026-09-25T18:38:58.428Z
CVE-2021-30497,2024-01-31T00:00:00Z,,2026-09-25T18:38:58.428Z
CVE-2021-30538,2024-05-06T00:00:00Z,,2026-09-25T18:38:58.428Z
CVE-2021-30900,2023-03-29T00:00:00Z,2023-03-30T00:00:00Z,2026-09-25T18:38:58.428Z
CVE-2021-30952,2026-03-03T00:00:00Z,2026-03-05T00:00:00Z,2026-09-25T18:38:58.428Z
CVE-2021-30983,2021-12-13T00:00:00Z,2022-06-27T00:00:00Z,2026-09-25T18:38:58.428Z
CVE-2021-31166,2022-03-24T00:00:00Z,2022-04-06T00:00:00Z,2026-09-25T18:38:58.428Z
CVE-2021-31196,2022-09-14T00:00:00Z,2024-08-21T00:00:00Z,2026-09-25T18:38:58.428Z
CVE-2021-31206,2022-01-17T00:00:00Z,,2026-09-25T18:38:58.428Z
CVE-2021-31250,2024-04-08T00:00:00Z,,2026-09-25T18:38:58.428Z
CVE-2021-3156,2022-04-06T00:00:00Z,2022-04-06T00:00:00Z,2026-09-25T18:38:58.428Z
CVE-2021-31589,2022-08-19T00:00:00Z,,2026-09-25T18:38:58.428Z
CVE-2021-31602,2023-05-02T00:00:00Z,,2026-09-25T18:38:58.428Z
CVE-2021-31728,2025-06-05T00:00:00Z,,2026-09-25T18:38:58.428Z
CVE-2021-31805,2022-05-11T00:00:00Z,,2026-09-25T18:38:58.428Z
CVE-2021-31969,2024-11-19T00:00:00Z,,2026-09-25T18:38:58.428Z
CVE-2021-32030,2023-11-16T00:00:00Z,2025-06-02T00:00:00Z,2026-09-25T18:38:58.428Z
CVE-2021-32172,2024-09-19T00:00:00Z,,2026-09-25T18:38:58.428Z
CVE-2021-3223,2023-11-14T00:00:00Z,,2026-09-25T18:38:58.428Z
CVE-2021-32478,2025-11-05T00:00:00Z,,2026-09-25T18:38:58.428Z
CVE-2021-32648,2022-01-18T00:00:00Z,2022-01-18T00:00:00Z,2026-09-25T18:38:58.428Z
CVE-2021-32790,2024-04-20T00:00:00Z,,2026-09-25T18:38:58.428Z
CVE-2021-32819,2024-02-07T00:00:00Z,,2026-09-25T18:38:58.428Z
CVE-2021-32849,2024-03-04T00:00:00Z,,2026-09-25T18:38:58.428Z
CVE-2021-3287,2024-01-13T00:00:00Z,,2026-09-25T18:38:58.428Z
CVE-2021-3297,2025-08-19T00:00:00Z,,2026-09-25T18:38:58.428Z
CVE-2021-33035,2023-05-02T00:00:00Z,,2026-09-25T18:38:58.428Z
CVE-2021-33044,2023-12-05T00:00:00Z,2024-08-21T00:00:00Z,2026-09-25T18:38:58.428Z
CVE-2021-33045,2024-08-21T00:00:00Z,2024-08-21T00:00:00Z,2026-09-25T18:38:58.428Z
CVE-2021-33357,2021-12-21T00:00:00Z,,2026-09-25T18:38:58.428Z
CVE-2021-33548,2023-10-09T00:00:00Z,,2026-09-25T18:38:58.428Z
CVE-2021-33549,2023-10-09T00:00:00Z,,2026-09-25T18:38:58.428Z
CVE-2021-33550,2023-10-09T00:00:00Z,,2026-09-25T18:38:58.428Z
CVE-2021-33551,2023-10-09T00:00:00Z,,2026-09-25T18:38:58.428Z
CVE-2021-33552,2023-10-09T00:00:00Z,,2026-09-25T18:38:58.428Z
CVE-2021-33553,2023-10-09T00:00:00Z,,2026-09-25T18:38:58.428Z
CVE-2021-33554,2023-10-09T00:00:00Z,,2026-09-25T18:38:58.428Z
CVE-2021-33558,2023-02-14T00:00:00Z,,2026-09-25T18:38:58.428Z
CVE-2021-33564,2023-11-29T00:00:00Z,,2026-09-25T18:38:58.428Z
CVE-2021-33690,2024-01-22T00:00:00Z,,2026-09-25T18:38:58.428Z
CVE-2021-33766,2021-12-21T00:00:00Z,2022-01-18T00:00:00Z,2026-09-25T18:38:58.428Z
CVE-2021-33768,2022-09-14T00:00:00Z,,2026-09-25T18:38:58.428Z
CVE-2021-34187,2023-12-02T00:00:00Z,,2026-09-25T18:38:58.428Z
CVE-2021-34427,2025-12-16T00:00:00Z,,2026-09-25T18:38:58.428Z
CVE-2021-34429,2023-01-12T00:00:00Z,,2026-09-25T18:38:58.428Z
CVE-2021-34470,2022-09-14T00:00:00Z,,2026-09-25T18:38:58.428Z
CVE-2021-34481,2022-11-30T00:00:00Z,,2026-09-25T18:38:58.428Z
CVE-2021-34484,2022-03-28T00:00:00Z,2022-03-31T00:00:00Z,2026-09-25T18:38:58.428Z
CVE-2021-34486,2022-03-28T00:00:00Z,2022-03-28T00:00:00Z,2026-09-25T18:38:58.428Z
CVE-2021-34621,2023-02-03T00:00:00Z,,2026-09-25T18:38:58.428Z
CVE-2021-34624,2024-01-05T00:00:00Z,,2026-09-25T18:38:58.428Z
CVE-2021-34641,2024-01-22T00:00:00Z,,2026-09-25T18:38:58.428Z
CVE-2021-34730,2022-06-22T00:00:00Z,,2026-09-25T18:38:58.428Z
CVE-2021-3493,2022-10-20T00:00:00Z,2022-10-20T00:00:00Z,2026-09-25T18:38:58.428Z
CVE-2021-34993,2024-01-22T00:00:00Z,,2026-09-25T18:38:58.428Z
CVE-2021-35064,2022-05-26T00:00:00Z,,2026-09-25T18:38:58.428Z
CVE-2021-35232,2025-07-29T00:00:00Z,,2026-09-25T18:38:58.428Z
CVE-2021-35247,2022-01-19T00:00:00Z,2022-01-21T00:00:00Z,2026-09-25T18:38:58.428Z
CVE-2021-35250,2023-12-24T00:00:00Z,,2026-09-25T18:38:58.428Z
CVE-2021-35327,2023-11-16T00:00:00Z,,2026-09-25T18:38:58.428Z
CVE-2021-35402,2025-03-25T00:00:00Z,,2026-09-25T18:38:58.428Z
CVE-2021-35464,2021-11-03T00:00:00Z,2021-11-03T00:00:00Z,2026-09-25T18:38:58.428Z
CVE-2021-35587,2022-11-28T00:00:00Z,2022-11-28T00:00:00Z,2026-09-25T18:38:58.428Z
CVE-2021-3560,2023-05-12T00:00:00Z,2023-05-12T00:00:00Z,2026-09-25T18:38:58.428Z
CVE-2021-3577,2024-01-22T00:00:00Z,,2026-09-25T18:38:58.428Z
CVE-2021-36260,2021-12-06T00:00:00Z,2022-01-10T00:00:00Z,2026-09-25T18:38:58.428Z
CVE-2021-36276,2025-04-07T00:00:00Z,,2026-09-25T18:38:58.428Z
CVE-2021-36356,2022-05-26T00:00:00Z,,2026-09-25T18:38:58.428Z
CVE-2021-36380,2023-10-09T00:00:00Z,2024-03-05T00:00:00Z,2026-09-25T18:38:58.428Z
CVE-2021-36749,2022-03-20T00:00:00Z,,2026-09-25T18:38:58.428Z
CVE-2021-36754,2025-10-20T00:00:00Z,,2026-09-25T18:38:58.428Z
CVE-2021-36888,2021-12-16T00:00:00Z,,2026-09-25T18:38:58.428Z
CVE-2021-36934,2022-02-09T00:00:00Z,2022-02-10T00:00:00Z,2026-09-25T18:38:58.428Z
CVE-2021-36955,2021-11-03T00:00:00Z,2021-11-03T00:00:00Z,2026-09-25T18:38:58.428Z
CVE-2021-3708,2023-12-19T00:00:00Z,,2026-09-25T18:38:58.428Z
CVE-2021-37291,2023-11-13T00:00:00Z,,2026-09-25T18:38:58.428Z
CVE-2021-37305,2025-10-31T00:00:00Z,,2026-09-25T18:38:58.428Z
CVE-2021-37415,2021-12-01T00:00:00Z,2021-12-01T00:00:00Z,2026-09-25T18:38:58.428Z
CVE-2021-37538,2025-09-11T00:00:00Z,,2026-09-25T18:38:58.428Z
CVE-2021-37580,2023-12-05T00:00:00Z,,2026-09-25T18:38:58.428Z
CVE-2021-38153,2023-04-11T00:00:00Z,,2026-09-25T18:38:58.428Z
CVE-2021-38163,2022-06-09T00:00:00Z,2022-06-09T00:00:00Z,2026-09-25T18:38:58.428Z
CVE-2021-38406,2022-08-25T00:00:00Z,2022-08-25T00:00:00Z,2026-09-25T18:38:58.428Z
CVE-2021-38646,2022-03-28T00:00:00Z,2022-03-28T00:00:00Z,2026-09-25T18:38:58.428Z
CVE-2021-38702,2024-09-19T00:00:00Z,,2026-09-25T18:38:58.428Z
CVE-2021-39144,2023-03-08T00:00:00Z,2023-03-10T00:00:00Z,2026-09-25T18:38:58.428Z
CVE-2021-39152,2026-02-14T00:00:00Z,,2026-09-25T18:38:58.428Z
CVE-2021-39211,2023-11-13T00:00:00Z,,2026-09-25T18:38:58.428Z
CVE-2021-39226,2022-08-19T00:00:00Z,2022-08-25T00:00:00Z,2026-09-25T18:38:58.428Z
CVE-2021-39312,2025-06-03T00:00:00Z,,2026-09-25T18:38:58.428Z
CVE-2021-39316,2023-11-22T00:00:00Z,,2026-09-25T18:38:58.428Z
CVE-2021-39317,2021-11-28T00:00:00Z,,2026-09-25T18:38:58.428Z
CVE-2021-39509,2024-10-09T00:00:00Z,,2026-09-25T18:38:58.428Z
CVE-2021-39793,2022-03-07T00:00:00Z,2022-04-11T00:00:00Z,2026-09-25T18:38:58.428Z
CVE-2021-39935,2025-03-11T00:00:00Z,2026-02-03T00:00:00Z,2026-09-25T18:38:58.428Z
CVE-2021-4034,2022-06-07T00:00:00Z,2022-06-27T00:00:00Z,2026-09-25T18:38:58.428Z
CVE-2021-4039,2022-05-26T00:00:00Z,,2026-09-25T18:38:58.428Z
CVE-2021-40407,2024-12-18T00:00:00Z,2024-12-18T00:00:00Z,2026-09-25T18:38:58.428Z
CVE-2021-40438,2021-12-01T00:00:00Z,2021-12-01T00:00:00Z,2026-09-25T18:38:58.428Z
CVE-2021-4045,2022-04-01T00:00:00Z,,2026-09-25T18:38:58.428Z
CVE-2021-40450,2022-04-25T00:00:00Z,2022-04-25T00:00:00Z,2026-09-25T18:38:58.428Z
CVE-2021-40655,2024-05-16T00:00:00Z,2024-05-16T00:00:00Z,2026-09-25T18:38:58.428Z
CVE-2021-40684,2024-07-25T00:00:00Z,,2026-09-25T18:38:58.428Z
CVE-2021-4073,2021-12-08T00:00:00Z,,2026-09-25T18:38:58.428Z
CVE-2021-40822,2024-01-22T00:00:00Z,,2026-09-25T18:38:58.428Z
CVE-2021-40856,2025-06-07T00:00:00Z,,2026-09-25T18:38:58.428Z
CVE-2021-40870,2021-12-21T00:00:00Z,2022-01-18T00:00:00Z,2026-09-25T18:38:58.428Z
CVE-2021-40875,2025-08-18T00:00:00Z,,2026-09-25T18:38:58.428Z
CVE-2021-4102,2021-12-09T00:00:00Z,2021-12-15T00:00:00Z,2026-09-25T18:38:58.428Z
CVE-2021-4104,2022-04-26T00:00:00Z,,2026-09-25T18:38:58.428Z
CVE-2021-41174,2022-05-31T00:00:00Z,,2026-09-25T18:38:58.428Z
CVE-2021-41266,2024-01-22T00:00:00Z,,2026-09-25T18:38:58.428Z
CVE-2021-41277,2022-05-31T00:00:00Z,2024-11-12T00:00:00Z,2026-09-25T18:38:58.428Z
CVE-2021-41285,2024-11-06T00:00:00Z,,2026-09-25T18:38:58.428Z
CVE-2021-41293,2024-01-22T00:00:00Z,,2026-09-25T18:38:58.428Z
CVE-2021-41295,2024-11-26T00:00:00Z,,2026-09-25T18:38:58.428Z
CVE-2021-41349,2022-05-31T00:00:00Z,,2026-09-25T18:38:58.428Z
CVE-2021-41357,2022-04-25T00:00:00Z,2022-04-25T00:00:00Z,2026-09-25T18:38:58.428Z
CVE-2021-41379,2021-11-30T00:00:00Z,2022-03-03T00:00:00Z,2026-09-25T18:38:58.428Z
CVE-2021-41419,2026-02-01T00:00:00Z,,2026-09-25T18:38:58.428Z
CVE-2021-41569,2023-11-27T00:00:00Z,,2026-09-25T18:38:58.428Z
CVE-2021-41649,2024-01-22T00:00:00Z,,2026-09-25T18:38:58.428Z
CVE-2021-41653,2021-12-08T00:00:00Z,,2026-09-25T18:38:58.428Z
CVE-2021-41691,2025-06-26T00:00:00Z,,2026-09-25T18:38:58.428Z
CVE-2021-41714,2025-04-29T00:00:00Z,,2026-09-25T18:38:58.428Z
CVE-2021-4191,2023-11-14T00:00:00Z,,2026-09-25T18:38:58.428Z
CVE-2021-41951,2022-05-31T00:00:00Z,,2026-09-25T18:38:58.428Z
CVE-2021-42013,2021-11-03T00:00:00Z,2021-11-03T00:00:00Z,2026-09-25T18:38:58.428Z
CVE-2021-42063,2024-04-18T00:00:00Z,,2026-09-25T18:38:58.428Z
CVE-2021-42071,2024-03-06T00:00:00Z,,2026-09-25T18:38:58.428Z
CVE-2021-42237,2022-03-25T00:00:00Z,2022-03-25T00:00:00Z,2026-09-25T18:38:58.428Z
CVE-2021-42278,2022-04-11T00:00:00Z,2022-04-11T00:00:00Z,2026-09-25T18:38:58.428Z
CVE-2021-42287,2022-04-11T00:00:00Z,2022-04-11T00:00:00Z,2026-09-25T18:38:58.428Z
CVE-2021-42292,2021-11-09T00:00:00Z,2021-11-17T00:00:00Z,2026-09-25T18:38:58.428Z
CVE-2021-42298,2022-11-30T00:00:00Z,,2026-09-25T18:38:58.428Z
CVE-2021-42321,2021-11-09T00:00:00Z,2021-11-17T00:00:00Z,2026-09-25T18:38:58.428Z
CVE-2021-42567,2024-01-22T00:00:00Z,,2026-09-25T18:38:58.428Z
CVE-2021-42912,2024-12-20T00:00:00Z,,2026-09-25T18:38:58.428Z
CVE-2021-43163,2024-12-05T00:00:00Z,,2026-09-25T18:38:58.428Z
CVE-2021-43207,2022-06-13T00:00:00Z,,2026-09-25T18:38:58.428Z
CVE-2021-43226,2022-06-13T00:00:00Z,2025-10-06T00:00:00Z,2026-09-25T18:38:58.428Z
CVE-2021-43287,2023-05-02T00:00:00Z,,2026-09-25T18:38:58.428Z
CVE-2021-4332,2023-08-07T00:00:00Z,,2026-09-25T18:38:58.428Z
CVE-2021-4358,2023-06-07T00:00:00Z,,2026-09-25T18:38:58.428Z
CVE-2021-43711,2022-08-19T00:00:00Z,,2026-09-25T18:38:58.428Z
CVE-2021-43778,2022-05-31T00:00:00Z,,2026-09-25T18:38:58.428Z
CVE-2021-43798,2023-12-02T00:00:00Z,2025-10-09T00:00:00Z,2026-09-25T18:38:58.428Z
CVE-2021-43890,2021-12-14T00:00:00Z,2021-12-15T00:00:00Z,2026-09-25T18:38:58.428Z
CVE-2021-43936,2024-05-09T00:00:00Z,,2026-09-25T18:38:58.428Z
CVE-2021-44026,2023-06-20T00:00:00Z,2023-06-22T00:00:00Z,2026-09-25T18:38:58.428Z
CVE-2021-44077,2021-12-01T00:00:00Z,2021-12-01T00:00:00Z,2026-09-25T18:38:58.428Z
CVE-2021-44142,2024-07-25T00:00:00Z,,2026-09-25T18:38:58.428Z
CVE-2021-44168,2021-12-07T00:00:00Z,2021-12-10T00:00:00Z,2026-09-25T18:38:58.428Z
CVE-2021-44207,2022-03-08T00:00:00Z,2024-12-23T00:00:00Z,2026-09-25T18:38:58.428Z
CVE-2021-44228,2021-12-06T00:00:00Z,2021-12-10T00:00:00Z,2026-09-25T18:38:58.428Z
CVE-2021-4436,2024-03-04T00:00:00Z,,2026-09-25T18:38:58.428Z
CVE-2021-44427,2024-09-18T00:00:00Z,,2026-09-25T18:38:58.428Z
CVE-2021-4443,2024-10-15T00:00:00Z,,2026-09-25T18:38:58.428Z
CVE-2021-4444,2024-10-15T00:00:00Z,,2026-09-25T18:38:58.428Z
CVE-2021-4445,2024-10-15T00:00:00Z,,2026-09-25T18:38:58.428Z
CVE-2021-4446,2024-10-15T00:00:00Z,,2026-09-25T18:38:58.428Z
CVE-2021-4448,2024-10-15T00:00:00Z,,2026-09-25T18:38:58.428Z
CVE-2021-4449,2025-11-07T00:00:00Z,,2026-09-25T18:38:58.428Z
CVE-2021-44515,2021-12-10T00:00:00Z,2021-12-10T00:00:00Z,2026-09-25T18:38:58.428Z
CVE-2021-44529,2024-02-29T00:00:00Z,2024-03-25T00:00:00Z,2026-09-25T18:38:58.428Z
CVE-2021-4458,2026-03-10T00:00:00Z,,2026-09-25T18:38:58.428Z
CVE-2021-4461,2025-10-30T00:00:00Z,,2026-09-25T18:38:58.428Z
CVE-2021-4462,2025-11-10T00:00:00Z,,2026-09-25T18:38:58.428Z
CVE-2021-4473,2026-04-06T00:00:00Z,,2026-09-25T18:38:58.428Z
CVE-2021-44832,2023-02-14T00:00:00Z,,2026-09-25T18:38:58.428Z
CVE-2021-44868,2026-03-10T00:00:00Z,,2026-09-25T18:38:58.428Z
CVE-2021-44892,2024-07-15T00:00:00Z,,2026-09-25T18:38:58.428Z
CVE-2021-45046,2021-12-06T00:00:00Z,2023-05-01T00:00:00Z,2026-09-25T18:38:58.428Z
CVE-2021-45092,2024-01-22T00:00:00Z,,2026-09-25T18:38:58.428Z
CVE-2021-45105,2021-12-22T00:00:00Z,,2026-09-25T18:38:58.428Z
CVE-2021-45382,2022-04-01T00:00:00Z,2022-04-04T00:00:00Z,2026-09-25T18:38:58.428Z
CVE-2021-45420,2024-01-21T00:00:00Z,,2026-09-25T18:38:58.428Z
CVE-2021-45422,2025-06-05T00:00:00Z,,2026-09-25T18:38:58.428Z
CVE-2021-45461,2021-12-22T00:00:00Z,,2026-09-25T18:38:58.428Z
CVE-2021-45467,2024-05-15T00:00:00Z,,2026-09-25T18:38:58.428Z
CVE-2021-45511,2024-09-18T00:00:00Z,,2026-09-25T18:38:58.428Z
CVE-2021-45837,2024-07-25T00:00:00Z,,2026-09-25T18:38:58.428Z
CVE-2021-45967,2024-01-22T00:00:00Z,,2026-09-25T18:38:58.428Z
CVE-2021-46229,2025-06-17T00:00:00Z,,2026-09-25T18:38:58.428Z
CVE-2021-46379,2024-01-22T00:00:00Z,,2026-09-25T18:38:58.428Z
CVE-2021-46381,2024-01-22T00:00:00Z,,2026-09-25T18:38:58.428Z
CVE-2021-46417,2023-11-17T00:00:00Z,,2026-09-25T18:38:58.428Z
CVE-2021-46422,2022-12-06T00:00:00Z,,2026-09-25T18:38:58.428Z
CVE-2021-46442,2023-11-14T00:00:00Z,,2026-09-25T18:38:58.428Z
CVE-2021-47795,2026-01-25T00:00:00Z,,2026-09-25T18:38:58.428Z
CVE-2021-48008,2023-10-18T00:00:00Z,,2026-09-25T18:38:58.428Z
CVE-2022-0028,2022-08-10T00:00:00Z,2022-08-22T00:00:00Z,2026-09-25T18:38:58.428Z
CVE-2022-0073,2025-03-19T00:00:00Z,,2026-09-25T18:38:58.428Z
CVE-2022-0074,2025-03-19T00:00:00Z,,2026-09-25T18:38:58.428Z
CVE-2022-0142,2025-12-01T00:00:00Z,,2026-09-25T18:38:58.428Z
CVE-2022-0169,2025-09-11T00:00:00Z,,2026-09-25T18:38:58.428Z
CVE-2022-0185,2024-03-21T00:00:00Z,2024-08-21T00:00:00Z,2026-09-25T18:38:58.428Z
CVE-2022-0218,2022-01-13T00:00:00Z,,2026-09-25T18:38:58.428Z
CVE-2022-0288,2022-01-24T00:00:00Z,,2026-09-25T18:38:58.428Z
CVE-2022-0342,2025-10-17T00:00:00Z,,2026-09-25T18:38:58.428Z
CVE-2022-0346,2024-01-02T00:00:00Z,,2026-09-25T18:38:58.428Z
CVE-2022-0412,2026-09-16T00:00:00Z,,2026-09-25T18:38:58.428Z
CVE-2022-0429,2022-02-14T00:00:00Z,,2026-09-25T18:38:58.428Z
CVE-2022-0434,2025-06-07T00:00:00Z,,2026-09-25T18:38:58.428Z
CVE-2022-0441,2022-02-01T00:00:00Z,,2026-09-25T18:38:58.428Z
CVE-2022-0456,2023-01-17T00:00:00Z,,2026-09-25T18:38:58.428Z
CVE-2022-0482,2023-11-17T00:00:00Z,,2026-09-25T18:38:58.428Z
CVE-2022-0492,2026-06-01T00:00:00Z,2026-06-02T00:00:00Z,2026-09-25T18:38:58.428Z
CVE-2022-0540,2024-03-30T00:00:00Z,,2026-09-25T18:38:58.428Z
CVE-2022-0543,2022-03-24T00:00:00Z,2022-03-28T00:00:00Z,2026-09-25T18:38:58.428Z
CVE-2022-0591,2023-11-14T00:00:00Z,,2026-09-25T18:38:58.428Z
CVE-2022-0592,2024-01-22T00:00:00Z,,2026-09-25T18:38:58.428Z
CVE-2022-0609,2022-02-10T00:00:00Z,2022-02-15T00:00:00Z,2026-09-25T18:38:58.428Z
CVE-2022-0633,2026-05-04T00:00:00Z,,2026-09-25T18:38:58.428Z
CVE-2022-0653,2024-09-19T00:00:00Z,,2026-09-25T18:38:58.428Z
CVE-2022-0656,2023-12-25T00:00:00Z,,2026-09-25T18:38:58.428Z
CVE-2022-0679,2023-12-03T00:00:00Z,,2026-09-25T18:38:58.428Z
CVE-2022-0732,2023-07-27T00:00:00Z,,2026-09-25T18:38:58.428Z
CVE-2022-0747,2023-11-30T00:00:00Z,,2026-09-25T18:38:58.428Z
CVE-2022-0760,2023-12-10T00:00:00Z,,2026-09-25T18:38:58.428Z
CVE-2022-0769,2023-11-30T00:00:00Z,,2026-09-25T18:38:58.428Z
CVE-2022-0781,2023-11-17T00:00:00Z,,2026-09-25T18:38:58.428Z
CVE-2022-0784,2023-11-27T00:00:00Z,,2026-09-25T18:38:58.428Z
CVE-2022-0785,2026-03-10T00:00:00Z,,2026-09-25T18:38:58.428Z
CVE-2022-0786,2023-11-13T00:00:00Z,,2026-09-25T18:38:58.428Z
CVE-2022-0826,2023-11-30T00:00:00Z,,2026-09-25T18:38:58.428Z
CVE-2022-0827,2023-11-30T00:00:00Z,,2026-09-25T18:38:58.428Z
CVE-2022-0846,2023-11-30T00:00:00Z,,2026-09-25T18:38:58.428Z
CVE-2022-0847,2022-04-25T00:00:00Z,2022-04-25T00:00:00Z,2026-09-25T18:38:58.428Z
CVE-2022-0867,2023-11-14T00:00:00Z,,2026-09-25T18:38:58.428Z
CVE-2022-0885,2024-09-19T00:00:00Z,,2026-09-25T18:38:58.428Z
CVE-2022-0948,2026-03-09T00:00:00Z,,2026-09-25T18:38:58.428Z
CVE-2022-0952,2024-01-02T00:00:00Z,,2026-09-25T18:38:58.428Z
CVE-2022-0995,2026-08-20T00:00:00Z,2026-08-26T00:00:00Z,2026-09-25T18:38:58.428Z
CVE-2022-1006,2025-07-20T00:00:00Z,,2026-09-25T18:38:58.428Z
CVE-2022-1020,2024-01-21T00:00:00Z,,2026-09-25T18:38:58.428Z
CVE-2022-1026,2024-06-08T00:00:00Z,,2026-09-25T18:38:58.428Z
CVE-2022-1040,2022-03-21T00:00:00Z,2022-03-31T00:00:00Z,2026-09-25T18:38:58.428Z
CVE-2022-1057,2026-09-10T00:00:00Z,,2026-09-25T18:38:58.428Z
CVE-2022-1096,2022-03-23T00:00:00Z,2022-03-28T00:00:00Z,2026-09-25T18:38:58.428Z
CVE-2022-1097,2022-08-15T00:00:00Z,,2026-09-25T18:38:58.428Z
CVE-2022-1118,2023-05-02T00:00:00Z,,2026-09-25T18:38:58.428Z
CVE-2022-1221,2025-06-08T00:00:00Z,,2026-09-25T18:38:58.428Z
CVE-2022-1281,2026-05-04T00:00:00Z,,2026-09-25T18:38:58.428Z
CVE-2022-1329,2022-04-13T00:00:00Z,,2026-09-25T18:38:58.428Z
CVE-2022-1364,2022-04-13T00:00:00Z,2022-04-15T00:00:00Z,2026-09-25T18:38:58.428Z
CVE-2022-1386,2024-01-02T00:00:00Z,,2026-09-25T18:38:58.428Z
CVE-2022-1390,2023-11-27T00:00:00Z,,2026-09-25T18:38:58.428Z
CVE-2022-1391,2025-06-09T00:00:00Z,,2026-09-25T18:38:58.428Z
CVE-2022-1439,2023-12-20T00:00:00Z,,2026-09-25T18:38:58.428Z
CVE-2022-1453,2026-03-31T00:00:00Z,,2026-09-25T18:38:58.428Z
CVE-2022-1529,2022-08-15T00:00:00Z,,2026-09-25T18:38:58.428Z
CVE-2022-1574,2025-11-18T00:00:00Z,,2026-09-25T18:38:58.428Z
CVE-2022-1609,2022-05-20T00:00:00Z,,2026-09-25T18:38:58.428Z
CVE-2022-1654,2023-02-03T00:00:00Z,,2026-09-25T18:38:58.428Z
CVE-2022-1703,2025-10-23T00:00:00Z,,2026-09-25T18:38:58.428Z
CVE-2022-1768,2023-12-20T00:00:00Z,,2026-09-25T18:38:58.428Z
CVE-2022-1802,2022-08-15T00:00:00Z,,2026-09-25T18:38:58.428Z
CVE-2022-1883,2024-05-15T00:00:00Z,,2026-09-25T18:38:58.428Z
CVE-2022-1903,2022-06-06T00:00:00Z,,2026-09-25T18:38:58.428Z
CVE-2022-1916,2024-01-21T00:00:00Z,,2026-09-25T18:38:58.428Z
CVE-2022-1950,2023-12-23T00:00:00Z,,2026-09-25T18:38:58.428Z
CVE-2022-1952,2024-01-22T00:00:00Z,,2026-09-25T18:38:58.428Z
CVE-2022-2003,2022-07-14T00:00:00Z,,2026-09-25T18:38:58.428Z
CVE-2022-20699,2022-03-03T00:00:00Z,2022-03-03T00:00:00Z,2026-09-25T18:38:58.428Z
CVE-2022-20700,2022-03-03T00:00:00Z,2022-03-03T00:00:00Z,2026-09-25T18:38:58.428Z
CVE-2022-20701,2022-03-03T00:00:00Z,2022-03-03T00:00:00Z,2026-09-25T18:38:58.428Z
CVE-2022-20703,2022-03-03T00:00:00Z,2022-03-03T00:00:00Z,2026-09-25T18:38:58.428Z
CVE-2022-20705,2025-09-03T00:00:00Z,,2026-09-25T18:38:58.428Z
CVE-2022-20707,2024-09-18T00:00:00Z,,2026-09-25T18:38:58.428Z
CVE-2022-20708,2022-03-03T00:00:00Z,2022-03-03T00:00:00Z,2026-09-25T18:38:58.428Z
CVE-2022-20775,2026-02-25T00:00:00Z,2026-02-25T00:00:00Z,2026-09-25T18:38:58.428Z
CVE-2022-20821,2022-05-20T00:00:00Z,2022-05-23T00:00:00Z,2026-09-25T18:38:58.428Z
CVE-2022-20933,2025-03-31T00:00:00Z,,2026-09-25T18:38:58.428Z
CVE-2022-21371,2022-08-19T00:00:00Z,,2026-09-25T18:38:58.428Z
CVE-2022-21445,2023-10-08T00:00:00Z,2024-09-18T00:00:00Z,2026-09-25T18:38:58.428Z
CVE-2022-21500,2023-12-08T00:00:00Z,,2026-09-25T18:38:58.428Z
CVE-2022-21587,2023-02-02T00:00:00Z,2023-02-02T00:00:00Z,2026-09-25T18:38:58.428Z
CVE-2022-21589,2024-02-20T00:00:00Z,,2026-09-25T18:38:58.428Z
CVE-2022-21661,2023-12-23T00:00:00Z,,2026-09-25T18:38:58.428Z
CVE-2022-21662,2022-08-19T00:00:00Z,,2026-09-25T18:38:58.428Z
CVE-2022-21882,2022-01-11T00:00:00Z,2022-02-04T00:00:00Z,2026-09-25T18:38:58.428Z
CVE-2022-21894,2023-03-01T00:00:00Z,,2026-09-25T18:38:58.428Z
CVE-2022-21907,2024-05-07T00:00:00Z,,2026-09-25T18:38:58.428Z
CVE-2022-21919,2022-04-25T00:00:00Z,2022-04-25T00:00:00Z,2026-09-25T18:38:58.428Z
CVE-2022-21971,2022-08-18T00:00:00Z,2022-08-18T00:00:00Z,2026-09-25T18:38:58.428Z
CVE-2022-21999,2022-03-25T00:00:00Z,2022-03-25T00:00:00Z,2026-09-25T18:38:58.428Z
CVE-2022-22005,2024-07-25T00:00:00Z,,2026-09-25T18:38:58.428Z
CVE-2022-22047,2022-07-12T00:00:00Z,2022-07-12T00:00:00Z,2026-09-25T18:38:58.428Z
CVE-2022-22071,2023-10-02T00:00:00Z,2023-12-05T00:00:00Z,2026-09-25T18:38:58.428Z
CVE-2022-22241,2022-10-18T00:00:00Z,,2026-09-25T18:38:58.428Z
CVE-2022-22242,2023-11-25T00:00:00Z,,2026-09-25T18:38:58.428Z
CVE-2022-22265,2022-01-01T00:00:00Z,2023-09-18T00:00:00Z,2026-09-25T18:38:58.428Z
CVE-2022-22274,2024-09-12T00:00:00Z,,2026-09-25T18:38:58.428Z
CVE-2022-22279,2023-05-15T00:00:00Z,,2026-09-25T18:38:58.428Z
CVE-2022-22536,2022-08-18T00:00:00Z,2022-08-18T00:00:00Z,2026-09-25T18:38:58.428Z
CVE-2022-22587,2022-01-26T00:00:00Z,2022-01-28T00:00:00Z,2026-09-25T18:38:58.428Z
CVE-2022-22620,2022-02-10T00:00:00Z,2022-02-11T00:00:00Z,2026-09-25T18:38:58.428Z
CVE-2022-22674,2022-03-31T00:00:00Z,2022-04-04T00:00:00Z,2026-09-25T18:38:58.428Z
CVE-2022-22675,2022-03-31T00:00:00Z,2022-04-04T00:00:00Z,2026-09-25T18:38:58.428Z
CVE-2022-22706,2022-01-06T00:00:00Z,2023-03-30T00:00:00Z,2026-09-25T18:38:58.428Z
CVE-2022-22718,2022-04-19T00:00:00Z,2022-04-19T00:00:00Z,2026-09-25T18:38:58.428Z
CVE-2022-22897,2024-08-06T00:00:00Z,,2026-09-25T18:38:58.428Z
CVE-2022-2290,2026-01-29T00:00:00Z,,2026-09-25T18:38:58.428Z
CVE-2022-2294,2022-07-01T00:00:00Z,2022-08-25T00:00:00Z,2026-09-25T18:38:58.428Z
CVE-2022-22947,2022-04-27T00:00:00Z,2022-05-16T00:00:00Z,2026-09-25T18:38:58.428Z
CVE-2022-22948,2024-06-18T00:00:00Z,2024-07-17T00:00:00Z,2026-09-25T18:38:58.428Z
CVE-2022-2295,2023-09-05T00:00:00Z,,2026-09-25T18:38:58.428Z
CVE-2022-22954,2022-04-06T00:00:00Z,2022-04-14T00:00:00Z,2026-09-25T18:38:58.428Z
CVE-2022-22956,2025-09-03T00:00:00Z,,2026-09-25T18:38:58.428Z
CVE-2022-22957,2025-09-03T00:00:00Z,,2026-09-25T18:38:58.428Z
CVE-2022-22960,2022-04-06T00:00:00Z,2022-04-15T00:00:00Z,2026-09-25T18:38:58.428Z
CVE-2022-22963,2022-08-19T00:00:00Z,2022-08-25T00:00:00Z,2026-09-25T18:38:58.428Z
CVE-2022-22965,2022-04-04T00:00:00Z,2022-04-04T00:00:00Z,2026-09-25T18:38:58.428Z
CVE-2022-23125,2025-10-14T00:00:00Z,,2026-09-25T18:38:58.428Z
CVE-2022-23131,2022-02-22T00:00:00Z,2022-02-22T00:00:00Z,2026-09-25T18:38:58.428Z
CVE-2022-23134,2022-02-22T00:00:00Z,2022-02-22T00:00:00Z,2026-09-25T18:38:58.428Z
CVE-2022-2314,2024-01-01T00:00:00Z,,2026-09-25T18:38:58.428Z
CVE-2022-23176,2022-03-17T00:00:00Z,2022-04-11T00:00:00Z,2026-09-25T18:38:58.428Z
CVE-2022-23178,2024-06-26T00:00:00Z,,2026-09-25T18:38:58.428Z
CVE-2022-23227,2024-12-18T00:00:00Z,2024-12-18T00:00:00Z,2026-09-25T18:38:58.428Z
CVE-2022-23347,2023-11-13T00:00:00Z,,2026-09-25T18:38:58.428Z
CVE-2022-23397,2025-07-22T00:00:00Z,,2026-09-25T18:38:58.428Z
CVE-2022-23714,2023-01-17T00:00:00Z,,2026-09-25T18:38:58.428Z
CVE-2022-23748,2023-10-11T00:00:00Z,2025-02-06T00:00:00Z,2026-09-25T18:38:58.428Z
CVE-2022-2376,2024-01-22T00:00:00Z,,2026-09-25T18:38:58.428Z
CVE-2022-23812,2022-03-16T00:00:00Z,,2026-09-25T18:38:58.428Z
CVE-2022-2383,2022-07-26T00:00:00Z,,2026-09-25T18:38:58.428Z
CVE-2022-23900,2024-12-05T00:00:00Z,,2026-09-25T18:38:58.428Z
CVE-2022-23961,2023-12-31T00:00:00Z,,2026-09-25T18:38:58.428Z
CVE-2022-24086,2022-02-14T00:00:00Z,2022-02-15T00:00:00Z,2026-09-25T18:38:58.428Z
CVE-2022-24112,2022-08-19T00:00:00Z,2022-08-25T00:00:00Z,2026-09-25T18:38:58.428Z
CVE-2022-2414,2023-11-15T00:00:00Z,,2026-09-25T18:38:58.428Z
CVE-2022-24260,2022-08-19T00:00:00Z,,2026-09-25T18:38:58.428Z
CVE-2022-24288,2023-12-08T00:00:00Z,,2026-09-25T18:38:58.428Z
CVE-2022-24463,2024-05-06T00:00:00Z,,2026-09-25T18:38:58.428Z
CVE-2022-24481,2025-08-20T00:00:00Z,,2026-09-25T18:38:58.428Z
CVE-2022-24500,2023-01-17T00:00:00Z,,2026-09-25T18:38:58.428Z
CVE-2022-24521,2022-04-12T00:00:00Z,2022-04-13T00:00:00Z,2026-09-25T18:38:58.428Z
CVE-2022-2461,2022-07-25T00:00:00Z,,2026-09-25T18:38:58.428Z
CVE-2022-24663,2024-07-25T00:00:00Z,,2026-09-25T18:38:58.428Z
CVE-2022-24664,2024-07-25T00:00:00Z,,2026-09-25T18:38:58.428Z
CVE-2022-24665,2024-07-25T00:00:00Z,,2026-09-25T18:38:58.428Z
CVE-2022-24682,2021-12-16T00:00:00Z,2022-02-25T00:00:00Z,2026-09-25T18:38:58.428Z
CVE-2022-24706,2022-03-06T00:00:00Z,2022-08-25T00:00:00Z,2026-09-25T18:38:58.428Z
CVE-2022-24716,2024-01-22T00:00:00Z,,2026-09-25T18:38:58.428Z
CVE-2022-24785,2024-07-25T00:00:00Z,,2026-09-25T18:38:58.428Z
CVE-2022-24816,2024-01-22T00:00:00Z,2024-06-26T00:00:00Z,2026-09-25T18:38:58.428Z
CVE-2022-24847,2024-07-16T00:00:00Z,,2026-09-25T18:38:58.428Z
CVE-2022-2486,2023-01-12T00:00:00Z,,2026-09-25T18:38:58.428Z
CVE-2022-2487,2023-11-14T00:00:00Z,,2026-09-25T18:38:58.428Z
CVE-2022-2488,2023-11-13T00:00:00Z,,2026-09-25T18:38:58.428Z
CVE-2022-24934,2022-03-22T00:00:00Z,,2026-09-25T18:38:58.428Z
CVE-2022-24989,2024-02-22T00:00:00Z,,2026-09-25T18:38:58.428Z
CVE-2022-24990,2022-04-11T00:00:00Z,2023-02-10T00:00:00Z,2026-09-25T18:38:58.428Z
CVE-2022-25060,2022-08-19T00:00:00Z,,2026-09-25T18:38:58.428Z
CVE-2022-25064,2024-07-25T00:00:00Z,,2026-09-25T18:38:58.428Z
CVE-2022-25075,2022-04-01T00:00:00Z,,2026-09-25T18:38:58.428Z
CVE-2022-25076,2022-04-01T00:00:00Z,,2026-09-25T18:38:58.428Z
CVE-2022-25077,2022-04-01T00:00:00Z,,2026-09-25T18:38:58.428Z
CVE-2022-25078,2022-04-01T00:00:00Z,,2026-09-25T18:38:58.428Z
CVE-2022-25079,2022-04-01T00:00:00Z,,2026-09-25T18:38:58.428Z
CVE-2022-25080,2022-04-01T00:00:00Z,,2026-09-25T18:38:58.428Z
CVE-2022-25081,2022-04-01T00:00:00Z,,2026-09-25T18:38:58.428Z
CVE-2022-25082,2022-04-01T00:00:00Z,,2026-09-25T18:38:58.428Z
CVE-2022-25083,2022-04-01T00:00:00Z,,2026-09-25T18:38:58.428Z
CVE-2022-25084,2022-04-01T00:00:00Z,,2026-09-25T18:38:58.428Z
CVE-2022-25134,2022-08-19T00:00:00Z,,2026-09-25T18:38:58.428Z
CVE-2022-25237,2024-05-15T00:00:00Z,,2026-09-25T18:38:58.428Z
CVE-2022-25322,2024-01-22T00:00:00Z,,2026-09-25T18:38:58.428Z
CVE-2022-25335,2022-02-18T00:00:00Z,,2026-09-25T18:38:58.428Z
CVE-2022-25369,2023-11-14T00:00:00Z,,2026-09-25T18:38:58.428Z
CVE-2022-25485,2024-01-22T00:00:00Z,,2026-09-25T18:38:58.428Z
CVE-2022-25486,2024-01-22T00:00:00Z,,2026-09-25T18:38:58.428Z
CVE-2022-25487,2023-12-03T00:00:00Z,,2026-09-25T18:38:58.428Z
CVE-2022-25488,2025-06-08T00:00:00Z,,2026-09-25T18:38:58.428Z
CVE-2022-25497,2026-09-17T00:00:00Z,,2026-09-25T18:38:58.428Z
CVE-2022-2551,2023-02-01T00:00:00Z,,2026-09-25T18:38:58.428Z
CVE-2022-2586,2024-06-19T00:00:00Z,2024-06-26T00:00:00Z,2026-09-25T18:38:58.428Z
CVE-2022-26134,2022-03-06T00:00:00Z,2022-06-02T00:00:00Z,2026-09-25T18:38:58.428Z
CVE-2022-26138,2022-07-29T00:00:00Z,2022-07-29T00:00:00Z,2026-09-25T18:38:58.428Z
CVE-2022-26143,2022-03-08T00:00:00Z,2022-03-25T00:00:00Z,2026-09-25T18:38:58.428Z
CVE-2022-26186,2022-04-01T00:00:00Z,,2026-09-25T18:38:58.428Z
CVE-2022-26187,2025-04-21T00:00:00Z,,2026-09-25T18:38:58.428Z
CVE-2022-26210,2022-04-01T00:00:00Z,,2026-09-25T18:38:58.428Z
CVE-2022-26258,2022-09-06T00:00:00Z,2022-09-08T00:00:00Z,2026-09-25T18:38:58.428Z
CVE-2022-26318,2022-03-17T00:00:00Z,2022-03-25T00:00:00Z,2026-09-25T18:38:58.428Z
CVE-2022-26352,2022-05-18T00:00:00Z,2022-08-25T00:00:00Z,2026-09-25T18:38:58.428Z
CVE-2022-26485,2022-03-05T00:00:00Z,2022-03-07T00:00:00Z,2026-09-25T18:38:58.428Z
CVE-2022-26486,2022-03-05T00:00:00Z,2022-03-07T00:00:00Z,2026-09-25T18:38:58.428Z
CVE-2022-26500,2022-10-24T00:00:00Z,2022-12-13T00:00:00Z,2026-09-25T18:38:58.428Z
CVE-2022-26501,2022-10-24T00:00:00Z,2022-12-13T00:00:00Z,2026-09-25T18:38:58.428Z
CVE-2022-26504,2022-10-24T00:00:00Z,,2026-09-25T18:38:58.428Z
CVE-2022-26522,2022-12-05T00:00:00Z,,2026-09-25T18:38:58.428Z
CVE-2022-26523,2022-12-05T00:00:00Z,,2026-09-25T18:38:58.428Z
CVE-2022-26809,2022-04-14T00:00:00Z,,2026-09-25T18:38:58.428Z
CVE-2022-26833,2024-01-22T00:00:00Z,,2026-09-25T18:38:58.428Z
CVE-2022-26871,2022-03-31T00:00:00Z,2022-03-31T00:00:00Z,2026-09-25T18:38:58.428Z
CVE-2022-26904,2022-04-14T00:00:00Z,2022-04-25T00:00:00Z,2026-09-25T18:38:58.428Z
CVE-2022-26923,2022-08-18T00:00:00Z,2022-08-18T00:00:00Z,2026-09-25T18:38:58.428Z
CVE-2022-26925,2022-05-10T00:00:00Z,2022-07-01T00:00:00Z,2026-09-25T18:38:58.428Z
CVE-2022-27002,2023-06-22T00:00:00Z,,2026-09-25T18:38:58.428Z
CVE-2022-27226,2022-04-12T00:00:00Z,,2026-09-25T18:38:58.428Z
CVE-2022-27228,2023-03-07T00:00:00Z,,2026-09-25T18:38:58.428Z
CVE-2022-27510,2023-01-13T00:00:00Z,,2026-09-25T18:38:58.428Z
CVE-2022-27518,2022-12-13T00:00:00Z,2022-12-13T00:00:00Z,2026-09-25T18:38:58.428Z
CVE-2022-27593,2022-05-18T00:00:00Z,2022-09-08T00:00:00Z,2026-09-25T18:38:58.428Z
CVE-2022-27924,2022-08-04T00:00:00Z,2022-08-04T00:00:00Z,2026-09-25T18:38:58.428Z
CVE-2022-27925,2022-08-11T00:00:00Z,2022-08-11T00:00:00Z,2026-09-25T18:38:58.428Z
CVE-2022-27926,2023-03-30T00:00:00Z,2023-04-03T00:00:00Z,2026-09-25T18:38:58.428Z
CVE-2022-27927,2026-09-14T00:00:00Z,,2026-09-25T18:38:58.428Z
CVE-2022-28005,2023-11-25T00:00:00Z,,2026-09-25T18:38:58.428Z
CVE-2022-28054,2025-10-20T00:00:00Z,,2026-09-25T18:38:58.428Z
CVE-2022-28079,2023-11-13T00:00:00Z,,2026-09-25T18:38:58.428Z
CVE-2022-28219,2023-11-13T00:00:00Z,,2026-09-25T18:38:58.428Z
CVE-2022-28281,2022-08-15T00:00:00Z,,2026-09-25T18:38:58.428Z
CVE-2022-28290,2026-05-16T00:00:00Z,,2026-09-25T18:38:58.428Z
CVE-2022-28363,2025-06-05T00:00:00Z,,2026-09-25T18:38:58.428Z
CVE-2022-28365,2025-06-05T00:00:00Z,,2026-09-25T18:38:58.428Z
CVE-2022-28368,2026-09-24T00:00:00Z,,2026-09-25T18:38:58.428Z
CVE-2022-2856,2022-07-19T00:00:00Z,2022-08-18T00:00:00Z,2026-09-25T18:38:58.428Z
CVE-2022-28666,2022-06-28T00:00:00Z,,2026-09-25T18:38:58.428Z
CVE-2022-28810,2022-04-14T00:00:00Z,2023-03-07T00:00:00Z,2026-09-25T18:38:58.428Z
CVE-2022-28906,2025-07-13T00:00:00Z,,2026-09-25T18:38:58.428Z
CVE-2022-28907,2025-07-13T00:00:00Z,,2026-09-25T18:38:58.428Z
CVE-2022-28908,2025-07-21T00:00:00Z,,2026-09-25T18:38:58.428Z
CVE-2022-28912,2025-04-19T00:00:00Z,,2026-09-25T18:38:58.428Z
CVE-2022-28956,2025-10-15T00:00:00Z,,2026-09-25T18:38:58.428Z
CVE-2022-28987,2026-04-01T00:00:00Z,,2026-09-25T18:38:58.428Z
CVE-2022-29007,2023-11-13T00:00:00Z,,2026-09-25T18:38:58.428Z
CVE-2022-29013,2023-04-27T00:00:00Z,,2026-09-25T18:38:58.428Z
CVE-2022-29014,2023-11-13T00:00:00Z,,2026-09-25T18:38:58.428Z
CVE-2022-29078,2024-09-18T00:00:00Z,,2026-09-25T18:38:58.428Z
CVE-2022-29081,2024-01-06T00:00:00Z,,2026-09-25T18:38:58.428Z
CVE-2022-2915,2025-10-23T00:00:00Z,,2026-09-25T18:38:58.428Z
CVE-2022-29153,2023-11-13T00:00:00Z,,2026-09-25T18:38:58.428Z
CVE-2022-29303,2022-08-04T00:00:00Z,2023-07-13T00:00:00Z,2026-09-25T18:38:58.428Z
CVE-2022-29383,2023-11-13T00:00:00Z,,2026-09-25T18:38:58.428Z
CVE-2022-29444,2022-05-02T00:00:00Z,,2026-09-25T18:38:58.428Z
CVE-2022-29464,2022-04-22T00:00:00Z,2022-04-25T00:00:00Z,2026-09-25T18:38:58.428Z
CVE-2022-29499,2022-05-18T00:00:00Z,2022-06-27T00:00:00Z,2026-09-25T18:38:58.428Z
CVE-2022-2958,2023-11-17T00:00:00Z,,2026-09-25T18:38:58.428Z
CVE-2022-30023,2022-12-21T00:00:00Z,,2026-09-25T18:38:58.428Z
CVE-2022-30047,2026-09-14T00:00:00Z,,2026-09-25T18:38:58.428Z
CVE-2022-30075,2024-11-26T00:00:00Z,,2026-09-25T18:38:58.428Z
CVE-2022-30136,2023-05-02T00:00:00Z,,2026-09-25T18:38:58.428Z
CVE-2022-30170,2022-11-08T00:00:00Z,,2026-09-25T18:38:58.428Z
CVE-2022-30190,2022-05-30T00:00:00Z,2022-06-14T00:00:00Z,2026-09-25T18:38:58.428Z
CVE-2022-30333,2022-08-09T00:00:00Z,2022-08-09T00:00:00Z,2026-09-25T18:38:58.428Z
CVE-2022-3038,2023-03-29T00:00:00Z,2023-03-30T00:00:00Z,2026-09-25T18:38:58.428Z
CVE-2022-30425,2026-03-11T00:00:00Z,,2026-09-25T18:38:58.428Z
CVE-2022-30525,2022-05-14T00:00:00Z,2022-05-16T00:00:00Z,2026-09-25T18:38:58.428Z
CVE-2022-3075,2022-08-30T00:00:00Z,2022-09-08T00:00:00Z,2026-09-25T18:38:58.428Z
CVE-2022-30777,2026-01-29T00:00:00Z,,2026-09-25T18:38:58.428Z
CVE-2022-31126,2023-11-13T00:00:00Z,,2026-09-25T18:38:58.428Z
CVE-2022-31137,2022-12-21T00:00:00Z,,2026-09-25T18:38:58.428Z
CVE-2022-31161,2025-06-03T00:00:00Z,,2026-09-25T18:38:58.428Z
CVE-2022-31181,2022-07-22T00:00:00Z,,2026-09-25T18:38:58.428Z
CVE-2022-31197,2025-12-08T00:00:00Z,,2026-09-25T18:38:58.428Z
CVE-2022-31199,2022-12-08T00:00:00Z,2023-07-11T00:00:00Z,2026-09-25T18:38:58.428Z
CVE-2022-31208,2026-01-22T00:00:00Z,,2026-09-25T18:38:58.428Z
CVE-2022-3124,2022-09-07T00:00:00Z,,2026-09-25T18:38:58.428Z
CVE-2022-3125,2022-09-07T00:00:00Z,,2026-09-25T18:38:58.428Z
CVE-2022-31374,2023-07-05T00:00:00Z,,2026-09-25T18:38:58.428Z
CVE-2022-31446,2024-05-22T00:00:00Z,,2026-09-25T18:38:58.428Z
CVE-2022-31474,2023-01-12T00:00:00Z,,2026-09-25T18:38:58.428Z
CVE-2022-31499,2023-01-12T00:00:00Z,,2026-09-25T18:38:58.428Z
CVE-2022-31656,2023-11-13T00:00:00Z,,2026-09-25T18:38:58.428Z
CVE-2022-31675,2022-08-10T00:00:00Z,,2026-09-25T18:38:58.428Z
CVE-2022-31678,2023-03-08T00:00:00Z,,2026-09-25T18:38:58.428Z
CVE-2022-31704,2023-12-20T00:00:00Z,,2026-09-25T18:38:58.428Z
CVE-2022-31706,2023-12-20T00:00:00Z,,2026-09-25T18:38:58.428Z
CVE-2022-31711,2023-12-20T00:00:00Z,,2026-09-25T18:38:58.428Z
CVE-2022-31793,2023-11-13T00:00:00Z,,2026-09-25T18:38:58.428Z
CVE-2022-3180,2022-09-13T00:00:00Z,,2026-09-25T18:38:58.428Z
CVE-2022-31814,2024-09-18T00:00:00Z,,2026-09-25T18:38:58.428Z
CVE-2022-31847,2024-01-02T00:00:00Z,,2026-09-25T18:38:58.428Z
CVE-2022-31984,2025-06-08T00:00:00Z,,2026-09-25T18:38:58.428Z
CVE-2022-32024,2026-09-14T00:00:00Z,,2026-09-25T18:38:58.428Z
CVE-2022-32025,2026-09-14T00:00:00Z,,2026-09-25T18:38:58.428Z
CVE-2022-32026,2026-09-14T00:00:00Z,,2026-09-25T18:38:58.428Z
CVE-2022-32028,2026-09-14T00:00:00Z,,2026-09-25T18:38:58.428Z
CVE-2022-3236,2022-09-16T00:00:00Z,2022-09-23T00:00:00Z,2026-09-25T18:38:58.428Z
CVE-2022-32409,2023-11-15T00:00:00Z,,2026-09-25T18:38:58.428Z
CVE-2022-3254,2026-04-01T00:00:00Z,,2026-09-25T18:38:58.428Z
CVE-2022-32893,2022-08-17T00:00:00Z,2022-08-18T00:00:00Z,2026-09-25T18:38:58.428Z
CVE-2022-32894,2022-08-17T00:00:00Z,2022-08-18T00:00:00Z,2026-09-25T18:38:58.428Z
CVE-2022-32917,2022-09-12T00:00:00Z,2022-09-14T00:00:00Z,2026-09-25T18:38:58.428Z
CVE-2022-33198,2022-06-30T00:00:00Z,,2026-09-25T18:38:58.428Z
CVE-2022-33891,2022-12-21T00:00:00Z,2023-03-07T00:00:00Z,2026-09-25T18:38:58.428Z
CVE-2022-33896,2025-10-27T00:00:00Z,,2026-09-25T18:38:58.428Z
CVE-2022-34121,2023-11-13T00:00:00Z,,2026-09-25T18:38:58.428Z
CVE-2022-34151,2022-08-13T00:00:00Z,,2026-09-25T18:38:58.428Z
CVE-2022-34154,2022-08-01T00:00:00Z,,2026-09-25T18:38:58.428Z
CVE-2022-34305,2023-11-09T00:00:00Z,,2026-09-25T18:38:58.428Z
CVE-2022-34478,2022-06-15T00:00:00Z,,2026-09-25T18:38:58.428Z
CVE-2022-34487,2022-06-30T00:00:00Z,,2026-09-25T18:38:58.428Z
CVE-2022-34538,2022-12-06T00:00:00Z,,2026-09-25T18:38:58.428Z
CVE-2022-34713,2022-08-09T00:00:00Z,2022-08-09T00:00:00Z,2026-09-25T18:38:58.428Z
CVE-2022-34721,2022-11-25T00:00:00Z,,2026-09-25T18:38:58.428Z
CVE-2022-34753,2023-11-13T00:00:00Z,,2026-09-25T18:38:58.428Z
CVE-2022-3477,2022-10-24T00:00:00Z,,2026-09-25T18:38:58.428Z
CVE-2022-3481,2025-07-21T00:00:00Z,,2026-09-25T18:38:58.428Z
CVE-2022-34918,2025-02-26T00:00:00Z,,2026-09-25T18:38:58.428Z
CVE-2022-35405,2022-09-22T00:00:00Z,2022-09-22T00:00:00Z,2026-09-25T18:38:58.428Z
CVE-2022-35413,2023-11-13T00:00:00Z,,2026-09-25T18:38:58.428Z
CVE-2022-35555,2024-05-22T00:00:00Z,,2026-09-25T18:38:58.428Z
CVE-2022-35653,2024-02-15T00:00:00Z,,2026-09-25T18:38:58.428Z
CVE-2022-3573,2025-01-15T00:00:00Z,,2026-09-25T18:38:58.428Z
CVE-2022-35733,2024-06-19T00:00:00Z,,2026-09-25T18:38:58.428Z
CVE-2022-35803,2025-08-20T00:00:00Z,,2026-09-25T18:38:58.428Z
CVE-2022-35871,2024-02-20T00:00:00Z,,2026-09-25T18:38:58.428Z
CVE-2022-3590,2024-09-18T00:00:00Z,,2026-09-25T18:38:58.428Z
CVE-2022-35914,2022-10-05T00:00:00Z,2023-03-07T00:00:00Z,2026-09-25T18:38:58.428Z
CVE-2022-36267,2023-02-15T00:00:00Z,,2026-09-25T18:38:58.428Z
CVE-2022-36509,2024-01-22T00:00:00Z,,2026-09-25T18:38:58.428Z
CVE-2022-36537,2023-02-14T00:00:00Z,2023-02-27T00:00:00Z,2026-09-25T18:38:58.428Z
CVE-2022-36553,2024-01-21T00:00:00Z,,2026-09-25T18:38:58.428Z
CVE-2022-36559,2024-12-05T00:00:00Z,,2026-09-25T18:38:58.428Z
CVE-2022-36560,2024-01-05T00:00:00Z,,2026-09-25T18:38:58.428Z
CVE-2022-36642,2023-11-13T00:00:00Z,,2026-09-25T18:38:58.428Z
CVE-2022-36804,2022-09-30T00:00:00Z,2022-09-30T00:00:00Z,2026-09-25T18:38:58.428Z
CVE-2022-36883,2026-07-30T00:00:00Z,,2026-09-25T18:38:58.428Z
CVE-2022-36923,2023-11-17T00:00:00Z,,2026-09-25T18:38:58.428Z
CVE-2022-3699,2024-12-19T00:00:00Z,,2026-09-25T18:38:58.428Z
CVE-2022-37042,2022-08-10T00:00:00Z,2022-08-11T00:00:00Z,2026-09-25T18:38:58.428Z
CVE-2022-37055,2024-05-24T00:00:00Z,2025-12-08T00:00:00Z,2026-09-25T18:38:58.428Z
CVE-2022-37056,2024-12-26T00:00:00Z,,2026-09-25T18:38:58.428Z
CVE-2022-37061,2022-12-06T00:00:00Z,,2026-09-25T18:38:58.428Z
CVE-2022-37129,2025-10-09T00:00:00Z,,2026-09-25T18:38:58.428Z
CVE-2022-37153,2025-09-16T00:00:00Z,,2026-09-25T18:38:58.428Z
CVE-2022-3723,2022-10-25T00:00:00Z,2022-10-28T00:00:00Z,2026-09-25T18:38:58.428Z
CVE-2022-37299,2025-06-07T00:00:00Z,,2026-09-25T18:38:58.428Z
CVE-2022-37450,2022-01-03T00:00:00Z,,2026-09-25T18:38:58.428Z
CVE-2022-37661,2022-11-24T00:00:00Z,,2026-09-25T18:38:58.428Z
CVE-2022-37932,2025-09-25T00:00:00Z,,2026-09-25T18:38:58.428Z
CVE-2022-37969,2022-09-13T00:00:00Z,2022-09-14T00:00:00Z,2026-09-25T18:38:58.428Z
CVE-2022-3801,2023-11-13T00:00:00Z,,2026-09-25T18:38:58.428Z
CVE-2022-38028,2024-04-22T00:00:00Z,2024-04-23T00:00:00Z,2026-09-25T18:38:58.428Z
CVE-2022-3805,2023-01-03T00:00:00Z,,2026-09-25T18:38:58.428Z
CVE-2022-38130,2023-11-18T00:00:00Z,,2026-09-25T18:38:58.428Z
CVE-2022-38181,2023-03-29T00:00:00Z,2023-03-30T00:00:00Z,2026-09-25T18:38:58.428Z
CVE-2022-38296,2026-03-07T00:00:00Z,,2026-09-25T18:38:58.428Z
CVE-2022-38511,2023-10-09T00:00:00Z,,2026-09-25T18:38:58.428Z
CVE-2022-38627,2025-07-13T00:00:00Z,,2026-09-25T18:38:58.428Z
CVE-2022-38840,2025-07-21T00:00:00Z,,2026-09-25T18:38:58.428Z
CVE-2022-3911,2023-02-02T00:00:00Z,,2026-09-25T18:38:58.428Z
CVE-2022-39197,2023-01-17T00:00:00Z,2023-03-30T00:00:00Z,2026-09-25T18:38:58.428Z
CVE-2022-39290,2025-06-07T00:00:00Z,,2026-09-25T18:38:58.428Z
CVE-2022-3980,2023-11-13T00:00:00Z,,2026-09-25T18:38:58.428Z
CVE-2022-3982,2023-12-23T00:00:00Z,,2026-09-25T18:38:58.428Z
CVE-2022-39952,2023-07-05T00:00:00Z,,2026-09-25T18:38:58.428Z
CVE-2022-39960,2023-11-13T00:00:00Z,,2026-09-25T18:38:58.428Z
CVE-2022-39986,2023-11-13T00:00:00Z,,2026-09-25T18:38:58.428Z
CVE-2022-40005,2023-06-22T00:00:00Z,,2026-09-25T18:38:58.428Z
CVE-2022-40022,2023-11-13T00:00:00Z,,2026-09-25T18:38:58.428Z
CVE-2022-40139,2022-09-13T00:00:00Z,2022-09-15T00:00:00Z,2026-09-25T18:38:58.428Z
CVE-2022-40303,2022-12-13T00:00:00Z,,2026-09-25T18:38:58.428Z
CVE-2022-40304,2022-12-13T00:00:00Z,,2026-09-25T18:38:58.428Z
CVE-2022-40475,2023-10-09T00:00:00Z,,2026-09-25T18:38:58.428Z
CVE-2022-4050,2023-11-13T00:00:00Z,,2026-09-25T18:38:58.428Z
CVE-2022-4059,2026-04-30T00:00:00Z,,2026-09-25T18:38:58.428Z
CVE-2022-4060,2022-12-26T00:00:00Z,,2026-09-25T18:38:58.428Z
CVE-2022-40619,2026-01-26T00:00:00Z,,2026-09-25T18:38:58.428Z
CVE-2022-4063,2023-11-13T00:00:00Z,,2026-09-25T18:38:58.428Z
CVE-2022-40684,2022-10-10T00:00:00Z,2022-10-11T00:00:00Z,2026-09-25T18:38:58.428Z
CVE-2022-40734,2022-09-14T00:00:00Z,,2026-09-25T18:38:58.428Z
CVE-2022-40765,2023-02-21T00:00:00Z,2023-02-21T00:00:00Z,2026-09-25T18:38:58.428Z
CVE-2022-40769,2022-09-18T00:00:00Z,,2026-09-25T18:38:58.428Z
CVE-2022-40799,2025-08-05T00:00:00Z,2025-08-05T00:00:00Z,2026-09-25T18:38:58.428Z
CVE-2022-40843,2025-06-05T00:00:00Z,,2026-09-25T18:38:58.428Z
CVE-2022-40881,2023-11-13T00:00:00Z,,2026-09-25T18:38:58.428Z
CVE-2022-41033,2022-10-11T00:00:00Z,2022-10-11T00:00:00Z,2026-09-25T18:38:58.428Z
CVE-2022-41040,2022-09-29T00:00:00Z,2022-09-30T00:00:00Z,2026-09-25T18:38:58.428Z
CVE-2022-41049,2022-11-11T00:00:00Z,2022-11-14T00:00:00Z,2026-09-25T18:38:58.428Z
CVE-2022-41073,2022-11-08T00:00:00Z,2022-11-08T00:00:00Z,2026-09-25T18:38:58.428Z
CVE-2022-41080,2022-12-20T00:00:00Z,2023-01-10T00:00:00Z,2026-09-25T18:38:58.428Z
CVE-2022-41082,2022-09-29T00:00:00Z,2022-09-30T00:00:00Z,2026-09-25T18:38:58.428Z
CVE-2022-41091,2022-11-08T00:00:00Z,2022-11-08T00:00:00Z,2026-09-25T18:38:58.428Z
CVE-2022-41125,2022-11-08T00:00:00Z,2022-11-08T00:00:00Z,2026-09-25T18:38:58.428Z
CVE-2022-41128,2022-11-08T00:00:00Z,2022-11-08T00:00:00Z,2026-09-25T18:38:58.428Z
CVE-2022-41140,2025-02-27T00:00:00Z,,2026-09-25T18:38:58.428Z
CVE-2022-4117,2023-11-13T00:00:00Z,,2026-09-25T18:38:58.428Z
CVE-2022-41223,2023-02-21T00:00:00Z,2023-02-21T00:00:00Z,2026-09-25T18:38:58.428Z
CVE-2022-41328,2023-03-09T00:00:00Z,2023-03-14T00:00:00Z,2026-09-25T18:38:58.428Z
CVE-2022-41335,2025-06-29T00:00:00Z,,2026-09-25T18:38:58.428Z
CVE-2022-4135,2022-11-22T00:00:00Z,2022-11-28T00:00:00Z,2026-09-25T18:38:58.428Z
CVE-2022-41352,2022-10-20T00:00:00Z,2022-10-20T00:00:00Z,2026-09-25T18:38:58.428Z
CVE-2022-41412,2025-03-17T00:00:00Z,,2026-09-25T18:38:58.428Z
CVE-2022-41800,2023-12-13T00:00:00Z,,2026-09-25T18:38:58.428Z
CVE-2022-41840,2023-11-13T00:00:00Z,,2026-09-25T18:38:58.428Z
CVE-2022-42045,2025-06-18T00:00:00Z,,2026-09-25T18:38:58.428Z
CVE-2022-42458,2022-10-11T00:00:00Z,,2026-09-25T18:38:58.428Z
CVE-2022-42475,2022-12-12T00:00:00Z,2022-12-13T00:00:00Z,2026-09-25T18:38:58.428Z
CVE-2022-4257,2023-02-15T00:00:00Z,,2026-09-25T18:38:58.428Z
CVE-2022-4262,2022-11-29T00:00:00Z,2022-12-05T00:00:00Z,2026-09-25T18:38:58.428Z
CVE-2022-42827,2022-10-24T00:00:00Z,2022-10-25T00:00:00Z,2026-09-25T18:38:58.428Z
CVE-2022-42837,2022-12-13T00:00:00Z,,2026-09-25T18:38:58.428Z
CVE-2022-42840,2022-12-13T00:00:00Z,,2026-09-25T18:38:58.428Z
CVE-2022-42846,2022-12-13T00:00:00Z,,2026-09-25T18:38:58.428Z
CVE-2022-42848,2022-12-13T00:00:00Z,,2026-09-25T18:38:58.428Z
CVE-2022-42852,2022-12-13T00:00:00Z,,2026-09-25T18:38:58.428Z
CVE-2022-42855,2022-12-13T00:00:00Z,,2026-09-25T18:38:58.428Z
CVE-2022-42856,2022-11-30T00:00:00Z,2022-12-14T00:00:00Z,2026-09-25T18:38:58.428Z
CVE-2022-42861,2022-12-13T00:00:00Z,,2026-09-25T18:38:58.428Z
CVE-2022-42864,2022-12-13T00:00:00Z,,2026-09-25T18:38:58.428Z
CVE-2022-42889,2023-01-12T00:00:00Z,,2026-09-25T18:38:58.428Z
CVE-2022-4290,2023-04-13T00:00:00Z,,2026-09-25T18:38:58.428Z
CVE-2022-42948,2023-03-30T00:00:00Z,2023-03-30T00:00:00Z,2026-09-25T18:38:58.428Z
CVE-2022-42953,2024-01-06T00:00:00Z,,2026-09-25T18:38:58.428Z
CVE-2022-4328,2024-01-22T00:00:00Z,,2026-09-25T18:38:58.428Z
CVE-2022-43769,2025-03-03T00:00:00Z,2025-03-03T00:00:00Z,2026-09-25T18:38:58.428Z
CVE-2022-43939,2023-11-17T00:00:00Z,2025-03-03T00:00:00Z,2026-09-25T18:38:58.428Z
CVE-2022-44149,2025-01-15T00:00:00Z,,2026-09-25T18:38:58.428Z
CVE-2022-44354,2023-07-05T00:00:00Z,,2026-09-25T18:38:58.428Z
CVE-2022-4447,2024-01-22T00:00:00Z,,2026-09-25T18:38:58.428Z
CVE-2022-44626,2023-03-17T00:00:00Z,,2026-09-25T18:38:58.428Z
CVE-2022-44698,2022-12-13T00:00:00Z,2022-12-13T00:00:00Z,2026-09-25T18:38:58.428Z
CVE-2022-44877,2023-01-11T00:00:00Z,2023-01-17T00:00:00Z,2026-09-25T18:38:58.428Z
CVE-2022-45077,2022-11-17T00:00:00Z,,2026-09-25T18:38:58.428Z
CVE-2022-45349,2022-11-22T00:00:00Z,,2026-09-25T18:38:58.428Z
CVE-2022-45351,2022-11-21T00:00:00Z,,2026-09-25T18:38:58.428Z
CVE-2022-45352,2022-11-24T00:00:00Z,,2026-09-25T18:38:58.428Z
CVE-2022-45353,2022-11-25T00:00:00Z,,2026-09-25T18:38:58.428Z
CVE-2022-45354,2023-05-10T00:00:00Z,,2026-09-25T18:38:58.428Z
CVE-2022-45356,2022-11-23T00:00:00Z,,2026-09-25T18:38:58.428Z
CVE-2022-45359,2022-12-22T00:00:00Z,,2026-09-25T18:38:58.428Z
CVE-2022-45362,2026-09-17T00:00:00Z,,2026-09-25T18:38:58.428Z
CVE-2022-45363,2022-11-26T00:00:00Z,,2026-09-25T18:38:58.428Z
CVE-2022-45440,2024-11-01T00:00:00Z,,2026-09-25T18:38:58.428Z
CVE-2022-45699,2023-06-22T00:00:00Z,,2026-09-25T18:38:58.428Z
CVE-2022-45808,2023-01-20T00:00:00Z,,2026-09-25T18:38:58.428Z
CVE-2022-45813,2023-03-21T00:00:00Z,,2026-09-25T18:38:58.428Z
CVE-2022-45835,2024-12-05T00:00:00Z,,2026-09-25T18:38:58.428Z
CVE-2022-45933,2023-11-25T00:00:00Z,,2026-09-25T18:38:58.428Z
CVE-2022-46169,2023-01-08T00:00:00Z,2023-02-16T00:00:00Z,2026-09-25T18:38:58.428Z
CVE-2022-46381,2023-11-26T00:00:00Z,,2026-09-25T18:38:58.428Z
CVE-2022-46604,2025-06-07T00:00:00Z,,2026-09-25T18:38:58.428Z
CVE-2022-46689,2022-12-13T00:00:00Z,,2026-09-25T18:38:58.428Z
CVE-2022-46690,2023-07-01T00:00:00Z,,2026-09-25T18:38:58.428Z
CVE-2022-46691,2022-12-13T00:00:00Z,,2026-09-25T18:38:58.428Z
CVE-2022-46692,2022-12-13T00:00:00Z,,2026-09-25T18:38:58.428Z
CVE-2022-46694,2022-12-13T00:00:00Z,,2026-09-25T18:38:58.428Z
CVE-2022-46695,2022-12-13T00:00:00Z,,2026-09-25T18:38:58.428Z
CVE-2022-46700,2022-12-13T00:00:00Z,,2026-09-25T18:38:58.428Z
CVE-2022-46703,2022-12-13T00:00:00Z,,2026-09-25T18:38:58.428Z
CVE-2022-46705,2022-12-13T00:00:00Z,,2026-09-25T18:38:58.428Z
CVE-2022-46718,2022-12-13T00:00:00Z,,2026-09-25T18:38:58.428Z
CVE-2022-4700,2023-01-10T00:00:00Z,,2026-09-25T18:38:58.428Z
CVE-2022-4701,2023-02-03T00:00:00Z,,2026-09-25T18:38:58.428Z
CVE-2022-4702,2023-01-10T00:00:00Z,,2026-09-25T18:38:58.428Z
CVE-2022-4703,2023-02-03T00:00:00Z,,2026-09-25T18:38:58.428Z
CVE-2022-4705,2023-01-10T00:00:00Z,,2026-09-25T18:38:58.428Z
CVE-2022-47075,2025-05-12T00:00:00Z,,2026-09-25T18:38:58.428Z
CVE-2022-4708,2023-02-03T00:00:00Z,,2026-09-25T18:38:58.428Z
CVE-2022-4709,2023-01-10T00:00:00Z,,2026-09-25T18:38:58.428Z
CVE-2022-4711,2023-01-10T00:00:00Z,,2026-09-25T18:38:58.428Z
CVE-2022-47501,2025-06-07T00:00:00Z,,2026-09-25T18:38:58.428Z
CVE-2022-47615,2023-01-20T00:00:00Z,,2026-09-25T18:38:58.428Z
CVE-2022-47945,2024-04-11T00:00:00Z,,2026-09-25T18:38:58.428Z
CVE-2022-47966,2023-01-19T00:00:00Z,2023-01-23T00:00:00Z,2026-09-25T18:38:58.428Z
CVE-2022-47986,2023-02-13T00:00:00Z,2023-02-21T00:00:00Z,2026-09-25T18:38:58.428Z
CVE-2022-48164,2025-05-12T00:00:00Z,,2026-09-25T18:38:58.428Z
CVE-2022-48323,2023-02-06T00:00:00Z,,2026-09-25T18:38:58.428Z
CVE-2022-48503,2025-10-20T00:00:00Z,2025-10-20T00:00:00Z,2026-09-25T18:38:58.428Z
CVE-2022-48618,2024-01-09T00:00:00Z,2024-01-31T00:00:00Z,2026-09-25T18:38:58.428Z
CVE-2022-4931,2023-03-07T00:00:00Z,,2026-09-25T18:38:58.428Z
CVE-2022-4940,2023-04-06T00:00:00Z,,2026-09-25T18:38:58.428Z
CVE-2022-4971,2024-10-15T00:00:00Z,,2026-09-25T18:38:58.428Z
CVE-2022-4972,2024-10-15T00:00:00Z,,2026-09-25T18:38:58.428Z
CVE-2022-4973,2024-10-15T00:00:00Z,,2026-09-25T18:38:58.428Z
CVE-2022-4974,2024-10-15T00:00:00Z,,2026-09-25T18:38:58.428Z
CVE-2022-4980,2022-09-02T00:00:00Z,,2026-09-25T18:38:58.428Z
CVE-2022-4982,2025-11-12T00:00:00Z,,2026-09-25T18:38:58.428Z
CVE-2022-4984,2025-11-13T00:00:00Z,,2026-09-25T18:38:58.428Z
CVE-2022-4995,2023-10-14T00:00:00Z,,2026-09-25T18:38:58.428Z
CVE-2022-50973,2026-07-02T00:00:00Z,,2026-09-25T18:38:58.428Z
CVE-2022-50992,2026-04-30T00:00:00Z,,2026-09-25T18:38:58.428Z
CVE-2022-50993,2026-04-30T00:00:00Z,,2026-09-25T18:38:58.428Z
CVE-2022-50997,2026-08-11T00:00:00Z,,2026-09-25T18:38:58.428Z
CVE-2023-0037,2023-03-03T00:00:00Z,,2026-09-25T18:38:58.428Z
CVE-2023-0159,2025-08-17T00:00:00Z,,2026-09-25T18:38:58.428Z
CVE-2023-0266,2023-03-29T00:00:00Z,2023-03-30T00:00:00Z,2026-09-25T18:38:58.428Z
CVE-2023-0297,2024-01-22T00:00:00Z,,2026-09-25T18:38:58.428Z
CVE-2023-0386,2025-06-17T00:00:00Z,2025-06-17T00:00:00Z,2026-09-25T18:38:58.428Z
CVE-2023-0552,2023-11-27T00:00:00Z,,2026-09-25T18:38:58.428Z
CVE-2023-0586,2023-02-24T00:00:00Z,,2026-09-25T18:38:58.428Z
CVE-2023-0600,2025-06-10T00:00:00Z,,2026-09-25T18:38:58.428Z
CVE-2023-0611,2024-10-12T00:00:00Z,,2026-09-25T18:38:58.428Z
CVE-2023-0656,2024-09-12T00:00:00Z,,2026-09-25T18:38:58.428Z
CVE-2023-0669,2023-02-08T00:00:00Z,2023-02-10T00:00:00Z,2026-09-25T18:38:58.428Z
CVE-2023-0711,2023-02-08T00:00:00Z,,2026-09-25T18:38:58.428Z
CVE-2023-0712,2023-02-08T00:00:00Z,,2026-09-25T18:38:58.428Z
CVE-2023-0713,2023-02-08T00:00:00Z,,2026-09-25T18:38:58.428Z
CVE-2023-0715,2023-02-08T00:00:00Z,,2026-09-25T18:38:58.428Z
CVE-2023-0716,2023-02-08T00:00:00Z,,2026-09-25T18:38:58.428Z
CVE-2023-0717,2023-02-08T00:00:00Z,,2026-09-25T18:38:58.428Z
CVE-2023-0718,2023-02-08T00:00:00Z,,2026-09-25T18:38:58.428Z
CVE-2023-0719,2023-02-08T00:00:00Z,,2026-09-25T18:38:58.428Z
CVE-2023-0720,2023-02-08T00:00:00Z,,2026-09-25T18:38:58.428Z
CVE-2023-0876,2023-02-24T00:00:00Z,,2026-09-25T18:38:58.428Z
CVE-2023-1020,2023-11-27T00:00:00Z,,2026-09-25T18:38:58.428Z
CVE-2023-1119,2023-07-04T00:00:00Z,,2026-09-25T18:38:58.428Z
CVE-2023-1177,2023-12-01T00:00:00Z,,2026-09-25T18:38:58.428Z
CVE-2023-1389,2023-04-12T00:00:00Z,2023-05-01T00:00:00Z,2026-09-25T18:38:58.428Z
CVE-2023-1434,2023-12-14T00:00:00Z,,2026-09-25T18:38:58.428Z
CVE-2023-1454,2023-11-25T00:00:00Z,,2026-09-25T18:38:58.428Z
CVE-2023-1486,2025-06-18T00:00:00Z,,2026-09-25T18:38:58.428Z
CVE-2023-1671,2023-11-16T00:00:00Z,2023-11-16T00:00:00Z,2026-09-25T18:38:58.428Z
CVE-2023-1698,2023-12-04T00:00:00Z,,2026-09-25T18:38:58.428Z
CVE-2023-1928,2023-04-07T00:00:00Z,,2026-09-25T18:38:58.428Z
CVE-2023-1929,2023-04-06T00:00:00Z,,2026-09-25T18:38:58.428Z
CVE-2023-1930,2023-04-07T00:00:00Z,,2026-09-25T18:38:58.428Z
CVE-2023-1931,2023-04-07T00:00:00Z,,2026-09-25T18:38:58.428Z
CVE-2023-20073,2023-11-15T00:00:00Z,,2026-09-25T18:38:58.428Z
CVE-2023-20085,2025-07-16T00:00:00Z,,2026-09-25T18:38:58.428Z
CVE-2023-20109,2023-09-27T00:00:00Z,2023-10-10T00:00:00Z,2026-09-25T18:38:58.428Z
CVE-2023-20118,2025-02-25T00:00:00Z,2025-03-03T00:00:00Z,2026-09-25T18:38:58.428Z
CVE-2023-20198,2023-10-16T00:00:00Z,2023-10-16T00:00:00Z,2026-09-25T18:38:58.428Z
CVE-2023-20263,2024-10-21T00:00:00Z,,2026-09-25T18:38:58.428Z
CVE-2023-20269,2023-08-29T00:00:00Z,2023-09-13T00:00:00Z,2026-09-25T18:38:58.428Z
CVE-2023-20273,2023-10-16T00:00:00Z,2023-10-23T00:00:00Z,2026-09-25T18:38:58.428Z
CVE-2023-2033,2023-04-11T00:00:00Z,2023-04-17T00:00:00Z,2026-09-25T18:38:58.428Z
CVE-2023-2059,2025-06-23T00:00:00Z,,2026-09-25T18:38:58.428Z
CVE-2023-20598,2025-10-08T00:00:00Z,,2026-09-25T18:38:58.428Z
CVE-2023-20867,2023-06-13T00:00:00Z,2023-06-23T00:00:00Z,2026-09-25T18:38:58.428Z
CVE-2023-20887,2023-06-20T00:00:00Z,2023-06-22T00:00:00Z,2026-09-25T18:38:58.428Z
CVE-2023-20963,2023-03-06T00:00:00Z,2023-04-13T00:00:00Z,2026-09-25T18:38:58.428Z
CVE-2023-21237,2023-06-13T00:00:00Z,2024-03-05T00:00:00Z,2026-09-25T18:38:58.428Z
CVE-2023-2136,2023-04-12T00:00:00Z,2023-04-21T00:00:00Z,2026-09-25T18:38:58.428Z
CVE-2023-21529,2026-04-06T00:00:00Z,2026-04-13T00:00:00Z,2026-09-25T18:38:58.428Z
CVE-2023-21608,2023-10-10T00:00:00Z,2023-10-10T00:00:00Z,2026-09-25T18:38:58.428Z
CVE-2023-2163,2025-09-03T00:00:00Z,,2026-09-25T18:38:58.428Z
CVE-2023-21674,2023-01-10T00:00:00Z,2023-01-10T00:00:00Z,2026-09-25T18:38:58.428Z
CVE-2023-21715,2023-02-14T00:00:00Z,2023-02-14T00:00:00Z,2026-09-25T18:38:58.428Z
CVE-2023-21716,2024-03-21T00:00:00Z,,2026-09-25T18:38:58.428Z
CVE-2023-21742,2023-12-20T00:00:00Z,,2026-09-25T18:38:58.428Z
CVE-2023-21746,2023-09-18T00:00:00Z,,2026-09-25T18:38:58.428Z
CVE-2023-21768,2023-03-14T00:00:00Z,,2026-09-25T18:38:58.428Z
CVE-2023-21823,2023-02-14T00:00:00Z,2023-02-14T00:00:00Z,2026-09-25T18:38:58.428Z
CVE-2023-21839,2023-05-01T00:00:00Z,2023-05-01T00:00:00Z,2026-09-25T18:38:58.428Z
CVE-2023-21932,2024-07-25T00:00:00Z,,2026-09-25T18:38:58.428Z
CVE-2023-22069,2024-10-08T00:00:00Z,,2026-09-25T18:38:58.428Z
CVE-2023-2215,2024-06-26T00:00:00Z,,2026-09-25T18:38:58.428Z
CVE-2023-22278,2023-01-06T00:00:00Z,,2026-09-25T18:38:58.428Z
CVE-2023-22463,2025-06-23T00:00:00Z,,2026-09-25T18:38:58.428Z
CVE-2023-22478,2023-12-04T00:00:00Z,,2026-09-25T18:38:58.428Z
CVE-2023-22515,2023-10-04T00:00:00Z,2023-10-05T00:00:00Z,2026-09-25T18:38:58.428Z
CVE-2023-22518,2023-11-02T00:00:00Z,2023-11-07T00:00:00Z,2026-09-25T18:38:58.428Z
CVE-2023-22527,2024-01-19T00:00:00Z,2024-01-24T00:00:00Z,2026-09-25T18:38:58.428Z
CVE-2023-22620,2023-12-04T00:00:00Z,,2026-09-25T18:38:58.428Z
CVE-2023-22621,2026-04-04T00:00:00Z,,2026-09-25T18:38:58.428Z
CVE-2023-22809,2024-12-06T00:00:00Z,,2026-09-25T18:38:58.428Z
CVE-2023-22893,2025-06-23T00:00:00Z,,2026-09-25T18:38:58.428Z
CVE-2023-22897,2023-12-14T00:00:00Z,,2026-09-25T18:38:58.428Z
CVE-2023-22952,2023-01-04T00:00:00Z,2023-02-02T00:00:00Z,2026-09-25T18:38:58.428Z
CVE-2023-23063,2025-06-08T00:00:00Z,,2026-09-25T18:38:58.428Z
CVE-2023-23295,2023-10-09T00:00:00Z,,2026-09-25T18:38:58.428Z
CVE-2023-23333,2023-07-05T00:00:00Z,,2026-09-25T18:38:58.428Z
CVE-2023-23376,2023-02-14T00:00:00Z,2023-02-14T00:00:00Z,2026-09-25T18:38:58.428Z
CVE-2023-23397,2023-03-14T00:00:00Z,2023-03-14T00:00:00Z,2026-09-25T18:38:58.428Z
CVE-2023-23488,2023-01-14T00:00:00Z,,2026-09-25T18:38:58.428Z
CVE-2023-23489,2023-12-04T00:00:00Z,,2026-09-25T18:38:58.428Z
CVE-2023-23496,2022-12-13T00:00:00Z,,2026-09-25T18:38:58.428Z
CVE-2023-23514,2023-02-13T00:00:00Z,,2026-09-25T18:38:58.428Z
CVE-2023-23522,2023-02-13T00:00:00Z,,2026-09-25T18:38:58.428Z
CVE-2023-23524,2023-02-13T00:00:00Z,,2026-09-25T18:38:58.428Z
CVE-2023-23529,2023-02-13T00:00:00Z,2023-02-14T00:00:00Z,2026-09-25T18:38:58.428Z
CVE-2023-2359,2025-03-19T00:00:00Z,,2026-09-25T18:38:58.428Z
CVE-2023-23752,2023-03-08T00:00:00Z,2024-01-08T00:00:00Z,2026-09-25T18:38:58.428Z
CVE-2023-23888,2023-01-30T00:00:00Z,,2026-09-25T18:38:58.428Z
CVE-2023-23897,2024-10-30T00:00:00Z,,2026-09-25T18:38:58.428Z
CVE-2023-24000,2026-04-01T00:00:00Z,,2026-09-25T18:38:58.428Z
CVE-2023-24055,2023-04-24T00:00:00Z,,2026-09-25T18:38:58.428Z
CVE-2023-24059,2023-01-22T00:00:00Z,,2026-09-25T18:38:58.428Z
CVE-2023-24229,2024-09-18T00:00:00Z,,2026-09-25T18:38:58.428Z
CVE-2023-2437,2023-11-22T00:00:00Z,,2026-09-25T18:38:58.428Z
CVE-2023-2446,2023-11-21T00:00:00Z,,2026-09-25T18:38:58.428Z
CVE-2023-24488,2023-11-15T00:00:00Z,,2026-09-25T18:38:58.428Z
CVE-2023-24489,2023-07-26T00:00:00Z,2023-08-16T00:00:00Z,2026-09-25T18:38:58.428Z
CVE-2023-24733,2025-09-14T00:00:00Z,,2026-09-25T18:38:58.428Z
CVE-2023-24796,2026-03-11T00:00:00Z,,2026-09-25T18:38:58.428Z
CVE-2023-24880,2023-03-14T00:00:00Z,2023-03-14T00:00:00Z,2026-09-25T18:38:58.428Z
CVE-2023-24932,2023-05-09T00:00:00Z,,2026-09-25T18:38:58.428Z
CVE-2023-24955,2024-03-26T00:00:00Z,2024-03-26T00:00:00Z,2026-09-25T18:38:58.428Z
CVE-2023-25050,2023-02-14T00:00:00Z,,2026-09-25T18:38:58.428Z
CVE-2023-25135,2023-12-04T00:00:00Z,,2026-09-25T18:38:58.428Z
CVE-2023-25194,2024-05-10T00:00:00Z,,2026-09-25T18:38:58.428Z
CVE-2023-2523,2026-05-13T00:00:00Z,,2026-09-25T18:38:58.428Z
CVE-2023-25280,2023-06-22T00:00:00Z,2024-09-30T00:00:00Z,2026-09-25T18:38:58.428Z
CVE-2023-2533,2025-07-28T00:00:00Z,2025-07-28T00:00:00Z,2026-09-25T18:38:58.428Z
CVE-2023-25445,2023-03-29T00:00:00Z,,2026-09-25T18:38:58.428Z
CVE-2023-25446,2023-04-03T00:00:00Z,,2026-09-25T18:38:58.428Z
CVE-2023-25573,2023-12-04T00:00:00Z,,2026-09-25T18:38:58.428Z
CVE-2023-25651,2024-09-19T00:00:00Z,,2026-09-25T18:38:58.428Z
CVE-2023-25690,2024-07-25T00:00:00Z,,2026-09-25T18:38:58.428Z
CVE-2023-25717,2023-05-08T00:00:00Z,2023-05-12T00:00:00Z,2026-09-25T18:38:58.428Z
CVE-2023-26009,2023-02-23T00:00:00Z,,2026-09-25T18:38:58.428Z
CVE-2023-26067,2023-12-04T00:00:00Z,,2026-09-25T18:38:58.428Z
CVE-2023-26083,2023-03-21T00:00:00Z,2023-04-07T00:00:00Z,2026-09-25T18:38:58.428Z
CVE-2023-26134,2025-01-21T00:00:00Z,,2026-09-25T18:38:58.428Z
CVE-2023-26255,2023-07-18T00:00:00Z,,2026-09-25T18:38:58.428Z
CVE-2023-26256,2023-07-18T00:00:00Z,,2026-09-25T18:38:58.428Z
CVE-2023-26258,2025-08-19T00:00:00Z,,2026-09-25T18:38:58.428Z
CVE-2023-26347,2024-05-06T00:00:00Z,,2026-09-25T18:38:58.428Z
CVE-2023-26359,2023-08-21T00:00:00Z,2023-08-21T00:00:00Z,2026-09-25T18:38:58.428Z
CVE-2023-26360,2023-03-14T00:00:00Z,2023-03-15T00:00:00Z,2026-09-25T18:38:58.428Z
CVE-2023-26369,2023-09-12T00:00:00Z,2023-09-14T00:00:00Z,2026-09-25T18:38:58.428Z
CVE-2023-26397,2024-05-06T00:00:00Z,,2026-09-25T18:38:58.428Z
CVE-2023-2640,2024-08-21T00:00:00Z,,2026-09-25T18:38:58.428Z
CVE-2023-26464,2025-12-08T00:00:00Z,,2026-09-25T18:38:58.428Z
CVE-2023-26469,2024-09-18T00:00:00Z,,2026-09-25T18:38:58.428Z
CVE-2023-2648,2024-03-07T00:00:00Z,,2026-09-25T18:38:58.428Z
CVE-2023-26540,2023-02-23T00:00:00Z,,2026-09-25T18:38:58.428Z
CVE-2023-26775,2024-02-10T00:00:00Z,,2026-09-25T18:38:58.428Z
CVE-2023-26801,2023-02-01T00:00:00Z,,2026-09-25T18:38:58.428Z
CVE-2023-26802,2023-02-01T00:00:00Z,,2026-09-25T18:38:58.428Z
CVE-2023-27008,2025-10-02T00:00:00Z,,2026-09-25T18:38:58.428Z
CVE-2023-27032,2026-02-15T00:00:00Z,,2026-09-25T18:38:58.428Z
CVE-2023-27034,2024-06-22T00:00:00Z,,2026-09-25T18:38:58.428Z
CVE-2023-27076,2023-02-01T00:00:00Z,,2026-09-25T18:38:58.428Z
CVE-2023-27159,2023-12-04T00:00:00Z,,2026-09-25T18:38:58.428Z
CVE-2023-27163,2025-10-13T00:00:00Z,,2026-09-25T18:38:58.428Z
CVE-2023-27240,2023-06-22T00:00:00Z,,2026-09-25T18:38:58.428Z
CVE-2023-2732,2024-05-06T00:00:00Z,,2026-09-25T18:38:58.428Z
CVE-2023-2734,2023-05-25T00:00:00Z,,2026-09-25T18:38:58.428Z
CVE-2023-27350,2023-04-18T00:00:00Z,2023-04-21T00:00:00Z,2026-09-25T18:38:58.428Z
CVE-2023-27351,2023-04-28T00:00:00Z,2026-04-20T00:00:00Z,2026-09-25T18:38:58.428Z
CVE-2023-27372,2023-05-03T00:00:00Z,,2026-09-25T18:38:58.428Z
CVE-2023-2745,2026-05-04T00:00:00Z,,2026-09-25T18:38:58.428Z
CVE-2023-27482,2023-11-30T00:00:00Z,,2026-09-25T18:38:58.428Z
CVE-2023-27524,2024-01-08T00:00:00Z,2024-01-08T00:00:00Z,2026-09-25T18:38:58.428Z
CVE-2023-27532,2023-04-26T00:00:00Z,2023-08-22T00:00:00Z,2026-09-25T18:38:58.428Z
CVE-2023-27587,2024-01-22T00:00:00Z,,2026-09-25T18:38:58.428Z
CVE-2023-27637,2023-03-21T00:00:00Z,,2026-09-25T18:38:58.428Z
CVE-2023-27638,2023-03-21T00:00:00Z,,2026-09-25T18:38:58.428Z
CVE-2023-27639,2023-06-01T00:00:00Z,,2026-09-25T18:38:58.428Z
CVE-2023-27640,2023-06-01T00:00:00Z,,2026-09-25T18:38:58.428Z
CVE-2023-2796,2024-01-22T00:00:00Z,,2026-09-25T18:38:58.428Z
CVE-2023-27992,2023-06-23T00:00:00Z,2023-06-23T00:00:00Z,2026-09-25T18:38:58.428Z
CVE-2023-27997,2023-06-12T00:00:00Z,2023-06-13T00:00:00Z,2026-09-25T18:38:58.428Z
CVE-2023-2806,2026-01-27T00:00:00Z,,2026-09-25T18:38:58.428Z
CVE-2023-28121,2023-07-17T00:00:00Z,,2026-09-25T18:38:58.428Z
CVE-2023-28204,2023-05-01T00:00:00Z,2023-05-22T00:00:00Z,2026-09-25T18:38:58.428Z
CVE-2023-28205,2023-04-07T00:00:00Z,2023-04-10T00:00:00Z,2026-09-25T18:38:58.428Z
CVE-2023-28206,2023-04-07T00:00:00Z,2023-04-10T00:00:00Z,2026-09-25T18:38:58.428Z
CVE-2023-28218,2025-03-04T00:00:00Z,,2026-09-25T18:38:58.428Z
CVE-2023-28229,2023-10-04T00:00:00Z,2023-10-04T00:00:00Z,2026-09-25T18:38:58.428Z
CVE-2023-2825,2026-08-02T00:00:00Z,,2026-09-25T18:38:58.428Z
CVE-2023-28252,2023-04-11T00:00:00Z,2023-04-11T00:00:00Z,2026-09-25T18:38:58.428Z
CVE-2023-28343,2023-12-04T00:00:00Z,,2026-09-25T18:38:58.428Z
CVE-2023-28365,2024-09-18T00:00:00Z,,2026-09-25T18:38:58.428Z
CVE-2023-28432,2023-03-24T00:00:00Z,2023-04-21T00:00:00Z,2026-09-25T18:38:58.428Z
CVE-2023-28434,2023-09-04T00:00:00Z,2023-09-19T00:00:00Z,2026-09-25T18:38:58.428Z
CVE-2023-28461,2024-09-13T00:00:00Z,2024-11-25T00:00:00Z,2026-09-25T18:38:58.428Z
CVE-2023-2868,2023-05-18T00:00:00Z,2023-05-26T00:00:00Z,2026-09-25T18:38:58.428Z
CVE-2023-28711,2024-11-20T00:00:00Z,,2026-09-25T18:38:58.428Z
CVE-2023-28725,2023-03-21T00:00:00Z,,2026-09-25T18:38:58.428Z
CVE-2023-28769,2024-11-01T00:00:00Z,,2026-09-25T18:38:58.428Z
CVE-2023-2877,2023-01-10T00:00:00Z,,2026-09-25T18:38:58.428Z
CVE-2023-28770,2023-11-28T00:00:00Z,,2026-09-25T18:38:58.428Z
CVE-2023-28771,2023-05-25T00:00:00Z,2023-05-31T00:00:00Z,2026-09-25T18:38:58.428Z
CVE-2023-29059,2023-03-29T00:00:00Z,,2026-09-25T18:38:58.428Z
CVE-2023-29218,2023-04-03T00:00:00Z,,2026-09-25T18:38:58.428Z
CVE-2023-29298,2023-07-17T00:00:00Z,2023-07-20T00:00:00Z,2026-09-25T18:38:58.428Z
CVE-2023-29300,2023-08-30T00:00:00Z,2024-01-08T00:00:00Z,2026-09-25T18:38:58.428Z
CVE-2023-29324,2024-01-30T00:00:00Z,,2026-09-25T18:38:58.428Z
CVE-2023-29336,2023-05-09T00:00:00Z,2023-05-09T00:00:00Z,2026-09-25T18:38:58.428Z
CVE-2023-29357,2023-11-16T00:00:00Z,2024-01-10T00:00:00Z,2026-09-25T18:38:58.428Z
CVE-2023-29360,2024-02-07T00:00:00Z,2024-02-29T00:00:00Z,2026-09-25T18:38:58.428Z
CVE-2023-29389,2023-04-05T00:00:00Z,,2026-09-25T18:38:58.428Z
CVE-2023-29492,2023-04-13T00:00:00Z,2023-04-13T00:00:00Z,2026-09-25T18:38:58.428Z
CVE-2023-29552,2023-04-25T00:00:00Z,2023-11-08T00:00:00Z,2026-09-25T18:38:58.428Z
CVE-2023-2982,2023-12-18T00:00:00Z,,2026-09-25T18:38:58.428Z
CVE-2023-29827,2026-09-18T00:00:00Z,,2026-09-25T18:38:58.428Z
CVE-2023-2986,2023-06-23T00:00:00Z,,2026-09-25T18:38:58.428Z
CVE-2023-29919,2023-11-25T00:00:00Z,,2026-09-25T18:38:58.428Z
CVE-2023-30150,2025-06-08T00:00:00Z,,2026-09-25T18:38:58.428Z
CVE-2023-30194,2025-07-21T00:00:00Z,,2026-09-25T18:38:58.428Z
CVE-2023-30258,2024-01-19T00:00:00Z,,2026-09-25T18:38:58.428Z
CVE-2023-30625,2023-12-04T00:00:00Z,,2026-09-25T18:38:58.428Z
CVE-2023-30777,2023-05-11T00:00:00Z,,2026-09-25T18:38:58.428Z
CVE-2023-3079,2023-06-01T00:00:00Z,2023-06-07T00:00:00Z,2026-09-25T18:38:58.428Z
CVE-2023-30799,2024-09-18T00:00:00Z,,2026-09-25T18:38:58.428Z
CVE-2023-30801,2023-03-19T00:00:00Z,,2026-09-25T18:38:58.428Z
CVE-2023-30869,2023-05-02T00:00:00Z,,2026-09-25T18:38:58.428Z
CVE-2023-3105,2023-06-27T00:00:00Z,,2026-09-25T18:38:58.428Z
CVE-2023-31059,2025-01-13T00:00:00Z,,2026-09-25T18:38:58.428Z
CVE-2023-3124,2023-06-07T00:00:00Z,,2026-09-25T18:38:58.428Z
CVE-2023-31248,2024-12-06T00:00:00Z,,2026-09-25T18:38:58.428Z
CVE-2023-31290,2023-04-27T00:00:00Z,,2026-09-25T18:38:58.428Z
CVE-2023-3139,2023-06-22T00:00:00Z,,2026-09-25T18:38:58.428Z
CVE-2023-31446,2024-12-21T00:00:00Z,,2026-09-25T18:38:58.428Z
CVE-2023-31465,2023-12-04T00:00:00Z,,2026-09-25T18:38:58.428Z
CVE-2023-31478,2025-03-31T00:00:00Z,,2026-09-25T18:38:58.428Z
CVE-2023-3169,2023-12-19T00:00:00Z,,2026-09-25T18:38:58.428Z
CVE-2023-32046,2023-07-11T00:00:00Z,2023-07-11T00:00:00Z,2026-09-25T18:38:58.428Z
CVE-2023-32049,2023-07-11T00:00:00Z,2023-07-11T00:00:00Z,2026-09-25T18:38:58.428Z
CVE-2023-32117,2026-01-26T00:00:00Z,,2026-09-25T18:38:58.428Z
CVE-2023-32233,2024-12-06T00:00:00Z,,2026-09-25T18:38:58.428Z
CVE-2023-32235,2023-12-04T00:00:00Z,,2026-09-25T18:38:58.428Z
CVE-2023-32242,2023-05-11T00:00:00Z,,2026-09-25T18:38:58.428Z
CVE-2023-32243,2023-05-18T00:00:00Z,,2026-09-25T18:38:58.428Z
CVE-2023-32244,2023-05-11T00:00:00Z,,2026-09-25T18:38:58.428Z
CVE-2023-32315,2023-06-09T00:00:00Z,2023-08-24T00:00:00Z,2026-09-25T18:38:58.428Z
CVE-2023-32373,2023-05-01T00:00:00Z,2023-05-22T00:00:00Z,2026-09-25T18:38:58.428Z
CVE-2023-32402,2023-05-18T00:00:00Z,,2026-09-25T18:38:58.428Z
CVE-2023-32409,2023-05-18T00:00:00Z,2023-05-22T00:00:00Z,2026-09-25T18:38:58.428Z
CVE-2023-32423,2023-05-18T00:00:00Z,,2026-09-25T18:38:58.428Z
CVE-2023-32434,2023-06-21T00:00:00Z,2023-06-23T00:00:00Z,2026-09-25T18:38:58.428Z
CVE-2023-32435,2023-03-27T00:00:00Z,2023-06-23T00:00:00Z,2026-09-25T18:38:58.428Z
CVE-2023-32439,2023-06-21T00:00:00Z,2023-06-23T00:00:00Z,2026-09-25T18:38:58.428Z
CVE-2023-32563,2023-11-16T00:00:00Z,,2026-09-25T18:38:58.428Z
CVE-2023-32629,2025-09-03T00:00:00Z,,2026-09-25T18:38:58.428Z
CVE-2023-3269,2024-12-06T00:00:00Z,,2026-09-25T18:38:58.428Z
CVE-2023-3277,2023-06-19T00:00:00Z,,2026-09-25T18:38:58.428Z
CVE-2023-32784,2024-07-25T00:00:00Z,,2026-09-25T18:38:58.428Z
CVE-2023-33009,2023-06-05T00:00:00Z,2023-06-05T00:00:00Z,2026-09-25T18:38:58.428Z
CVE-2023-33010,2023-06-05T00:00:00Z,2023-06-05T00:00:00Z,2026-09-25T18:38:58.428Z
CVE-2023-3306,2024-05-22T00:00:00Z,,2026-09-25T18:38:58.428Z
CVE-2023-33063,2023-12-05T00:00:00Z,2023-12-05T00:00:00Z,2026-09-25T18:38:58.428Z
CVE-2023-33106,2023-10-02T00:00:00Z,2023-12-05T00:00:00Z,2026-09-25T18:38:58.428Z
CVE-2023-33107,2023-10-02T00:00:00Z,2023-12-05T00:00:00Z,2026-09-25T18:38:58.428Z
CVE-2023-33193,2023-05-25T00:00:00Z,,2026-09-25T18:38:58.428Z
CVE-2023-33246,2023-08-28T00:00:00Z,2023-09-06T00:00:00Z,2026-09-25T18:38:58.428Z
CVE-2023-33297,2023-05-22T00:00:00Z,,2026-09-25T18:38:58.428Z
CVE-2023-33510,2024-09-18T00:00:00Z,,2026-09-25T18:38:58.428Z
CVE-2023-33538,2025-06-16T00:00:00Z,2025-06-16T00:00:00Z,2026-09-25T18:38:58.428Z
CVE-2023-33629,2025-06-07T00:00:00Z,,2026-09-25T18:38:58.428Z
CVE-2023-3368,2024-09-18T00:00:00Z,,2026-09-25T18:38:58.428Z
CVE-2023-33831,2023-11-16T00:00:00Z,,2026-09-25T18:38:58.428Z
CVE-2023-3388,2023-02-01T00:00:00Z,,2026-09-25T18:38:58.428Z
CVE-2023-33999,2023-07-18T00:00:00Z,,2026-09-25T18:38:58.428Z
CVE-2023-34048,2024-01-17T00:00:00Z,2024-01-22T00:00:00Z,2026-09-25T18:38:58.428Z
CVE-2023-34060,2023-11-14T00:00:00Z,,2026-09-25T18:38:58.428Z
CVE-2023-34105,2025-08-17T00:00:00Z,,2026-09-25T18:38:58.428Z
CVE-2023-34124,2025-10-17T00:00:00Z,,2026-09-25T18:38:58.428Z
CVE-2023-34132,2026-08-26T00:00:00Z,,2026-09-25T18:38:58.428Z
CVE-2023-34133,2023-11-16T00:00:00Z,,2026-09-25T18:38:58.428Z
CVE-2023-34192,2025-02-25T00:00:00Z,2025-02-25T00:00:00Z,2026-09-25T18:38:58.428Z
CVE-2023-34362,2023-06-01T00:00:00Z,2023-06-02T00:00:00Z,2026-09-25T18:38:58.428Z
CVE-2023-34478,2023-07-26T00:00:00Z,,2026-09-25T18:38:58.428Z
CVE-2023-34598,2024-09-18T00:00:00Z,,2026-09-25T18:38:58.428Z
CVE-2023-3460,2023-06-29T00:00:00Z,,2026-09-25T18:38:58.428Z
CVE-2023-34659,2023-11-27T00:00:00Z,,2026-09-25T18:38:58.428Z
CVE-2023-3466,2024-01-31T00:00:00Z,,2026-09-25T18:38:58.428Z
CVE-2023-3467,2024-01-31T00:00:00Z,,2026-09-25T18:38:58.428Z
CVE-2023-34723,2023-08-25T00:00:00Z,,2026-09-25T18:38:58.428Z
CVE-2023-34960,2023-07-16T00:00:00Z,,2026-09-25T18:38:58.428Z
CVE-2023-34993,2024-04-14T00:00:00Z,,2026-09-25T18:38:58.428Z
CVE-2023-35036,2023-06-03T00:00:00Z,,2026-09-25T18:38:58.428Z
CVE-2023-35042,2023-06-12T00:00:00Z,,2026-09-25T18:38:58.428Z
CVE-2023-35078,2023-07-24T00:00:00Z,2023-07-25T00:00:00Z,2026-09-25T18:38:58.428Z
CVE-2023-35081,2023-07-28T00:00:00Z,2023-07-31T00:00:00Z,2026-09-25T18:38:58.428Z
CVE-2023-35082,2023-11-15T00:00:00Z,2024-01-18T00:00:00Z,2026-09-25T18:38:58.428Z
CVE-2023-3519,2023-07-18T00:00:00Z,2023-07-19T00:00:00Z,2026-09-25T18:38:58.428Z
CVE-2023-35311,2023-07-11T00:00:00Z,2023-07-11T00:00:00Z,2026-09-25T18:38:58.428Z
CVE-2023-35674,2023-09-05T00:00:00Z,2023-09-13T00:00:00Z,2026-09-25T18:38:58.428Z
CVE-2023-35708,2023-08-30T00:00:00Z,,2026-09-25T18:38:58.428Z
CVE-2023-35813,2024-01-22T00:00:00Z,,2026-09-25T18:38:58.428Z
CVE-2023-35843,2024-09-18T00:00:00Z,,2026-09-25T18:38:58.428Z
CVE-2023-35844,2023-12-04T00:00:00Z,,2026-09-25T18:38:58.428Z
CVE-2023-35885,2024-02-14T00:00:00Z,,2026-09-25T18:38:58.428Z
CVE-2023-3595,2024-02-20T00:00:00Z,,2026-09-25T18:38:58.428Z
CVE-2023-36025,2023-11-14T00:00:00Z,2023-11-14T00:00:00Z,2026-09-25T18:38:58.428Z
CVE-2023-36033,2023-11-14T00:00:00Z,2023-11-14T00:00:00Z,2026-09-25T18:38:58.428Z
CVE-2023-36036,2023-11-14T00:00:00Z,2023-11-14T00:00:00Z,2026-09-25T18:38:58.428Z
CVE-2023-3606,2025-11-10T00:00:00Z,,2026-09-25T18:38:58.428Z
CVE-2023-3608,2024-05-05T00:00:00Z,,2026-09-25T18:38:58.428Z
CVE-2023-36144,2025-05-09T00:00:00Z,,2026-09-25T18:38:58.428Z
CVE-2023-36424,2026-04-13T00:00:00Z,2026-04-13T00:00:00Z,2026-09-25T18:38:58.428Z
CVE-2023-36529,2023-06-28T00:00:00Z,,2026-09-25T18:38:58.428Z
CVE-2023-36542,2024-09-18T00:00:00Z,,2026-09-25T18:38:58.428Z
CVE-2023-36563,2023-10-10T00:00:00Z,2023-10-10T00:00:00Z,2026-09-25T18:38:58.428Z
CVE-2023-36584,2023-11-13T00:00:00Z,2023-11-16T00:00:00Z,2026-09-25T18:38:58.428Z
CVE-2023-36661,2025-08-12T00:00:00Z,,2026-09-25T18:38:58.428Z
CVE-2023-36745,2024-05-24T00:00:00Z,,2026-09-25T18:38:58.428Z
CVE-2023-36761,2023-09-12T00:00:00Z,2023-09-12T00:00:00Z,2026-09-25T18:38:58.428Z
CVE-2023-36802,2023-09-12T00:00:00Z,2023-09-12T00:00:00Z,2026-09-25T18:38:58.428Z
CVE-2023-36844,2023-08-29T00:00:00Z,2023-11-13T00:00:00Z,2026-09-25T18:38:58.428Z
CVE-2023-36845,2023-08-29T00:00:00Z,2023-11-13T00:00:00Z,2026-09-25T18:38:58.428Z
CVE-2023-36846,2023-08-29T00:00:00Z,2023-11-13T00:00:00Z,2026-09-25T18:38:58.428Z
CVE-2023-36847,2023-08-29T00:00:00Z,2023-11-13T00:00:00Z,2026-09-25T18:38:58.428Z
CVE-2023-36851,2023-08-29T00:00:00Z,2023-11-13T00:00:00Z,2026-09-25T18:38:58.428Z
CVE-2023-36874,2023-06-30T00:00:00Z,2023-07-11T00:00:00Z,2026-09-25T18:38:58.428Z
CVE-2023-36884,2023-07-05T00:00:00Z,2023-07-17T00:00:00Z,2026-09-25T18:38:58.428Z
CVE-2023-36899,2026-03-31T00:00:00Z,,2026-09-25T18:38:58.428Z
CVE-2023-36934,2023-12-04T00:00:00Z,,2026-09-25T18:38:58.428Z
CVE-2023-3710,2024-02-06T00:00:00Z,,2026-09-25T18:38:58.428Z
CVE-2023-3722,2023-08-17T00:00:00Z,,2026-09-25T18:38:58.428Z
CVE-2023-37450,2023-07-10T00:00:00Z,2023-07-13T00:00:00Z,2026-09-25T18:38:58.428Z
CVE-2023-37462,2026-09-08T00:00:00Z,,2026-09-25T18:38:58.428Z
CVE-2023-37474,2023-07-14T00:00:00Z,,2026-09-25T18:38:58.428Z
CVE-2023-37569,2026-09-07T00:00:00Z,,2026-09-25T18:38:58.428Z
CVE-2023-37580,2023-06-29T00:00:00Z,2023-07-27T00:00:00Z,2026-09-25T18:38:58.428Z
CVE-2023-37582,2024-09-18T00:00:00Z,,2026-09-25T18:38:58.428Z
CVE-2023-37679,2024-04-19T00:00:00Z,,2026-09-25T18:38:58.428Z
CVE-2023-3793,2026-04-26T00:00:00Z,,2026-09-25T18:38:58.428Z
CVE-2023-37941,2025-08-12T00:00:00Z,,2026-09-25T18:38:58.428Z
CVE-2023-37999,2023-07-14T00:00:00Z,,2026-09-25T18:38:58.428Z
CVE-2023-38035,2023-08-22T00:00:00Z,2023-08-22T00:00:00Z,2026-09-25T18:38:58.428Z
CVE-2023-38180,2023-08-09T00:00:00Z,2023-08-09T00:00:00Z,2026-09-25T18:38:58.428Z
CVE-2023-38192,2024-12-05T00:00:00Z,,2026-09-25T18:38:58.428Z
CVE-2023-38198,2023-07-12T00:00:00Z,,2026-09-25T18:38:58.428Z
CVE-2023-38203,2023-07-17T00:00:00Z,2024-01-08T00:00:00Z,2026-09-25T18:38:58.428Z
CVE-2023-38204,2023-08-30T00:00:00Z,,2026-09-25T18:38:58.428Z
CVE-2023-38205,2023-07-20T00:00:00Z,2023-07-20T00:00:00Z,2026-09-25T18:38:58.428Z
CVE-2023-3824,2024-05-06T00:00:00Z,,2026-09-25T18:38:58.428Z
CVE-2023-3836,2023-11-25T00:00:00Z,,2026-09-25T18:38:58.428Z
CVE-2023-38389,2023-08-22T00:00:00Z,,2026-09-25T18:38:58.428Z
CVE-2023-38408,2023-07-26T00:00:00Z,,2026-09-25T18:38:58.428Z
CVE-2023-38433,2025-08-17T00:00:00Z,,2026-09-25T18:38:58.428Z
CVE-2023-3852,2024-09-18T00:00:00Z,,2026-09-25T18:38:58.428Z
CVE-2023-38606,2023-07-24T00:00:00Z,2023-07-26T00:00:00Z,2026-09-25T18:38:58.428Z
CVE-2023-38646,2023-11-13T00:00:00Z,,2026-09-25T18:38:58.428Z
CVE-2023-38743,2024-07-01T00:00:00Z,,2026-09-25T18:38:58.428Z
CVE-2023-38817,2024-09-10T00:00:00Z,,2026-09-25T18:38:58.428Z
CVE-2023-38831,2023-07-10T00:00:00Z,2023-08-24T00:00:00Z,2026-09-25T18:38:58.428Z
CVE-2023-38950,2025-05-02T00:00:00Z,2025-05-19T00:00:00Z,2026-09-25T18:38:58.428Z
CVE-2023-38951,2025-05-02T00:00:00Z,,2026-09-25T18:38:58.428Z
CVE-2023-38952,2025-05-02T00:00:00Z,,2026-09-25T18:38:58.428Z
CVE-2023-39026,2023-12-04T00:00:00Z,,2026-09-25T18:38:58.428Z
CVE-2023-39143,2025-10-17T00:00:00Z,,2026-09-25T18:38:58.428Z
CVE-2023-39265,2025-08-12T00:00:00Z,,2026-09-25T18:38:58.428Z
CVE-2023-39276,2026-02-05T00:00:00Z,,2026-09-25T18:38:58.428Z
CVE-2023-39277,2026-02-05T00:00:00Z,,2026-09-25T18:38:58.428Z
CVE-2023-39278,2026-02-05T00:00:00Z,,2026-09-25T18:38:58.428Z
CVE-2023-39279,2026-02-05T00:00:00Z,,2026-09-25T18:38:58.428Z
CVE-2023-39280,2026-02-05T00:00:00Z,,2026-09-25T18:38:58.428Z
CVE-2023-39296,2024-03-24T00:00:00Z,,2026-09-25T18:38:58.428Z
CVE-2023-39312,2023-08-10T00:00:00Z,,2026-09-25T18:38:58.428Z
CVE-2023-39361,2026-07-06T00:00:00Z,,2026-09-25T18:38:58.428Z
CVE-2023-39470,2026-09-01T00:00:00Z,,2026-09-25T18:38:58.428Z
CVE-2023-39780,2025-05-28T00:00:00Z,2025-06-02T00:00:00Z,2026-09-25T18:38:58.428Z
CVE-2023-39796,2024-06-19T00:00:00Z,,2026-09-25T18:38:58.428Z
CVE-2023-39910,2023-08-08T00:00:00Z,,2026-09-25T18:38:58.428Z
CVE-2023-39964,2026-04-06T00:00:00Z,,2026-09-25T18:38:58.428Z
CVE-2023-40000,2024-05-03T00:00:00Z,,2026-09-25T18:38:58.428Z
CVE-2023-40044,2023-10-01T00:00:00Z,2023-10-05T00:00:00Z,2026-09-25T18:38:58.428Z
CVE-2023-40088,2024-01-30T00:00:00Z,,2026-09-25T18:38:58.428Z
CVE-2023-40211,2023-08-14T00:00:00Z,,2026-09-25T18:38:58.428Z
CVE-2023-40238,2024-11-29T00:00:00Z,,2026-09-25T18:38:58.428Z
CVE-2023-40600,2026-03-31T00:00:00Z,,2026-09-25T18:38:58.428Z
CVE-2023-40711,2023-08-19T00:00:00Z,,2026-09-25T18:38:58.428Z
CVE-2023-40748,2026-01-25T00:00:00Z,,2026-09-25T18:38:58.428Z
CVE-2023-41011,2025-10-19T00:00:00Z,,2026-09-25T18:38:58.428Z
CVE-2023-41061,2023-09-07T00:00:00Z,2023-09-11T00:00:00Z,2026-09-25T18:38:58.428Z
CVE-2023-41064,2023-09-07T00:00:00Z,2023-09-11T00:00:00Z,2026-09-25T18:38:58.428Z
CVE-2023-41109,2024-06-22T00:00:00Z,,2026-09-25T18:38:58.428Z
CVE-2023-41179,2023-09-19T00:00:00Z,2023-09-21T00:00:00Z,2026-09-25T18:38:58.428Z
CVE-2023-41243,2024-01-22T00:00:00Z,,2026-09-25T18:38:58.428Z
CVE-2023-41265,2023-11-28T00:00:00Z,2023-12-07T00:00:00Z,2026-09-25T18:38:58.428Z
CVE-2023-41266,2023-11-28T00:00:00Z,2023-12-07T00:00:00Z,2026-09-25T18:38:58.428Z
CVE-2023-41345,2025-11-19T00:00:00Z,,2026-09-25T18:38:58.428Z
CVE-2023-41346,2025-11-19T00:00:00Z,,2026-09-25T18:38:58.428Z
CVE-2023-41347,2025-11-19T00:00:00Z,,2026-09-25T18:38:58.428Z
CVE-2023-41348,2025-11-19T00:00:00Z,,2026-09-25T18:38:58.428Z
CVE-2023-41599,2025-06-08T00:00:00Z,,2026-09-25T18:38:58.428Z
CVE-2023-41642,2024-07-24T00:00:00Z,,2026-09-25T18:38:58.428Z
CVE-2023-4166,2024-09-18T00:00:00Z,,2026-09-25T18:38:58.428Z
CVE-2023-4169,2023-12-01T00:00:00Z,,2026-09-25T18:38:58.428Z
CVE-2023-41724,2024-05-14T00:00:00Z,,2026-09-25T18:38:58.428Z
CVE-2023-41763,2023-10-10T00:00:00Z,2023-10-10T00:00:00Z,2026-09-25T18:38:58.428Z
CVE-2023-41892,2024-04-15T00:00:00Z,,2026-09-25T18:38:58.428Z
CVE-2023-41954,2023-09-12T00:00:00Z,,2026-09-25T18:38:58.428Z
CVE-2023-41974,2026-03-03T00:00:00Z,2026-03-05T00:00:00Z,2026-09-25T18:38:58.428Z
CVE-2023-41990,2023-01-23T00:00:00Z,2024-01-08T00:00:00Z,2026-09-25T18:38:58.428Z
CVE-2023-41991,2023-09-12T00:00:00Z,2023-09-25T00:00:00Z,2026-09-25T18:38:58.428Z
CVE-2023-41992,2023-09-12T00:00:00Z,2023-09-25T00:00:00Z,2026-09-25T18:38:58.428Z
CVE-2023-41993,2023-09-12T00:00:00Z,2023-09-25T00:00:00Z,2026-09-25T18:38:58.428Z
CVE-2023-4211,2023-09-18T00:00:00Z,2023-10-03T00:00:00Z,2026-09-25T18:38:58.428Z
CVE-2023-4220,2024-12-05T00:00:00Z,,2026-09-25T18:38:58.428Z
CVE-2023-42344,2024-04-02T00:00:00Z,,2026-09-25T18:38:58.428Z
CVE-2023-4243,2023-08-08T00:00:00Z,,2026-09-25T18:38:58.428Z
CVE-2023-42657,2023-10-09T00:00:00Z,,2026-09-25T18:38:58.428Z
CVE-2023-42793,2023-10-01T00:00:00Z,2023-10-04T00:00:00Z,2026-09-25T18:38:58.428Z
CVE-2023-42824,2023-10-04T00:00:00Z,2023-10-05T00:00:00Z,2026-09-25T18:38:58.428Z
CVE-2023-42916,2023-11-30T00:00:00Z,2023-12-04T00:00:00Z,2026-09-25T18:38:58.428Z
CVE-2023-42917,2023-11-30T00:00:00Z,2023-12-04T00:00:00Z,2026-09-25T18:38:58.428Z
CVE-2023-43000,2026-03-03T00:00:00Z,2026-03-05T00:00:00Z,2026-09-25T18:38:58.428Z
CVE-2023-43177,2024-03-21T00:00:00Z,,2026-09-25T18:38:58.428Z
CVE-2023-4320,2024-10-10T00:00:00Z,,2026-09-25T18:38:58.428Z
CVE-2023-43208,2024-03-07T00:00:00Z,2024-05-20T00:00:00Z,2026-09-25T18:38:58.428Z
CVE-2023-43261,2023-10-13T00:00:00Z,,2026-09-25T18:38:58.428Z
CVE-2023-4346,2026-07-15T00:00:00Z,2026-07-15T00:00:00Z,2026-09-25T18:38:58.428Z
CVE-2023-43478,2024-09-18T00:00:00Z,,2026-09-25T18:38:58.428Z
CVE-2023-43654,2025-11-26T00:00:00Z,,2026-09-25T18:38:58.428Z
CVE-2023-43770,2024-02-12T00:00:00Z,2024-02-12T00:00:00Z,2026-09-25T18:38:58.428Z
CVE-2023-43795,2024-07-22T00:00:00Z,,2026-09-25T18:38:58.428Z
CVE-2023-44221,2025-04-29T00:00:00Z,2025-05-01T00:00:00Z,2026-09-25T18:38:58.428Z
CVE-2023-44352,2025-12-26T00:00:00Z,,2026-09-25T18:38:58.428Z
CVE-2023-44353,2025-12-26T00:00:00Z,,2026-09-25T18:38:58.428Z
CVE-2023-44467,2025-08-20T00:00:00Z,,2026-09-25T18:38:58.428Z
CVE-2023-44487,2023-10-10T00:00:00Z,2023-10-10T00:00:00Z,2026-09-25T18:38:58.428Z
CVE-2023-4450,2024-08-06T00:00:00Z,,2026-09-25T18:38:58.428Z
CVE-2023-4473,2024-04-28T00:00:00Z,,2026-09-25T18:38:58.428Z
CVE-2023-4474,2024-04-30T00:00:00Z,,2026-09-25T18:38:58.428Z
CVE-2023-4490,2025-06-03T00:00:00Z,,2026-09-25T18:38:58.428Z
CVE-2023-44976,2023-11-23T00:00:00Z,,2026-09-25T18:38:58.428Z
CVE-2023-45038,2025-08-16T00:00:00Z,,2026-09-25T18:38:58.428Z
CVE-2023-45249,2024-07-24T00:00:00Z,2024-07-29T00:00:00Z,2026-09-25T18:38:58.428Z
CVE-2023-45311,2025-11-26T00:00:00Z,,2026-09-25T18:38:58.428Z
CVE-2023-4542,2024-09-18T00:00:00Z,,2026-09-25T18:38:58.428Z
CVE-2023-45727,2024-09-13T00:00:00Z,2024-12-03T00:00:00Z,2026-09-25T18:38:58.428Z
CVE-2023-45797,2023-10-13T00:00:00Z,,2026-09-25T18:38:58.428Z
CVE-2023-45849,2024-01-30T00:00:00Z,,2026-09-25T18:38:58.428Z
CVE-2023-45852,2023-12-04T00:00:00Z,,2026-09-25T18:38:58.428Z
CVE-2023-45878,2025-05-19T00:00:00Z,,2026-09-25T18:38:58.428Z
CVE-2023-4596,2023-08-29T00:00:00Z,,2026-09-25T18:38:58.428Z
CVE-2023-46229,2025-08-20T00:00:00Z,,2026-09-25T18:38:58.428Z
CVE-2023-4634,2023-12-04T00:00:00Z,,2026-09-25T18:38:58.428Z
CVE-2023-46347,2024-06-19T00:00:00Z,,2026-09-25T18:38:58.428Z
CVE-2023-46359,2026-09-18T00:00:00Z,,2026-09-25T18:38:58.428Z
CVE-2023-46574,2024-08-09T00:00:00Z,,2026-09-25T18:38:58.428Z
CVE-2023-46604,2023-11-02T00:00:00Z,2023-11-02T00:00:00Z,2026-09-25T18:38:58.428Z
CVE-2023-4666,2023-09-07T00:00:00Z,,2026-09-25T18:38:58.428Z
CVE-2023-46732,2025-06-07T00:00:00Z,,2026-09-25T18:38:58.428Z
CVE-2023-46747,2023-10-31T00:00:00Z,2023-10-31T00:00:00Z,2026-09-25T18:38:58.428Z
CVE-2023-46748,2023-10-30T00:00:00Z,2023-10-31T00:00:00Z,2026-09-25T18:38:58.428Z
CVE-2023-46805,2024-01-10T00:00:00Z,2024-01-10T00:00:00Z,2026-09-25T18:38:58.428Z
CVE-2023-46808,2024-05-14T00:00:00Z,,2026-09-25T18:38:58.428Z
CVE-2023-47105,2025-06-08T00:00:00Z,,2026-09-25T18:38:58.428Z
CVE-2023-47218,2024-02-16T00:00:00Z,,2026-09-25T18:38:58.428Z
CVE-2023-47246,2023-11-08T00:00:00Z,2023-11-13T00:00:00Z,2026-09-25T18:38:58.428Z
CVE-2023-47248,2025-03-16T00:00:00Z,,2026-09-25T18:38:58.428Z
CVE-2023-47253,2026-03-24T00:00:00Z,,2026-09-25T18:38:58.428Z
CVE-2023-47565,2023-12-14T00:00:00Z,2023-12-21T00:00:00Z,2026-09-25T18:38:58.428Z
CVE-2023-4762,2023-08-16T00:00:00Z,2024-02-06T00:00:00Z,2026-09-25T18:38:58.428Z
CVE-2023-47643,2024-12-24T00:00:00Z,,2026-09-25T18:38:58.428Z
CVE-2023-47783,2026-05-04T00:00:00Z,,2026-09-25T18:38:58.428Z
CVE-2023-47784,2025-03-19T00:00:00Z,,2026-09-25T18:38:58.428Z
CVE-2023-48022,2024-03-26T00:00:00Z,,2026-09-25T18:38:58.428Z
CVE-2023-48084,2025-06-07T00:00:00Z,,2026-09-25T18:38:58.428Z
CVE-2023-48365,2023-11-28T00:00:00Z,2025-01-13T00:00:00Z,2026-09-25T18:38:58.428Z
CVE-2023-4863,2023-09-06T00:00:00Z,2023-09-13T00:00:00Z,2026-09-25T18:38:58.428Z
CVE-2023-48728,2025-06-07T00:00:00Z,,2026-09-25T18:38:58.428Z
CVE-2023-48760,2023-11-28T00:00:00Z,,2026-09-25T18:38:58.428Z
CVE-2023-48777,2023-12-08T00:00:00Z,,2026-09-25T18:38:58.428Z
CVE-2023-48788,2024-03-12T00:00:00Z,2024-03-25T00:00:00Z,2026-09-25T18:38:58.428Z
CVE-2023-48795,2025-02-05T00:00:00Z,,2026-09-25T18:38:58.428Z
CVE-2023-49070,2023-12-29T00:00:00Z,,2026-09-25T18:38:58.428Z
CVE-2023-49103,2023-11-27T00:00:00Z,2023-11-30T00:00:00Z,2026-09-25T18:38:58.428Z
CVE-2023-49105,2026-08-26T00:00:00Z,2026-08-27T00:00:00Z,2026-09-25T18:38:58.428Z
CVE-2023-4911,2023-11-03T00:00:00Z,2023-11-21T00:00:00Z,2026-09-25T18:38:58.428Z
CVE-2023-49606,2026-04-06T00:00:00Z,,2026-09-25T18:38:58.428Z
CVE-2023-4966,2023-10-17T00:00:00Z,2023-10-18T00:00:00Z,2026-09-25T18:38:58.428Z
CVE-2023-4967,2024-02-08T00:00:00Z,,2026-09-25T18:38:58.428Z
CVE-2023-49739,2023-12-01T00:00:00Z,,2026-09-25T18:38:58.428Z
CVE-2023-49785,2024-04-06T00:00:00Z,,2026-09-25T18:38:58.428Z
CVE-2023-49897,2023-12-06T00:00:00Z,2023-12-21T00:00:00Z,2026-09-25T18:38:58.428Z
CVE-2023-4994,2023-09-15T00:00:00Z,,2026-09-25T18:38:58.428Z
CVE-2023-50164,2024-01-31T00:00:00Z,,2026-09-25T18:38:58.428Z
CVE-2023-50224,2025-08-29T00:00:00Z,2025-09-03T00:00:00Z,2026-09-25T18:38:58.428Z
CVE-2023-50358,2024-05-16T00:00:00Z,,2026-09-25T18:38:58.428Z
CVE-2023-50381,2025-09-15T00:00:00Z,,2026-09-25T18:38:58.428Z
CVE-2023-50386,2024-09-18T00:00:00Z,,2026-09-25T18:38:58.428Z
CVE-2023-50428,2023-12-05T00:00:00Z,,2026-09-25T18:38:58.428Z
CVE-2023-50445,2025-09-03T00:00:00Z,,2026-09-25T18:38:58.428Z
CVE-2023-5054,2023-09-18T00:00:00Z,,2026-09-25T18:38:58.428Z
CVE-2023-5074,2023-12-04T00:00:00Z,,2026-09-25T18:38:58.428Z
CVE-2023-50917,2025-10-17T00:00:00Z,,2026-09-25T18:38:58.428Z
CVE-2023-50919,2025-09-03T00:00:00Z,,2026-09-25T18:38:58.428Z
CVE-2023-50968,2024-01-21T00:00:00Z,,2026-09-25T18:38:58.428Z
CVE-2023-51409,2024-01-11T00:00:00Z,,2026-09-25T18:38:58.428Z
CVE-2023-51467,2024-01-02T00:00:00Z,,2026-09-25T18:38:58.428Z
CVE-2023-51477,2023-12-23T00:00:00Z,,2026-09-25T18:38:58.428Z
CVE-2023-5148,2024-08-06T00:00:00Z,,2026-09-25T18:38:58.428Z
CVE-2023-51833,2025-05-04T00:00:00Z,,2026-09-25T18:38:58.428Z
CVE-2023-5201,2023-09-29T00:00:00Z,,2026-09-25T18:38:58.428Z
CVE-2023-52028,2024-08-07T00:00:00Z,,2026-09-25T18:38:58.428Z
CVE-2023-52076,2025-12-08T00:00:00Z,,2026-09-25T18:38:58.428Z
CVE-2023-52163,2024-12-19T00:00:00Z,2025-12-22T00:00:00Z,2026-09-25T18:38:58.428Z
CVE-2023-5217,2023-09-25T00:00:00Z,2023-10-02T00:00:00Z,2026-09-25T18:38:58.428Z
CVE-2023-5222,2024-09-16T00:00:00Z,,2026-09-25T18:38:58.428Z
CVE-2023-52251,2025-12-02T00:00:00Z,,2026-09-25T18:38:58.428Z
CVE-2023-52271,2026-06-16T00:00:00Z,,2026-09-25T18:38:58.428Z
CVE-2023-5285,2025-07-21T00:00:00Z,,2026-09-25T18:38:58.428Z
CVE-2023-5360,2023-10-13T00:00:00Z,,2026-09-25T18:38:58.428Z
CVE-2023-53691,2025-10-22T00:00:00Z,,2026-09-25T18:38:58.428Z
CVE-2023-54359,2026-08-02T00:00:00Z,,2026-09-25T18:38:58.428Z
CVE-2023-54391,2026-09-01T00:00:00Z,,2026-09-25T18:38:58.428Z
CVE-2023-54398,2026-09-15T00:00:00Z,,2026-09-25T18:38:58.428Z
CVE-2023-54399,2023-10-14T00:00:00Z,,2026-09-25T18:38:58.428Z
CVE-2023-5559,2023-10-29T00:00:00Z,,2026-09-25T18:38:58.428Z
CVE-2023-5631,2023-10-25T00:00:00Z,2023-10-26T00:00:00Z,2026-09-25T18:38:58.428Z
CVE-2023-5683,2025-07-21T00:00:00Z,,2026-09-25T18:38:58.428Z
CVE-2023-5815,2025-08-21T00:00:00Z,,2026-09-25T18:38:58.428Z
CVE-2023-5822,2026-05-04T00:00:00Z,,2026-09-25T18:38:58.428Z
CVE-2023-5830,2024-04-11T00:00:00Z,,2026-09-25T18:38:58.428Z
CVE-2023-5914,2024-05-08T00:00:00Z,,2026-09-25T18:38:58.428Z
CVE-2023-5970,2025-10-23T00:00:00Z,,2026-09-25T18:38:58.428Z
CVE-2023-6000,2024-01-10T00:00:00Z,,2026-09-25T18:38:58.428Z
CVE-2023-6023,2024-09-11T00:00:00Z,,2026-09-25T18:38:58.428Z
CVE-2023-6038,2024-01-22T00:00:00Z,,2026-09-25T18:38:58.428Z
CVE-2023-6114,2024-04-11T00:00:00Z,,2026-09-25T18:38:58.428Z
CVE-2023-6184,2025-07-18T00:00:00Z,,2026-09-25T18:38:58.428Z
CVE-2023-6266,2024-06-03T00:00:00Z,,2026-09-25T18:38:58.428Z
CVE-2023-6329,2025-11-10T00:00:00Z,,2026-09-25T18:38:58.428Z
CVE-2023-6345,2023-09-28T00:00:00Z,2023-11-30T00:00:00Z,2026-09-25T18:38:58.428Z
CVE-2023-6360,2025-12-19T00:00:00Z,,2026-09-25T18:38:58.428Z
CVE-2023-6448,2023-11-28T00:00:00Z,2023-12-11T00:00:00Z,2026-09-25T18:38:58.428Z
CVE-2023-6548,2024-01-16T00:00:00Z,2024-01-17T00:00:00Z,2026-09-25T18:38:58.428Z
CVE-2023-6549,2024-01-16T00:00:00Z,2024-01-17T00:00:00Z,2026-09-25T18:38:58.428Z
CVE-2023-6553,2023-12-16T00:00:00Z,,2026-09-25T18:38:58.428Z
CVE-2023-6567,2025-06-08T00:00:00Z,,2026-09-25T18:38:58.428Z
CVE-2023-6600,2024-01-02T00:00:00Z,,2026-09-25T18:38:58.428Z
CVE-2023-6623,2024-05-13T00:00:00Z,,2026-09-25T18:38:58.428Z
CVE-2023-6634,2024-01-04T00:00:00Z,,2026-09-25T18:38:58.428Z
CVE-2023-6655,2025-06-07T00:00:00Z,,2026-09-25T18:38:58.428Z
CVE-2023-6700,2024-01-29T00:00:00Z,,2026-09-25T18:38:58.428Z
CVE-2023-6875,2024-01-10T00:00:00Z,,2026-09-25T18:38:58.428Z
CVE-2023-6895,2026-02-23T00:00:00Z,,2026-09-25T18:38:58.428Z
CVE-2023-6909,2026-04-30T00:00:00Z,,2026-09-25T18:38:58.428Z
CVE-2023-6925,2025-03-19T00:00:00Z,,2026-09-25T18:38:58.428Z
CVE-2023-6933,2024-01-25T00:00:00Z,,2026-09-25T18:38:58.428Z
CVE-2023-6961,2024-05-29T00:00:00Z,,2026-09-25T18:38:58.428Z
CVE-2023-7024,2023-12-19T00:00:00Z,2024-01-02T00:00:00Z,2026-09-25T18:38:58.428Z
CVE-2023-7028,2024-05-01T00:00:00Z,2024-05-01T00:00:00Z,2026-09-25T18:38:58.428Z
CVE-2023-7101,2023-12-25T00:00:00Z,2024-01-02T00:00:00Z,2026-09-25T18:38:58.428Z
CVE-2023-7102,2023-12-24T00:00:00Z,,2026-09-25T18:38:58.428Z
CVE-2023-7286,2024-10-15T00:00:00Z,,2026-09-25T18:38:58.428Z
CVE-2023-7288,2024-10-15T00:00:00Z,,2026-09-25T18:38:58.428Z
CVE-2023-7289,2024-10-16T00:00:00Z,,2026-09-25T18:38:58.428Z
CVE-2023-7290,2024-10-15T00:00:00Z,,2026-09-25T18:38:58.428Z
CVE-2023-7291,2024-10-15T00:00:00Z,,2026-09-25T18:38:58.428Z
CVE-2023-7292,2024-10-15T00:00:00Z,,2026-09-25T18:38:58.428Z
CVE-2023-7293,2024-10-15T00:00:00Z,,2026-09-25T18:38:58.428Z
CVE-2023-7304,2025-10-14T00:00:00Z,,2026-09-25T18:38:58.428Z
CVE-2023-7305,2025-10-14T00:00:00Z,,2026-09-25T18:38:58.428Z
CVE-2023-7307,2023-09-06T00:00:00Z,,2026-09-25T18:38:58.428Z
CVE-2023-7308,2024-06-18T00:00:00Z,,2026-09-25T18:38:58.428Z
CVE-2023-7309,2024-02-15T00:00:00Z,,2026-09-25T18:38:58.428Z
CVE-2023-7311,2024-02-12T00:00:00Z,,2026-09-25T18:38:58.428Z
CVE-2023-7325,2025-10-30T00:00:00Z,,2026-09-25T18:38:58.428Z
CVE-2023-7330,2025-11-24T00:00:00Z,,2026-09-25T18:38:58.428Z
CVE-2023-7334,2026-01-15T00:00:00Z,,2026-09-25T18:38:58.428Z
CVE-2023-7335,2026-01-22T00:00:00Z,,2026-09-25T18:38:58.428Z
CVE-2024-0012,2024-11-18T00:00:00Z,2024-11-18T00:00:00Z,2026-09-25T18:38:58.428Z
CVE-2024-0204,2024-01-25T00:00:00Z,,2026-09-25T18:38:58.428Z
CVE-2024-0235,2025-08-23T00:00:00Z,,2026-09-25T18:38:58.428Z
CVE-2024-0250,2026-09-01T00:00:00Z,,2026-09-25T18:38:58.428Z
CVE-2024-0292,2025-07-13T00:00:00Z,,2026-09-25T18:38:58.428Z
CVE-2024-0297,2025-07-13T00:00:00Z,,2026-09-25T18:38:58.428Z
CVE-2024-0305,2024-03-17T00:00:00Z,,2026-09-25T18:38:58.428Z
CVE-2024-0352,2024-01-22T00:00:00Z,,2026-09-25T18:38:58.428Z
CVE-2024-0519,2024-01-11T00:00:00Z,2024-01-17T00:00:00Z,2026-09-25T18:38:58.428Z
CVE-2024-0582,2025-02-26T00:00:00Z,,2026-09-25T18:38:58.428Z
CVE-2024-0692,2025-06-25T00:00:00Z,,2026-09-25T18:38:58.428Z
CVE-2024-0769,2024-06-25T00:00:00Z,2025-06-25T00:00:00Z,2026-09-25T18:38:58.428Z
CVE-2024-0778,2024-03-05T00:00:00Z,,2026-09-25T18:38:58.428Z
CVE-2024-0799,2024-05-09T00:00:00Z,,2026-09-25T18:38:58.428Z
CVE-2024-0800,2024-05-09T00:00:00Z,,2026-09-25T18:38:58.428Z
CVE-2024-0801,2024-05-09T00:00:00Z,,2026-09-25T18:38:58.428Z
CVE-2024-10081,2024-12-10T00:00:00Z,,2026-09-25T18:38:58.428Z
CVE-2024-1021,2024-04-04T00:00:00Z,,2026-09-25T18:38:58.428Z
CVE-2024-10392,2024-10-30T00:00:00Z,,2026-09-25T18:38:58.428Z
CVE-2024-10400,2024-11-21T00:00:00Z,,2026-09-25T18:38:58.428Z
CVE-2024-10571,2024-11-14T00:00:00Z,,2026-09-25T18:38:58.428Z
CVE-2024-10586,2025-07-18T00:00:00Z,,2026-09-25T18:38:58.428Z
CVE-2024-1061,2024-02-14T00:00:00Z,,2026-09-25T18:38:58.428Z
CVE-2024-1071,2024-02-23T00:00:00Z,,2026-09-25T18:38:58.428Z
CVE-2024-10781,2024-11-26T00:00:00Z,,2026-09-25T18:38:58.428Z
CVE-2024-10857,2024-11-25T00:00:00Z,,2026-09-25T18:38:58.428Z
CVE-2024-1086,2024-05-30T00:00:00Z,2024-05-30T00:00:00Z,2026-09-25T18:38:58.428Z
CVE-2024-10914,2024-11-13T00:00:00Z,,2026-09-25T18:38:58.428Z
CVE-2024-10915,2025-11-26T00:00:00Z,,2026-09-25T18:38:58.428Z
CVE-2024-10924,2024-11-14T00:00:00Z,,2026-09-25T18:38:58.428Z
CVE-2024-11015,2024-12-12T00:00:00Z,,2026-09-25T18:38:58.428Z
CVE-2024-11080,2026-09-04T00:00:00Z,,2026-09-25T18:38:58.428Z
CVE-2024-11120,2024-11-15T00:00:00Z,2025-05-07T00:00:00Z,2026-09-25T18:38:58.428Z
CVE-2024-11182,2025-05-15T00:00:00Z,2025-05-19T00:00:00Z,2026-09-25T18:38:58.428Z
CVE-2024-11238,2025-05-09T00:00:00Z,,2026-09-25T18:38:58.428Z
CVE-2024-11303,2025-03-11T00:00:00Z,,2026-09-25T18:38:58.428Z
CVE-2024-11305,2024-12-24T00:00:00Z,,2026-09-25T18:38:58.428Z
CVE-2024-11349,2026-05-05T00:00:00Z,,2026-09-25T18:38:58.428Z
CVE-2024-11350,2026-05-05T00:00:00Z,,2026-09-25T18:38:58.428Z
CVE-2024-11587,2025-07-31T00:00:00Z,,2026-09-25T18:38:58.428Z
CVE-2024-11667,2024-11-21T00:00:00Z,2024-12-03T00:00:00Z,2026-09-25T18:38:58.428Z
CVE-2024-11680,2024-11-26T00:00:00Z,2024-12-03T00:00:00Z,2026-09-25T18:38:58.428Z
CVE-2024-11740,2025-09-11T00:00:00Z,,2026-09-25T18:38:58.428Z
CVE-2024-11859,2025-04-07T00:00:00Z,,2026-09-25T18:38:58.428Z
CVE-2024-11868,2026-03-31T00:00:00Z,,2026-09-25T18:38:58.428Z
CVE-2024-11951,2025-03-05T00:00:00Z,,2026-09-25T18:38:58.428Z
CVE-2024-11972,2024-12-10T00:00:00Z,,2026-09-25T18:38:58.428Z
CVE-2024-12025,2026-03-31T00:00:00Z,,2026-09-25T18:38:58.428Z
CVE-2024-1212,2024-03-29T00:00:00Z,2024-11-18T00:00:00Z,2026-09-25T18:38:58.428Z
CVE-2024-12209,2024-12-05T00:00:00Z,,2026-09-25T18:38:58.428Z
CVE-2024-12213,2026-01-22T00:00:00Z,,2026-09-25T18:38:58.428Z
CVE-2024-12248,2026-01-20T00:00:00Z,,2026-09-25T18:38:58.428Z
CVE-2024-12281,2026-05-04T00:00:00Z,,2026-09-25T18:38:58.428Z
CVE-2024-12356,2024-12-19T00:00:00Z,2024-12-19T00:00:00Z,2026-09-25T18:38:58.428Z
CVE-2024-12686,2024-12-18T00:00:00Z,2025-01-13T00:00:00Z,2026-09-25T18:38:58.428Z
CVE-2024-12802,2026-05-19T00:00:00Z,,2026-09-25T18:38:58.428Z
CVE-2024-12856,2024-11-09T00:00:00Z,,2026-09-25T18:38:58.428Z
CVE-2024-12877,2026-02-03T00:00:00Z,,2026-09-25T18:38:58.428Z
CVE-2024-12912,2025-11-19T00:00:00Z,,2026-09-25T18:38:58.428Z
CVE-2024-12987,2025-02-12T00:00:00Z,2025-05-15T00:00:00Z,2026-09-25T18:38:58.428Z
CVE-2024-13030,2026-03-12T00:00:00Z,,2026-09-25T18:38:58.428Z
CVE-2024-13159,2025-03-10T00:00:00Z,2025-03-10T00:00:00Z,2026-09-25T18:38:58.428Z
CVE-2024-13160,2025-03-10T00:00:00Z,2025-03-10T00:00:00Z,2026-09-25T18:38:58.428Z
CVE-2024-13161,2025-03-10T00:00:00Z,2025-03-10T00:00:00Z,2026-09-25T18:38:58.428Z
CVE-2024-13365,2026-05-05T00:00:00Z,,2026-09-25T18:38:58.428Z
CVE-2024-13375,2025-01-18T00:00:00Z,,2026-09-25T18:38:58.428Z
CVE-2024-13421,2026-05-04T00:00:00Z,,2026-09-25T18:38:58.428Z
CVE-2024-13448,2026-05-04T00:00:00Z,,2026-09-25T18:38:58.428Z
CVE-2024-13609,2026-03-31T00:00:00Z,,2026-09-25T18:38:58.428Z
CVE-2024-13744,2026-05-04T00:00:00Z,,2026-09-25T18:38:58.428Z
CVE-2024-13979,2025-04-14T00:00:00Z,,2026-09-25T18:38:58.428Z
CVE-2024-13980,2024-08-28T00:00:00Z,,2026-09-25T18:38:58.428Z
CVE-2024-13981,2024-08-23T00:00:00Z,,2026-09-25T18:38:58.428Z
CVE-2024-13982,2022-02-20T00:00:00Z,,2026-09-25T18:38:58.428Z
CVE-2024-13984,2024-08-23T00:00:00Z,,2026-09-25T18:38:58.428Z
CVE-2024-13985,2024-04-06T00:00:00Z,,2026-09-25T18:38:58.428Z
CVE-2024-13990,2024-04-23T00:00:00Z,,2026-09-25T18:38:58.428Z
CVE-2024-13991,2025-10-14T00:00:00Z,,2026-09-25T18:38:58.428Z
CVE-2024-14007,2025-11-24T00:00:00Z,,2026-09-25T18:38:58.428Z
CVE-2024-14037,2026-07-02T00:00:00Z,,2026-09-25T18:38:58.428Z
CVE-2024-1561,2024-09-18T00:00:00Z,,2026-09-25T18:38:58.428Z
CVE-2024-1597,2024-10-30T00:00:00Z,,2026-09-25T18:38:58.428Z
CVE-2024-1698,2024-03-29T00:00:00Z,,2026-09-25T18:38:58.428Z
CVE-2024-1708,2024-02-22T00:00:00Z,2026-04-28T00:00:00Z,2026-09-25T18:38:58.428Z
CVE-2024-1709,2024-02-20T00:00:00Z,2024-02-22T00:00:00Z,2026-09-25T18:38:58.428Z
CVE-2024-1781,2025-10-09T00:00:00Z,,2026-09-25T18:38:58.428Z
CVE-2024-1853,2024-07-16T00:00:00Z,,2026-09-25T18:38:58.428Z
CVE-2024-20345,2024-05-10T00:00:00Z,,2026-09-25T18:38:58.428Z
CVE-2024-20353,2024-04-24T00:00:00Z,2024-04-24T00:00:00Z,2026-09-25T18:38:58.428Z
CVE-2024-20359,2024-04-24T00:00:00Z,2024-04-24T00:00:00Z,2026-09-25T18:38:58.428Z
CVE-2024-20399,2024-07-01T00:00:00Z,2024-07-02T00:00:00Z,2026-09-25T18:38:58.428Z
CVE-2024-20404,2026-02-04T00:00:00Z,,2026-09-25T18:38:58.428Z
CVE-2024-20419,2025-10-17T00:00:00Z,,2026-09-25T18:38:58.428Z
CVE-2024-20439,2025-02-27T00:00:00Z,2025-03-31T00:00:00Z,2026-09-25T18:38:58.428Z
CVE-2024-20440,2025-06-07T00:00:00Z,,2026-09-25T18:38:58.428Z
CVE-2024-20481,2024-10-23T00:00:00Z,2024-10-24T00:00:00Z,2026-09-25T18:38:58.428Z
CVE-2024-2053,2026-02-02T00:00:00Z,,2026-09-25T18:38:58.428Z
CVE-2024-20666,2025-04-03T00:00:00Z,,2026-09-25T18:38:58.428Z
CVE-2024-20720,2024-04-04T00:00:00Z,,2026-09-25T18:38:58.428Z
CVE-2024-20767,2024-04-11T00:00:00Z,2024-12-16T00:00:00Z,2026-09-25T18:38:58.428Z
CVE-2024-20953,2025-02-24T00:00:00Z,2025-02-24T00:00:00Z,2026-09-25T18:38:58.428Z
CVE-2024-21136,2025-06-08T00:00:00Z,,2026-09-25T18:38:58.428Z
CVE-2024-21182,2026-06-01T00:00:00Z,2026-06-01T00:00:00Z,2026-09-25T18:38:58.428Z
CVE-2024-2123,2024-03-08T00:00:00Z,,2026-09-25T18:38:58.428Z
CVE-2024-21287,2024-11-18T00:00:00Z,2024-11-21T00:00:00Z,2026-09-25T18:38:58.428Z
CVE-2024-21338,2024-02-13T00:00:00Z,2024-03-04T00:00:00Z,2026-09-25T18:38:58.428Z
CVE-2024-21351,2024-02-13T00:00:00Z,2024-02-13T00:00:00Z,2026-09-25T18:38:58.428Z
CVE-2024-21390,2024-12-05T00:00:00Z,,2026-09-25T18:38:58.428Z
CVE-2024-21407,2025-06-10T00:00:00Z,,2026-09-25T18:38:58.428Z
CVE-2024-21410,2024-02-14T00:00:00Z,2024-02-15T00:00:00Z,2026-09-25T18:38:58.428Z
CVE-2024-21412,2024-02-13T00:00:00Z,2024-02-13T00:00:00Z,2026-09-25T18:38:58.428Z
CVE-2024-21413,2024-05-14T00:00:00Z,2025-02-06T00:00:00Z,2026-09-25T18:38:58.428Z
CVE-2024-21447,2025-02-26T00:00:00Z,,2026-09-25T18:38:58.428Z
CVE-2024-21620,2025-08-24T00:00:00Z,,2026-09-25T18:38:58.428Z
CVE-2024-21626,2024-05-07T00:00:00Z,,2026-09-25T18:38:58.428Z
CVE-2024-21650,2025-09-25T00:00:00Z,,2026-09-25T18:38:58.428Z
CVE-2024-21683,2024-05-23T00:00:00Z,,2026-09-25T18:38:58.428Z
CVE-2024-2172,2024-03-21T00:00:00Z,,2026-09-25T18:38:58.428Z
CVE-2024-21754,2024-06-13T00:00:00Z,,2026-09-25T18:38:58.428Z
CVE-2024-21762,2024-02-08T00:00:00Z,2024-02-09T00:00:00Z,2026-09-25T18:38:58.428Z
CVE-2024-21833,2026-04-10T00:00:00Z,,2026-09-25T18:38:58.428Z
CVE-2024-21887,2024-01-10T00:00:00Z,2024-01-10T00:00:00Z,2026-09-25T18:38:58.428Z
CVE-2024-21888,2024-02-29T00:00:00Z,,2026-09-25T18:38:58.428Z
CVE-2024-21893,2024-01-15T00:00:00Z,2024-01-31T00:00:00Z,2026-09-25T18:38:58.428Z
CVE-2024-21894,2024-10-30T00:00:00Z,,2026-09-25T18:38:58.428Z
CVE-2024-21899,2024-03-18T00:00:00Z,,2026-09-25T18:38:58.428Z
CVE-2024-2194,2024-05-29T00:00:00Z,,2026-09-25T18:38:58.428Z
CVE-2024-22024,2024-02-06T00:00:00Z,,2026-09-25T18:38:58.428Z
CVE-2024-22120,2025-03-19T00:00:00Z,,2026-09-25T18:38:58.428Z
CVE-2024-22145,2024-01-15T00:00:00Z,,2026-09-25T18:38:58.428Z
CVE-2024-22252,2024-09-11T00:00:00Z,,2026-09-25T18:38:58.428Z
CVE-2024-22253,2024-09-11T00:00:00Z,,2026-09-25T18:38:58.428Z
CVE-2024-22254,2024-10-11T00:00:00Z,,2026-09-25T18:38:58.428Z
CVE-2024-22255,2024-10-11T00:00:00Z,,2026-09-25T18:38:58.428Z
CVE-2024-22307,2024-01-19T00:00:00Z,,2026-09-25T18:38:58.428Z
CVE-2024-22319,2024-03-17T00:00:00Z,,2026-09-25T18:38:58.428Z
CVE-2024-22320,2024-03-22T00:00:00Z,,2026-09-25T18:38:58.428Z
CVE-2024-22729,2024-06-27T00:00:00Z,,2026-09-25T18:38:58.428Z
CVE-2024-22768,2024-01-30T00:00:00Z,,2026-09-25T18:38:58.428Z
CVE-2024-22769,2024-01-30T00:00:00Z,,2026-09-25T18:38:58.428Z
CVE-2024-22770,2024-01-30T00:00:00Z,,2026-09-25T18:38:58.428Z
CVE-2024-22771,2024-01-30T00:00:00Z,,2026-09-25T18:38:58.428Z
CVE-2024-22772,2024-01-30T00:00:00Z,,2026-09-25T18:38:58.428Z
CVE-2024-22927,2026-04-21T00:00:00Z,,2026-09-25T18:38:58.428Z
CVE-2024-23108,2025-02-25T00:00:00Z,,2026-09-25T18:38:58.428Z
CVE-2024-23109,2025-02-25T00:00:00Z,,2026-09-25T18:38:58.428Z
CVE-2024-23113,2024-10-09T00:00:00Z,2024-10-09T00:00:00Z,2026-09-25T18:38:58.428Z
CVE-2024-23222,2024-01-22T00:00:00Z,2024-01-23T00:00:00Z,2026-09-25T18:38:58.428Z
CVE-2024-23225,2024-03-05T00:00:00Z,2024-03-06T00:00:00Z,2026-09-25T18:38:58.428Z
CVE-2024-23296,2024-03-05T00:00:00Z,2024-03-06T00:00:00Z,2026-09-25T18:38:58.428Z
CVE-2024-2330,2024-09-26T00:00:00Z,,2026-09-25T18:38:58.428Z
CVE-2024-23334,2024-03-15T00:00:00Z,,2026-09-25T18:38:58.428Z
CVE-2024-23506,2024-01-24T00:00:00Z,,2026-09-25T18:38:58.428Z
CVE-2024-23507,2024-01-24T00:00:00Z,,2026-09-25T18:38:58.428Z
CVE-2024-2353,2025-02-12T00:00:00Z,,2026-09-25T18:38:58.428Z
CVE-2024-23660,2024-02-08T00:00:00Z,,2026-09-25T18:38:58.428Z
CVE-2024-23692,2024-06-28T00:00:00Z,2024-07-09T00:00:00Z,2026-09-25T18:38:58.428Z
CVE-2024-23842,2024-01-30T00:00:00Z,,2026-09-25T18:38:58.428Z
CVE-2024-2389,2024-04-26T00:00:00Z,,2026-09-25T18:38:58.428Z
CVE-2024-23897,2024-01-30T00:00:00Z,2024-08-19T00:00:00Z,2026-09-25T18:38:58.428Z
CVE-2024-23917,2025-10-17T00:00:00Z,,2026-09-25T18:38:58.428Z
CVE-2024-24112,2026-09-14T00:00:00Z,,2026-09-25T18:38:58.428Z
CVE-2024-2417,2024-05-02T00:00:00Z,,2026-09-25T18:38:58.428Z
CVE-2024-24328,2025-02-12T00:00:00Z,,2026-09-25T18:38:58.428Z
CVE-2024-24329,2025-02-12T00:00:00Z,,2026-09-25T18:38:58.428Z
CVE-2024-2473,2026-01-23T00:00:00Z,,2026-09-25T18:38:58.428Z
CVE-2024-24882,2024-04-05T00:00:00Z,,2026-09-25T18:38:58.428Z
CVE-2024-24919,2024-05-27T00:00:00Z,2024-05-30T00:00:00Z,2026-09-25T18:38:58.428Z
CVE-2024-25461,2023-08-08T00:00:00Z,,2026-09-25T18:38:58.428Z
CVE-2024-25599,2024-03-26T00:00:00Z,,2026-09-25T18:38:58.428Z
CVE-2024-25600,2024-02-19T00:00:00Z,,2026-09-25T18:38:58.428Z
CVE-2024-25608,2025-01-29T00:00:00Z,,2026-09-25T18:38:58.428Z
CVE-2024-25735,2024-03-03T00:00:00Z,,2026-09-25T18:38:58.428Z
CVE-2024-25852,2024-05-22T00:00:00Z,,2026-09-25T18:38:58.428Z
CVE-2024-25918,2024-02-14T00:00:00Z,,2026-09-25T18:38:58.428Z
CVE-2024-25925,2024-04-03T00:00:00Z,,2026-09-25T18:38:58.428Z
CVE-2024-26169,2024-06-12T00:00:00Z,2024-06-13T00:00:00Z,2026-09-25T18:38:58.428Z
CVE-2024-26229,2024-11-19T00:00:00Z,,2026-09-25T18:38:58.428Z
CVE-2024-26234,2024-04-09T00:00:00Z,,2026-09-25T18:38:58.428Z
CVE-2024-2667,2024-04-12T00:00:00Z,,2026-09-25T18:38:58.428Z
CVE-2024-26987,2025-02-27T00:00:00Z,,2026-09-25T18:38:58.428Z
CVE-2024-27130,2024-05-27T00:00:00Z,,2026-09-25T18:38:58.428Z
CVE-2024-27188,2024-04-02T00:00:00Z,,2026-09-25T18:38:58.428Z
CVE-2024-27198,2024-03-05T00:00:00Z,2024-03-07T00:00:00Z,2026-09-25T18:38:58.428Z
CVE-2024-27199,2024-03-05T00:00:00Z,2026-04-20T00:00:00Z,2026-09-25T18:38:58.428Z
CVE-2024-27292,2025-06-07T00:00:00Z,,2026-09-25T18:38:58.428Z
CVE-2024-27348,2024-07-15T00:00:00Z,2024-09-18T00:00:00Z,2026-09-25T18:38:58.428Z
CVE-2024-27443,2025-05-15T00:00:00Z,2025-05-19T00:00:00Z,2026-09-25T18:38:58.428Z
CVE-2024-27497,2024-03-19T00:00:00Z,,2026-09-25T18:38:58.428Z
CVE-2024-27564,2024-04-27T00:00:00Z,,2026-09-25T18:38:58.428Z
CVE-2024-2771,2024-05-20T00:00:00Z,,2026-09-25T18:38:58.428Z
CVE-2024-2782,2024-05-20T00:00:00Z,,2026-09-25T18:38:58.428Z
CVE-2024-27954,2024-03-29T00:00:00Z,,2026-09-25T18:38:58.428Z
CVE-2024-27956,2024-04-24T00:00:00Z,,2026-09-25T18:38:58.428Z
CVE-2024-27971,2024-03-13T00:00:00Z,,2026-09-25T18:38:58.428Z
CVE-2024-27972,2024-03-13T00:00:00Z,,2026-09-25T18:38:58.428Z
CVE-2024-27987,2024-03-15T00:00:00Z,,2026-09-25T18:38:58.428Z
CVE-2024-27993,2024-03-15T00:00:00Z,,2026-09-25T18:38:58.428Z
CVE-2024-27994,2024-03-15T00:00:00Z,,2026-09-25T18:38:58.428Z
CVE-2024-27998,2024-03-15T00:00:00Z,,2026-09-25T18:38:58.428Z
CVE-2024-28000,2024-08-21T00:00:00Z,,2026-09-25T18:38:58.428Z
CVE-2024-28200,2024-04-11T00:00:00Z,,2026-09-25T18:38:58.428Z
CVE-2024-28253,2024-04-17T00:00:00Z,,2026-09-25T18:38:58.428Z
CVE-2024-28254,2024-04-17T00:00:00Z,,2026-09-25T18:38:58.428Z
CVE-2024-28255,2024-04-17T00:00:00Z,,2026-09-25T18:38:58.428Z
CVE-2024-2848,2024-04-01T00:00:00Z,,2026-09-25T18:38:58.428Z
CVE-2024-2851,2026-09-09T00:00:00Z,,2026-09-25T18:38:58.428Z
CVE-2024-2862,2026-02-01T00:00:00Z,,2026-09-25T18:38:58.428Z
CVE-2024-2863,2026-01-14T00:00:00Z,,2026-09-25T18:38:58.428Z
CVE-2024-28734,2024-04-27T00:00:00Z,,2026-09-25T18:38:58.428Z
CVE-2024-2876,2025-03-11T00:00:00Z,,2026-09-25T18:38:58.428Z
CVE-2024-2879,2026-05-04T00:00:00Z,,2026-09-25T18:38:58.428Z
CVE-2024-28847,2024-04-17T00:00:00Z,,2026-09-25T18:38:58.428Z
CVE-2024-28848,2024-04-17T00:00:00Z,,2026-09-25T18:38:58.428Z
CVE-2024-28916,2025-02-26T00:00:00Z,,2026-09-25T18:38:58.428Z
CVE-2024-28986,2024-08-15T00:00:00Z,2024-08-15T00:00:00Z,2026-09-25T18:38:58.428Z
CVE-2024-28987,2024-10-15T00:00:00Z,2024-10-15T00:00:00Z,2026-09-25T18:38:58.428Z
CVE-2024-28995,2024-06-21T00:00:00Z,2024-07-17T00:00:00Z,2026-09-25T18:38:58.428Z
CVE-2024-29028,2025-09-26T00:00:00Z,,2026-09-25T18:38:58.428Z
CVE-2024-29029,2025-09-25T00:00:00Z,,2026-09-25T18:38:58.428Z
CVE-2024-29030,2025-09-26T00:00:00Z,,2026-09-25T18:38:58.428Z
CVE-2024-29059,2024-04-27T00:00:00Z,2025-02-04T00:00:00Z,2026-09-25T18:38:58.428Z
CVE-2024-29125,2024-03-16T00:00:00Z,,2026-09-25T18:38:58.428Z
CVE-2024-29135,2024-03-18T00:00:00Z,,2026-09-25T18:38:58.428Z
CVE-2024-29136,2024-03-18T00:00:00Z,,2026-09-25T18:38:58.428Z
CVE-2024-29137,2024-03-18T00:00:00Z,,2026-09-25T18:38:58.428Z
CVE-2024-29138,2024-03-18T00:00:00Z,,2026-09-25T18:38:58.428Z
CVE-2024-29198,2025-07-31T00:00:00Z,,2026-09-25T18:38:58.428Z
CVE-2024-29269,2024-09-18T00:00:00Z,,2026-09-25T18:38:58.428Z
CVE-2024-29291,2025-02-27T00:00:00Z,,2026-09-25T18:38:58.428Z
CVE-2024-29510,2024-07-03T00:00:00Z,,2026-09-25T18:38:58.428Z
CVE-2024-2961,2024-09-16T00:00:00Z,,2026-09-25T18:38:58.428Z
CVE-2024-29745,2024-04-02T00:00:00Z,2024-04-04T00:00:00Z,2026-09-25T18:38:58.428Z
CVE-2024-29748,2024-04-02T00:00:00Z,2024-04-04T00:00:00Z,2026-09-25T18:38:58.428Z
CVE-2024-29777,2024-03-25T00:00:00Z,,2026-09-25T18:38:58.428Z
CVE-2024-29792,2024-03-25T00:00:00Z,,2026-09-25T18:38:58.428Z
CVE-2024-29824,2024-06-19T00:00:00Z,2024-10-02T00:00:00Z,2026-09-25T18:38:58.428Z
CVE-2024-29895,2024-08-06T00:00:00Z,,2026-09-25T18:38:58.428Z
CVE-2024-29931,2024-03-25T00:00:00Z,,2026-09-25T18:38:58.428Z
CVE-2024-29972,2025-06-07T00:00:00Z,,2026-09-25T18:38:58.428Z
CVE-2024-29973,2024-06-24T00:00:00Z,,2026-09-25T18:38:58.428Z
CVE-2024-29988,2024-04-09T00:00:00Z,2024-04-30T00:00:00Z,2026-09-25T18:38:58.428Z
CVE-2024-30040,2024-05-14T00:00:00Z,2024-05-14T00:00:00Z,2026-09-25T18:38:58.428Z
CVE-2024-30051,2024-05-14T00:00:00Z,2024-05-14T00:00:00Z,2026-09-25T18:38:58.428Z
CVE-2024-30088,2024-10-11T00:00:00Z,2024-10-15T00:00:00Z,2026-09-25T18:38:58.428Z
CVE-2024-30090,2025-08-01T00:00:00Z,,2026-09-25T18:38:58.428Z
CVE-2024-30194,2024-03-25T00:00:00Z,,2026-09-25T18:38:58.428Z
CVE-2024-30199,2024-03-25T00:00:00Z,,2026-09-25T18:38:58.428Z
CVE-2024-30221,2024-03-26T00:00:00Z,,2026-09-25T18:38:58.428Z
CVE-2024-30229,2024-03-26T00:00:00Z,,2026-09-25T18:38:58.428Z
CVE-2024-30244,2024-03-26T00:00:00Z,,2026-09-25T18:38:58.428Z
CVE-2024-30265,2024-04-03T00:00:00Z,,2026-09-25T18:38:58.428Z
CVE-2024-30269,2025-06-28T00:00:00Z,,2026-09-25T18:38:58.428Z
CVE-2024-30435,2024-03-28T00:00:00Z,,2026-09-25T18:38:58.428Z
CVE-2024-30503,2024-03-28T00:00:00Z,,2026-09-25T18:38:58.428Z
CVE-2024-30505,2024-03-28T00:00:00Z,,2026-09-25T18:38:58.428Z
CVE-2024-3053,2024-04-09T00:00:00Z,,2026-09-25T18:38:58.428Z
CVE-2024-30534,2024-03-29T00:00:00Z,,2026-09-25T18:38:58.428Z
CVE-2024-3080,2024-10-04T00:00:00Z,,2026-09-25T18:38:58.428Z
CVE-2024-30891,2024-09-19T00:00:00Z,,2026-09-25T18:38:58.428Z
CVE-2024-31223,2024-06-13T00:00:00Z,,2026-09-25T18:38:58.428Z
CVE-2024-31230,2024-04-02T00:00:00Z,,2026-09-25T18:38:58.428Z
CVE-2024-31231,2024-04-03T00:00:00Z,,2026-09-25T18:38:58.428Z
CVE-2024-31280,2024-04-05T00:00:00Z,,2026-09-25T18:38:58.428Z
CVE-2024-31281,2024-04-05T00:00:00Z,,2026-09-25T18:38:58.428Z
CVE-2024-31286,2026-05-04T00:00:00Z,,2026-09-25T18:38:58.428Z
CVE-2024-31358,2024-04-08T00:00:00Z,,2026-09-25T18:38:58.428Z
CVE-2024-31750,2024-07-03T00:00:00Z,,2026-09-25T18:38:58.428Z
CVE-2024-31839,2025-06-04T00:00:00Z,,2026-09-25T18:38:58.428Z
CVE-2024-31982,2024-06-26T00:00:00Z,,2026-09-25T18:38:58.428Z
CVE-2024-32113,2024-06-14T00:00:00Z,2024-08-07T00:00:00Z,2026-09-25T18:38:58.428Z
CVE-2024-32114,2026-04-22T00:00:00Z,,2026-09-25T18:38:58.428Z
CVE-2024-32238,2025-02-27T00:00:00Z,,2026-09-25T18:38:58.428Z
CVE-2024-32507,2024-04-15T00:00:00Z,,2026-09-25T18:38:58.428Z
CVE-2024-32553,2024-04-16T00:00:00Z,,2026-09-25T18:38:58.428Z
CVE-2024-32568,2024-04-16T00:00:00Z,,2026-09-25T18:38:58.428Z
CVE-2024-32589,2024-04-16T00:00:00Z,,2026-09-25T18:38:58.428Z
CVE-2024-32640,2024-05-16T00:00:00Z,,2026-09-25T18:38:58.428Z
CVE-2024-32702,2024-04-22T00:00:00Z,,2026-09-25T18:38:58.428Z
CVE-2024-32703,2024-04-22T00:00:00Z,,2026-09-25T18:38:58.428Z
CVE-2024-32704,2024-04-22T00:00:00Z,,2026-09-25T18:38:58.428Z
CVE-2024-32705,2024-04-22T00:00:00Z,,2026-09-25T18:38:58.428Z
CVE-2024-32706,2024-04-22T00:00:00Z,,2026-09-25T18:38:58.428Z
CVE-2024-32711,2024-04-22T00:00:00Z,,2026-09-25T18:38:58.428Z
CVE-2024-3272,2024-04-11T00:00:00Z,2024-04-11T00:00:00Z,2026-09-25T18:38:58.428Z
CVE-2024-3273,2024-04-08T00:00:00Z,2024-04-11T00:00:00Z,2026-09-25T18:38:58.428Z
CVE-2024-32735,2025-01-22T00:00:00Z,,2026-09-25T18:38:58.428Z
CVE-2024-32736,2025-01-22T00:00:00Z,,2026-09-25T18:38:58.428Z
CVE-2024-32737,2025-01-22T00:00:00Z,,2026-09-25T18:38:58.428Z
CVE-2024-32738,2025-01-22T00:00:00Z,,2026-09-25T18:38:58.428Z
CVE-2024-32739,2025-01-22T00:00:00Z,,2026-09-25T18:38:58.428Z
CVE-2024-32778,2024-04-22T00:00:00Z,,2026-09-25T18:38:58.428Z
CVE-2024-32810,2024-04-22T00:00:00Z,,2026-09-25T18:38:58.428Z
CVE-2024-32832,2024-04-22T00:00:00Z,,2026-09-25T18:38:58.428Z
CVE-2024-32836,2024-04-22T00:00:00Z,,2026-09-25T18:38:58.428Z
CVE-2024-32870,2025-06-08T00:00:00Z,,2026-09-25T18:38:58.428Z
CVE-2024-32896,2024-06-11T00:00:00Z,2024-06-13T00:00:00Z,2026-09-25T18:38:58.428Z
CVE-2024-32959,2024-04-23T00:00:00Z,,2026-09-25T18:38:58.428Z
CVE-2024-33112,2024-12-26T00:00:00Z,,2026-09-25T18:38:58.428Z
CVE-2024-33326,2025-09-25T00:00:00Z,,2026-09-25T18:38:58.428Z
CVE-2024-33434,2025-08-27T00:00:00Z,,2026-09-25T18:38:58.428Z
CVE-2024-33548,2024-04-25T00:00:00Z,,2026-09-25T18:38:58.428Z
CVE-2024-33551,2024-04-25T00:00:00Z,,2026-09-25T18:38:58.428Z
CVE-2024-33552,2024-04-25T00:00:00Z,,2026-09-25T18:38:58.428Z
CVE-2024-33553,2024-04-25T00:00:00Z,,2026-09-25T18:38:58.428Z
CVE-2024-33571,2024-04-25T00:00:00Z,,2026-09-25T18:38:58.428Z
CVE-2024-33575,2025-03-11T00:00:00Z,,2026-09-25T18:38:58.428Z
CVE-2024-3378,2024-12-10T00:00:00Z,,2026-09-25T18:38:58.428Z
CVE-2024-3393,2024-12-27T00:00:00Z,2024-12-30T00:00:00Z,2026-09-25T18:38:58.428Z
CVE-2024-33939,2024-04-30T00:00:00Z,,2026-09-25T18:38:58.428Z
CVE-2024-3400,2024-04-12T00:00:00Z,2024-04-12T00:00:00Z,2026-09-25T18:38:58.428Z
CVE-2024-3408,2025-12-19T00:00:00Z,,2026-09-25T18:38:58.428Z
CVE-2024-34102,2024-07-12T00:00:00Z,2024-07-17T00:00:00Z,2026-09-25T18:38:58.428Z
CVE-2024-34193,2025-07-21T00:00:00Z,,2026-09-25T18:38:58.428Z
CVE-2024-34257,2024-08-13T00:00:00Z,,2026-09-25T18:38:58.428Z
CVE-2024-34444,2024-05-28T00:00:00Z,,2026-09-25T18:38:58.428Z
CVE-2024-3469,2024-06-05T00:00:00Z,,2026-09-25T18:38:58.428Z
CVE-2024-34794,2024-05-20T00:00:00Z,,2026-09-25T18:38:58.428Z
CVE-2024-34826,2024-05-09T00:00:00Z,,2026-09-25T18:38:58.428Z
CVE-2024-34854,2024-12-05T00:00:00Z,,2026-09-25T18:38:58.428Z
CVE-2024-3495,2026-02-25T00:00:00Z,,2026-09-25T18:38:58.428Z
CVE-2024-35219,2024-12-05T00:00:00Z,,2026-09-25T18:38:58.428Z
CVE-2024-35250,2024-12-16T00:00:00Z,2024-12-16T00:00:00Z,2026-09-25T18:38:58.428Z
CVE-2024-35286,2024-12-10T00:00:00Z,,2026-09-25T18:38:58.428Z
CVE-2024-35679,2024-06-06T00:00:00Z,,2026-09-25T18:38:58.428Z
CVE-2024-35693,2024-06-06T00:00:00Z,,2026-09-25T18:38:58.428Z
CVE-2024-35694,2024-06-06T00:00:00Z,,2026-09-25T18:38:58.428Z
CVE-2024-35700,2024-05-21T00:00:00Z,,2026-09-25T18:38:58.428Z
CVE-2024-3605,2026-04-07T00:00:00Z,,2026-09-25T18:38:58.428Z
CVE-2024-36104,2024-08-19T00:00:00Z,,2026-09-25T18:38:58.428Z
CVE-2024-36111,2024-12-03T00:00:00Z,,2026-09-25T18:38:58.428Z
CVE-2024-36117,2025-10-17T00:00:00Z,,2026-09-25T18:38:58.428Z
CVE-2024-36401,2024-07-03T00:00:00Z,2024-07-15T00:00:00Z,2026-09-25T18:38:58.428Z
CVE-2024-36412,2026-09-10T00:00:00Z,,2026-09-25T18:38:58.428Z
CVE-2024-36420,2026-07-17T00:00:00Z,,2026-09-25T18:38:58.428Z
CVE-2024-36675,2025-08-01T00:00:00Z,,2026-09-25T18:38:58.428Z
CVE-2024-36680,2024-06-24T00:00:00Z,,2026-09-25T18:38:58.428Z
CVE-2024-36857,2024-08-15T00:00:00Z,,2026-09-25T18:38:58.428Z
CVE-2024-36858,2024-08-15T00:00:00Z,,2026-09-25T18:38:58.428Z
CVE-2024-36971,2024-08-05T00:00:00Z,2024-08-07T00:00:00Z,2026-09-25T18:38:58.428Z
CVE-2024-36991,2024-11-03T00:00:00Z,,2026-09-25T18:38:58.428Z
CVE-2024-37014,2026-08-01T00:00:00Z,,2026-09-25T18:38:58.428Z
CVE-2024-37032,2024-08-22T00:00:00Z,,2026-09-25T18:38:58.428Z
CVE-2024-37079,2026-01-23T00:00:00Z,2026-01-23T00:00:00Z,2026-09-25T18:38:58.428Z
CVE-2024-37085,2024-04-23T00:00:00Z,2024-07-30T00:00:00Z,2026-09-25T18:38:58.428Z
CVE-2024-37099,2024-08-09T00:00:00Z,,2026-09-25T18:38:58.428Z
CVE-2024-3721,2024-04-21T00:00:00Z,,2026-09-25T18:38:58.428Z
CVE-2024-37228,2024-06-21T00:00:00Z,,2026-09-25T18:38:58.428Z
CVE-2024-37259,2024-06-27T00:00:00Z,,2026-09-25T18:38:58.428Z
CVE-2024-37261,2024-06-27T00:00:00Z,,2026-09-25T18:38:58.428Z
CVE-2024-37383,2024-10-09T00:00:00Z,2024-10-24T00:00:00Z,2026-09-25T18:38:58.428Z
CVE-2024-37393,2025-11-12T00:00:00Z,,2026-09-25T18:38:58.428Z
CVE-2024-37418,2024-07-04T00:00:00Z,,2026-09-25T18:38:58.428Z
CVE-2024-37422,2024-06-27T00:00:00Z,,2026-09-25T18:38:58.428Z
CVE-2024-37433,2024-06-28T00:00:00Z,,2026-09-25T18:38:58.428Z
CVE-2024-37472,2024-07-01T00:00:00Z,,2026-09-25T18:38:58.428Z
CVE-2024-37481,2024-07-04T00:00:00Z,,2026-09-25T18:38:58.428Z
CVE-2024-37497,2024-07-04T00:00:00Z,,2026-09-25T18:38:58.428Z
CVE-2024-37502,2024-07-05T00:00:00Z,,2026-09-25T18:38:58.428Z
CVE-2024-37560,2024-07-09T00:00:00Z,,2026-09-25T18:38:58.428Z
CVE-2024-37656,2025-12-05T00:00:00Z,,2026-09-25T18:38:58.428Z
CVE-2024-37929,2024-07-09T00:00:00Z,,2026-09-25T18:38:58.428Z
CVE-2024-37943,2024-07-10T00:00:00Z,,2026-09-25T18:38:58.428Z
CVE-2024-38014,2024-09-10T00:00:00Z,2024-09-10T00:00:00Z,2026-09-25T18:38:58.428Z
CVE-2024-38021,2024-11-20T00:00:00Z,,2026-09-25T18:38:58.428Z
CVE-2024-38023,2025-04-09T00:00:00Z,,2026-09-25T18:38:58.428Z
CVE-2024-38024,2025-04-09T00:00:00Z,,2026-09-25T18:38:58.428Z
CVE-2024-3804,2025-06-08T00:00:00Z,,2026-09-25T18:38:58.428Z
CVE-2024-3806,2025-03-19T00:00:00Z,,2026-09-25T18:38:58.428Z
CVE-2024-3807,2025-03-19T00:00:00Z,,2026-09-25T18:38:58.428Z
CVE-2024-3808,2025-03-19T00:00:00Z,,2026-09-25T18:38:58.428Z
CVE-2024-38080,2024-07-09T00:00:00Z,2024-07-09T00:00:00Z,2026-09-25T18:38:58.428Z
CVE-2024-3809,2025-03-19T00:00:00Z,,2026-09-25T18:38:58.428Z
CVE-2024-38094,2024-10-17T00:00:00Z,2024-10-22T00:00:00Z,2026-09-25T18:38:58.428Z
CVE-2024-38100,2025-02-26T00:00:00Z,,2026-09-25T18:38:58.428Z
CVE-2024-38106,2024-08-13T00:00:00Z,2024-08-13T00:00:00Z,2026-09-25T18:38:58.428Z
CVE-2024-38107,2024-08-13T00:00:00Z,2024-08-13T00:00:00Z,2026-09-25T18:38:58.428Z
CVE-2024-38112,2024-07-09T00:00:00Z,2024-07-09T00:00:00Z,2026-09-25T18:38:58.428Z
CVE-2024-38178,2024-08-13T00:00:00Z,2024-08-13T00:00:00Z,2026-09-25T18:38:58.428Z
CVE-2024-38189,2024-08-13T00:00:00Z,2024-08-13T00:00:00Z,2026-09-25T18:38:58.428Z
CVE-2024-38193,2024-08-13T00:00:00Z,2024-08-13T00:00:00Z,2026-09-25T18:38:58.428Z
CVE-2024-38196,2025-08-04T00:00:00Z,,2026-09-25T18:38:58.428Z
CVE-2024-38213,2024-08-13T00:00:00Z,2024-08-13T00:00:00Z,2026-09-25T18:38:58.428Z
CVE-2024-38217,2024-09-10T00:00:00Z,2024-09-10T00:00:00Z,2026-09-25T18:38:58.428Z
CVE-2024-38226,2024-09-10T00:00:00Z,2024-09-10T00:00:00Z,2026-09-25T18:38:58.428Z
CVE-2024-38289,2024-09-14T00:00:00Z,,2026-09-25T18:38:58.428Z
CVE-2024-38475,2025-04-29T00:00:00Z,2025-05-01T00:00:00Z,2026-09-25T18:38:58.428Z
CVE-2024-38514,2025-02-25T00:00:00Z,,2026-09-25T18:38:58.428Z
CVE-2024-38526,2024-07-09T00:00:00Z,,2026-09-25T18:38:58.428Z
CVE-2024-38653,2024-12-12T00:00:00Z,,2026-09-25T18:38:58.428Z
CVE-2024-38706,2024-07-11T00:00:00Z,,2026-09-25T18:38:58.428Z
CVE-2024-38708,2024-07-11T00:00:00Z,,2026-09-25T18:38:58.428Z
CVE-2024-38735,2024-07-11T00:00:00Z,,2026-09-25T18:38:58.428Z
CVE-2024-38770,2024-07-13T00:00:00Z,,2026-09-25T18:38:58.428Z
CVE-2024-38771,2024-07-19T00:00:00Z,,2026-09-25T18:38:58.428Z
CVE-2024-38812,2024-09-19T00:00:00Z,2024-11-20T00:00:00Z,2026-09-25T18:38:58.428Z
CVE-2024-38813,2024-11-18T00:00:00Z,2024-11-20T00:00:00Z,2026-09-25T18:38:58.428Z
CVE-2024-38816,2024-10-22T00:00:00Z,,2026-09-25T18:38:58.428Z
CVE-2024-38856,2024-08-19T00:00:00Z,2024-08-27T00:00:00Z,2026-09-25T18:38:58.428Z
CVE-2024-39631,2024-07-24T00:00:00Z,,2026-09-25T18:38:58.428Z
CVE-2024-39646,2024-08-01T00:00:00Z,,2026-09-25T18:38:58.428Z
CVE-2024-39647,2024-08-01T00:00:00Z,,2026-09-25T18:38:58.428Z
CVE-2024-39663,2024-08-01T00:00:00Z,,2026-09-25T18:38:58.428Z
CVE-2024-39713,2024-11-07T00:00:00Z,,2026-09-25T18:38:58.428Z
CVE-2024-39717,2024-08-23T00:00:00Z,2024-08-23T00:00:00Z,2026-09-25T18:38:58.428Z
CVE-2024-39891,2024-07-02T00:00:00Z,2024-07-23T00:00:00Z,2026-09-25T18:38:58.428Z
CVE-2024-39914,2024-12-05T00:00:00Z,,2026-09-25T18:38:58.428Z
CVE-2024-4040,2024-04-19T00:00:00Z,2024-04-24T00:00:00Z,2026-09-25T18:38:58.428Z
CVE-2024-40711,2024-04-23T00:00:00Z,2024-10-17T00:00:00Z,2026-09-25T18:38:58.428Z
CVE-2024-40762,2026-02-05T00:00:00Z,,2026-09-25T18:38:58.428Z
CVE-2024-40766,2024-04-23T00:00:00Z,2024-09-09T00:00:00Z,2026-09-25T18:38:58.428Z
CVE-2024-40890,2025-01-28T00:00:00Z,2025-02-11T00:00:00Z,2026-09-25T18:38:58.428Z
CVE-2024-40891,2025-01-28T00:00:00Z,2025-02-11T00:00:00Z,2026-09-25T18:38:58.428Z
CVE-2024-41700,2026-06-25T00:00:00Z,,2026-09-25T18:38:58.428Z
CVE-2024-41710,2025-01-28T00:00:00Z,2025-02-12T00:00:00Z,2026-09-25T18:38:58.428Z
CVE-2024-41713,2024-12-10T00:00:00Z,2025-01-07T00:00:00Z,2026-09-25T18:38:58.428Z
CVE-2024-41869,2024-09-11T00:00:00Z,,2026-09-25T18:38:58.428Z
CVE-2024-42009,2025-06-05T00:00:00Z,2025-06-09T00:00:00Z,2026-09-25T18:38:58.428Z
CVE-2024-42057,2024-11-25T00:00:00Z,,2026-09-25T18:38:58.428Z
CVE-2024-42448,2025-01-23T00:00:00Z,,2026-09-25T18:38:58.428Z
CVE-2024-42640,2024-10-14T00:00:00Z,,2026-09-25T18:38:58.428Z
CVE-2024-42852,2025-08-07T00:00:00Z,,2026-09-25T18:38:58.428Z
CVE-2024-4295,2025-04-23T00:00:00Z,,2026-09-25T18:38:58.428Z
CVE-2024-43047,2024-07-29T00:00:00Z,2024-10-08T00:00:00Z,2026-09-25T18:38:58.428Z
CVE-2024-43093,2024-11-04T00:00:00Z,2024-11-07T00:00:00Z,2026-09-25T18:38:58.428Z
CVE-2024-43153,2024-08-07T00:00:00Z,,2026-09-25T18:38:58.428Z
CVE-2024-43246,2024-08-14T00:00:00Z,,2026-09-25T18:38:58.428Z
CVE-2024-4325,2024-09-25T00:00:00Z,,2026-09-25T18:38:58.428Z
CVE-2024-43252,2024-08-12T00:00:00Z,,2026-09-25T18:38:58.428Z
CVE-2024-43283,2024-08-16T00:00:00Z,,2026-09-25T18:38:58.428Z
CVE-2024-43306,2024-08-16T00:00:00Z,,2026-09-25T18:38:58.428Z
CVE-2024-43354,2024-08-16T00:00:00Z,,2026-09-25T18:38:58.428Z
CVE-2024-43360,2025-06-08T00:00:00Z,,2026-09-25T18:38:58.428Z
CVE-2024-4345,2024-05-06T00:00:00Z,,2026-09-25T18:38:58.428Z
CVE-2024-43451,2024-11-12T00:00:00Z,2024-11-12T00:00:00Z,2026-09-25T18:38:58.428Z
CVE-2024-4346,2026-05-04T00:00:00Z,,2026-09-25T18:38:58.428Z
CVE-2024-43461,2024-09-10T00:00:00Z,2024-09-16T00:00:00Z,2026-09-25T18:38:58.428Z
CVE-2024-43468,2026-02-12T00:00:00Z,2026-02-12T00:00:00Z,2026-09-25T18:38:58.428Z
CVE-2024-43491,2024-09-10T00:00:00Z,,2026-09-25T18:38:58.428Z
CVE-2024-4351,2024-05-16T00:00:00Z,,2026-09-25T18:38:58.428Z
CVE-2024-43572,2024-10-08T00:00:00Z,2024-10-08T00:00:00Z,2026-09-25T18:38:58.428Z
CVE-2024-43573,2024-10-08T00:00:00Z,2024-10-08T00:00:00Z,2026-09-25T18:38:58.428Z
CVE-2024-4358,2024-06-07T00:00:00Z,2024-06-13T00:00:00Z,2026-09-25T18:38:58.428Z
CVE-2024-43917,2024-08-24T00:00:00Z,,2026-09-25T18:38:58.428Z
CVE-2024-43932,2024-08-26T00:00:00Z,,2026-09-25T18:38:58.428Z
CVE-2024-43938,2024-08-26T00:00:00Z,,2026-09-25T18:38:58.428Z
CVE-2024-43971,2024-08-28T00:00:00Z,,2026-09-25T18:38:58.428Z
CVE-2024-43975,2024-08-28T00:00:00Z,,2026-09-25T18:38:58.428Z
CVE-2024-43976,2024-08-28T00:00:00Z,,2026-09-25T18:38:58.428Z
CVE-2024-43978,2024-08-28T00:00:00Z,,2026-09-25T18:38:58.428Z
CVE-2024-44000,2025-02-27T00:00:00Z,,2026-09-25T18:38:58.428Z
CVE-2024-44055,2025-01-27T00:00:00Z,,2026-09-25T18:38:58.428Z
CVE-2024-44068,2024-10-07T00:00:00Z,,2026-09-25T18:38:58.428Z
CVE-2024-44258,2024-11-02T00:00:00Z,,2026-09-25T18:38:58.428Z
CVE-2024-44308,2024-11-19T00:00:00Z,2024-11-21T00:00:00Z,2026-09-25T18:38:58.428Z
CVE-2024-44309,2024-11-19T00:00:00Z,2024-11-21T00:00:00Z,2026-09-25T18:38:58.428Z
CVE-2024-4434,2024-05-10T00:00:00Z,,2026-09-25T18:38:58.428Z
CVE-2024-4443,2026-01-18T00:00:00Z,,2026-09-25T18:38:58.428Z
CVE-2024-4455,2024-05-24T00:00:00Z,,2026-09-25T18:38:58.428Z
CVE-2024-44849,2024-10-08T00:00:00Z,,2026-09-25T18:38:58.428Z
CVE-2024-44902,2025-12-08T00:00:00Z,,2026-09-25T18:38:58.428Z
CVE-2024-45195,2024-09-11T00:00:00Z,2025-02-04T00:00:00Z,2026-09-25T18:38:58.428Z
CVE-2024-45216,2025-10-31T00:00:00Z,,2026-09-25T18:38:58.428Z
CVE-2024-45309,2026-05-16T00:00:00Z,,2026-09-25T18:38:58.428Z
CVE-2024-45388,2024-12-05T00:00:00Z,,2026-09-25T18:38:58.428Z
CVE-2024-45409,2024-10-15T00:00:00Z,,2026-09-25T18:38:58.428Z
CVE-2024-45506,2024-09-03T00:00:00Z,,2026-09-25T18:38:58.428Z
CVE-2024-45507,2024-12-05T00:00:00Z,,2026-09-25T18:38:58.428Z
CVE-2024-45519,2024-10-01T00:00:00Z,2024-10-03T00:00:00Z,2026-09-25T18:38:58.428Z
CVE-2024-45569,2025-06-17T00:00:00Z,,2026-09-25T18:38:58.428Z
CVE-2024-4577,2024-06-07T00:00:00Z,2024-06-12T00:00:00Z,2026-09-25T18:38:58.428Z
CVE-2024-45811,2026-09-11T00:00:00Z,,2026-09-25T18:38:58.428Z
CVE-2024-45841,2024-12-04T00:00:00Z,,2026-09-25T18:38:58.428Z
CVE-2024-45884,2025-08-22T00:00:00Z,,2026-09-25T18:38:58.428Z
CVE-2024-45885,2025-08-22T00:00:00Z,,2026-09-25T18:38:58.428Z
CVE-2024-45887,2025-08-22T00:00:00Z,,2026-09-25T18:38:58.428Z
CVE-2024-45888,2025-08-22T00:00:00Z,,2026-09-25T18:38:58.428Z
CVE-2024-45890,2025-08-22T00:00:00Z,,2026-09-25T18:38:58.428Z
CVE-2024-45891,2025-08-22T00:00:00Z,,2026-09-25T18:38:58.428Z
CVE-2024-4610,2024-06-07T00:00:00Z,2024-06-12T00:00:00Z,2026-09-25T18:38:58.428Z
CVE-2024-4620,2024-06-07T00:00:00Z,,2026-09-25T18:38:58.428Z
CVE-2024-46506,2025-05-13T00:00:00Z,,2026-09-25T18:38:58.428Z
CVE-2024-46507,2025-06-07T00:00:00Z,,2026-09-25T18:38:58.428Z
CVE-2024-46510,2023-10-07T00:00:00Z,,2026-09-25T18:38:58.428Z
CVE-2024-4671,2024-05-07T00:00:00Z,2024-05-13T00:00:00Z,2026-09-25T18:38:58.428Z
CVE-2024-46938,2025-06-07T00:00:00Z,,2026-09-25T18:38:58.428Z
CVE-2024-46982,2025-06-08T00:00:00Z,,2026-09-25T18:38:58.428Z
CVE-2024-47133,2024-12-04T00:00:00Z,,2026-09-25T18:38:58.428Z
CVE-2024-47176,2024-09-27T00:00:00Z,,2026-09-25T18:38:58.428Z
CVE-2024-47308,2024-09-27T00:00:00Z,,2026-09-25T18:38:58.428Z
CVE-2024-47374,2025-03-19T00:00:00Z,,2026-09-25T18:38:58.428Z
CVE-2024-47575,2024-10-23T00:00:00Z,2024-10-23T00:00:00Z,2026-09-25T18:38:58.428Z
CVE-2024-4761,2024-05-09T00:00:00Z,2024-05-16T00:00:00Z,2026-09-25T18:38:58.428Z
CVE-2024-48074,2025-08-22T00:00:00Z,,2026-09-25T18:38:58.428Z
CVE-2024-48217,2024-11-02T00:00:00Z,,2026-09-25T18:38:58.428Z
CVE-2024-48248,2025-03-16T00:00:00Z,2025-03-19T00:00:00Z,2026-09-25T18:38:58.428Z
CVE-2024-48307,2024-12-24T00:00:00Z,,2026-09-25T18:38:58.428Z
CVE-2024-4841,2026-03-11T00:00:00Z,,2026-09-25T18:38:58.428Z
CVE-2024-4845,2026-05-04T00:00:00Z,,2026-09-25T18:38:58.428Z
CVE-2024-48455,2025-02-04T00:00:00Z,,2026-09-25T18:38:58.428Z
CVE-2024-48456,2026-06-01T00:00:00Z,,2026-09-25T18:38:58.428Z
CVE-2024-48766,2025-05-12T00:00:00Z,,2026-09-25T18:38:58.428Z
CVE-2024-4879,2024-07-23T00:00:00Z,2024-07-29T00:00:00Z,2026-09-25T18:38:58.428Z
CVE-2024-4885,2024-08-06T00:00:00Z,2025-03-03T00:00:00Z,2026-09-25T18:38:58.428Z
CVE-2024-48914,2025-06-25T00:00:00Z,,2026-09-25T18:38:58.428Z
CVE-2024-4898,2024-06-12T00:00:00Z,,2026-09-25T18:38:58.428Z
CVE-2024-49035,2024-11-26T00:00:00Z,2025-02-25T00:00:00Z,2026-09-25T18:38:58.428Z
CVE-2024-49039,2024-11-12T00:00:00Z,2024-11-12T00:00:00Z,2026-09-25T18:38:58.428Z
CVE-2024-49138,2024-12-10T00:00:00Z,2024-12-10T00:00:00Z,2026-09-25T18:38:58.428Z
CVE-2024-49380,2025-11-29T00:00:00Z,,2026-09-25T18:38:58.428Z
CVE-2024-4947,2024-05-13T00:00:00Z,2024-05-20T00:00:00Z,2026-09-25T18:38:58.428Z
CVE-2024-4956,2026-09-03T00:00:00Z,,2026-09-25T18:38:58.428Z
CVE-2024-4978,2024-05-23T00:00:00Z,2024-05-29T00:00:00Z,2026-09-25T18:38:58.428Z
CVE-2024-50302,2024-11-07T00:00:00Z,2025-03-04T00:00:00Z,2026-09-25T18:38:58.428Z
CVE-2024-50334,2025-07-17T00:00:00Z,,2026-09-25T18:38:58.428Z
CVE-2024-50340,2026-09-10T00:00:00Z,,2026-09-25T18:38:58.428Z
CVE-2024-50498,2025-06-08T00:00:00Z,,2026-09-25T18:38:58.428Z
CVE-2024-5057,2024-08-01T00:00:00Z,,2026-09-25T18:38:58.428Z
CVE-2024-50570,2024-11-15T00:00:00Z,,2026-09-25T18:38:58.428Z
CVE-2024-50599,2024-09-04T00:00:00Z,,2026-09-25T18:38:58.428Z
CVE-2024-50603,2025-01-07T00:00:00Z,2025-01-16T00:00:00Z,2026-09-25T18:38:58.428Z
CVE-2024-50623,2024-12-09T00:00:00Z,2024-12-13T00:00:00Z,2026-09-25T18:38:58.428Z
CVE-2024-5082,2025-06-07T00:00:00Z,,2026-09-25T18:38:58.428Z
CVE-2024-50967,2025-06-27T00:00:00Z,,2026-09-25T18:38:58.428Z
CVE-2024-51211,2024-12-05T00:00:00Z,,2026-09-25T18:38:58.428Z
CVE-2024-51228,2025-10-29T00:00:00Z,,2026-09-25T18:38:58.428Z
CVE-2024-51324,2025-09-17T00:00:00Z,,2026-09-25T18:38:58.428Z
CVE-2024-51378,2024-10-26T00:00:00Z,2024-12-04T00:00:00Z,2026-09-25T18:38:58.428Z
CVE-2024-51567,2024-10-29T00:00:00Z,2024-11-07T00:00:00Z,2026-09-25T18:38:58.428Z
CVE-2024-51568,2024-10-29T00:00:00Z,,2026-09-25T18:38:58.428Z
CVE-2024-5178,2024-07-23T00:00:00Z,,2026-09-25T18:38:58.428Z
CVE-2024-51977,2025-07-09T00:00:00Z,,2026-09-25T18:38:58.428Z
CVE-2024-51978,2025-08-06T00:00:00Z,,2026-09-25T18:38:58.428Z
CVE-2024-5217,2024-07-20T00:00:00Z,2024-07-29T00:00:00Z,2026-09-25T18:38:58.428Z
CVE-2024-52269,2024-12-05T00:00:00Z,,2026-09-25T18:38:58.428Z
CVE-2024-52270,2024-12-05T00:00:00Z,,2026-09-25T18:38:58.428Z
CVE-2024-52271,2024-12-05T00:00:00Z,,2026-09-25T18:38:58.428Z
CVE-2024-52276,2024-12-05T00:00:00Z,,2026-09-25T18:38:58.428Z
CVE-2024-52277,2024-12-05T00:00:00Z,,2026-09-25T18:38:58.428Z
CVE-2024-52301,2025-06-08T00:00:00Z,,2026-09-25T18:38:58.428Z
CVE-2024-52490,2026-04-23T00:00:00Z,,2026-09-25T18:38:58.428Z
CVE-2024-52564,2024-12-04T00:00:00Z,,2026-09-25T18:38:58.428Z
CVE-2024-5274,2024-05-20T00:00:00Z,2024-05-28T00:00:00Z,2026-09-25T18:38:58.428Z
CVE-2024-5276,2025-10-17T00:00:00Z,,2026-09-25T18:38:58.428Z
CVE-2024-52763,2025-06-07T00:00:00Z,,2026-09-25T18:38:58.428Z
CVE-2024-52875,2025-01-08T00:00:00Z,,2026-09-25T18:38:58.428Z
CVE-2024-53104,2024-11-07T00:00:00Z,2025-02-05T00:00:00Z,2026-09-25T18:38:58.428Z
CVE-2024-53150,2024-11-25T00:00:00Z,2025-04-09T00:00:00Z,2026-09-25T18:38:58.428Z
CVE-2024-53197,2024-12-04T00:00:00Z,2025-04-09T00:00:00Z,2026-09-25T18:38:58.428Z
CVE-2024-5324,2024-06-05T00:00:00Z,,2026-09-25T18:38:58.428Z
CVE-2024-5334,2025-06-28T00:00:00Z,,2026-09-25T18:38:58.428Z
CVE-2024-53375,2025-11-26T00:00:00Z,,2026-09-25T18:38:58.428Z
CVE-2024-53677,2024-12-15T00:00:00Z,,2026-09-25T18:38:58.428Z
CVE-2024-53704,2025-02-13T00:00:00Z,2025-02-18T00:00:00Z,2026-09-25T18:38:58.428Z
CVE-2024-53705,2026-02-05T00:00:00Z,,2026-09-25T18:38:58.428Z
CVE-2024-53900,2025-11-27T00:00:00Z,,2026-09-25T18:38:58.428Z
CVE-2024-53944,2025-07-02T00:00:00Z,,2026-09-25T18:38:58.428Z
CVE-2024-54006,2025-11-07T00:00:00Z,,2026-09-25T18:38:58.428Z
CVE-2024-54085,2025-06-25T00:00:00Z,2025-06-25T00:00:00Z,2026-09-25T18:38:58.428Z
CVE-2024-5441,2024-07-08T00:00:00Z,,2026-09-25T18:38:58.428Z
CVE-2024-54763,2025-06-28T00:00:00Z,,2026-09-25T18:38:58.428Z
CVE-2024-54764,2025-06-28T00:00:00Z,,2026-09-25T18:38:58.428Z
CVE-2024-55457,2025-06-27T00:00:00Z,,2026-09-25T18:38:58.428Z
CVE-2024-55550,2024-12-11T00:00:00Z,2025-01-07T00:00:00Z,2026-09-25T18:38:58.428Z
CVE-2024-55591,2025-01-14T00:00:00Z,2025-01-14T00:00:00Z,2026-09-25T18:38:58.428Z
CVE-2024-55890,2025-12-19T00:00:00Z,,2026-09-25T18:38:58.428Z
CVE-2024-55956,2024-12-10T00:00:00Z,2024-12-17T00:00:00Z,2026-09-25T18:38:58.428Z
CVE-2024-55963,2025-12-15T00:00:00Z,,2026-09-25T18:38:58.428Z
CVE-2024-56064,2025-09-30T00:00:00Z,,2026-09-25T18:38:58.428Z
CVE-2024-56145,2025-05-27T00:00:00Z,2025-06-02T00:00:00Z,2026-09-25T18:38:58.428Z
CVE-2024-56159,2026-02-11T00:00:00Z,,2026-09-25T18:38:58.428Z
CVE-2024-57040,2026-01-20T00:00:00Z,,2026-09-25T18:38:58.428Z
CVE-2024-57046,2026-04-12T00:00:00Z,,2026-09-25T18:38:58.428Z
CVE-2024-57049,2025-05-09T00:00:00Z,,2026-09-25T18:38:58.428Z
CVE-2024-57726,2025-04-17T00:00:00Z,2026-04-24T00:00:00Z,2026-09-25T18:38:58.428Z
CVE-2024-57727,2025-01-31T00:00:00Z,2025-02-13T00:00:00Z,2026-09-25T18:38:58.428Z
CVE-2024-57728,2025-04-17T00:00:00Z,2026-04-24T00:00:00Z,2026-09-25T18:38:58.428Z
CVE-2024-57968,2025-02-03T00:00:00Z,2025-03-10T00:00:00Z,2026-09-25T18:38:58.428Z
CVE-2024-5806,2024-06-25T00:00:00Z,,2026-09-25T18:38:58.428Z
CVE-2024-58136,2025-04-09T00:00:00Z,2025-05-02T00:00:00Z,2026-09-25T18:38:58.428Z
CVE-2024-5827,2024-12-05T00:00:00Z,,2026-09-25T18:38:58.428Z
CVE-2024-58274,2025-10-22T00:00:00Z,,2026-09-25T18:38:58.428Z
CVE-2024-58352,2026-07-02T00:00:00Z,,2026-09-25T18:38:58.428Z
CVE-2024-58374,2026-08-13T00:00:00Z,,2026-09-25T18:38:58.428Z
CVE-2024-58385,2026-09-15T00:00:00Z,,2026-09-25T18:38:58.428Z
CVE-2024-5889,2024-07-01T00:00:00Z,,2026-09-25T18:38:58.428Z
CVE-2024-5910,2024-11-07T00:00:00Z,2024-11-07T00:00:00Z,2026-09-25T18:38:58.428Z
CVE-2024-5932,2025-03-19T00:00:00Z,,2026-09-25T18:38:58.428Z
CVE-2024-6028,2026-05-04T00:00:00Z,,2026-09-25T18:38:58.428Z
CVE-2024-6047,2024-09-04T00:00:00Z,2025-05-07T00:00:00Z,2026-09-25T18:38:58.428Z
CVE-2024-6188,2024-07-24T00:00:00Z,,2026-09-25T18:38:58.428Z
CVE-2024-6205,2025-01-22T00:00:00Z,,2026-09-25T18:38:58.428Z
CVE-2024-6220,2024-07-17T00:00:00Z,,2026-09-25T18:38:58.428Z
CVE-2024-6235,2025-10-17T00:00:00Z,,2026-09-25T18:38:58.428Z
CVE-2024-6250,2026-02-20T00:00:00Z,,2026-09-25T18:38:58.428Z
CVE-2024-6265,2026-04-01T00:00:00Z,,2026-09-25T18:38:58.428Z
CVE-2024-6298,2025-02-02T00:00:00Z,,2026-09-25T18:38:58.428Z
CVE-2024-6365,2024-07-08T00:00:00Z,,2026-09-25T18:38:58.428Z
CVE-2024-6387,2024-07-17T00:00:00Z,,2026-09-25T18:38:58.428Z
CVE-2024-6396,2024-09-16T00:00:00Z,,2026-09-25T18:38:58.428Z
CVE-2024-6409,2025-03-12T00:00:00Z,,2026-09-25T18:38:58.428Z
CVE-2024-6455,2024-08-08T00:00:00Z,,2026-09-25T18:38:58.428Z
CVE-2024-6473,2024-09-03T00:00:00Z,,2026-09-25T18:38:58.428Z
CVE-2024-6587,2024-08-22T00:00:00Z,,2026-09-25T18:38:58.428Z
CVE-2024-6648,2026-06-23T00:00:00Z,,2026-09-25T18:38:58.428Z
CVE-2024-6670,2024-09-12T00:00:00Z,2024-09-16T00:00:00Z,2026-09-25T18:38:58.428Z
CVE-2024-6671,2024-09-12T00:00:00Z,,2026-09-25T18:38:58.428Z
CVE-2024-6690,2025-11-28T00:00:00Z,,2026-09-25T18:38:58.428Z
CVE-2024-6695,2024-07-23T00:00:00Z,,2026-09-25T18:38:58.428Z
CVE-2024-6753,2024-07-24T00:00:00Z,,2026-09-25T18:38:58.428Z
CVE-2024-6782,2026-01-20T00:00:00Z,,2026-09-25T18:38:58.428Z
CVE-2024-6828,2024-07-22T00:00:00Z,,2026-09-25T18:38:58.428Z
CVE-2024-6893,2024-09-04T00:00:00Z,,2026-09-25T18:38:58.428Z
CVE-2024-7014,2024-07-22T00:00:00Z,,2026-09-25T18:38:58.428Z
CVE-2024-7029,2024-08-28T00:00:00Z,,2026-09-25T18:38:58.428Z
CVE-2024-7097,2025-02-02T00:00:00Z,,2026-09-25T18:38:58.428Z
CVE-2024-7120,2024-09-12T00:00:00Z,,2026-09-25T18:38:58.428Z
CVE-2024-7214,2025-03-13T00:00:00Z,,2026-09-25T18:38:58.428Z
CVE-2024-7262,2024-02-29T00:00:00Z,2024-09-03T00:00:00Z,2026-09-25T18:38:58.428Z
CVE-2024-7314,2025-05-27T00:00:00Z,,2026-09-25T18:38:58.428Z
CVE-2024-7339,2024-09-14T00:00:00Z,,2026-09-25T18:38:58.428Z
CVE-2024-7344,2025-09-26T00:00:00Z,,2026-09-25T18:38:58.428Z
CVE-2024-7399,2025-05-05T00:00:00Z,2026-04-24T00:00:00Z,2026-09-25T18:38:58.428Z
CVE-2024-7575,2024-10-07T00:00:00Z,,2026-09-25T18:38:58.428Z
CVE-2024-7576,2024-10-07T00:00:00Z,,2026-09-25T18:38:58.428Z
CVE-2024-7593,2024-08-06T00:00:00Z,2024-09-24T00:00:00Z,2026-09-25T18:38:58.428Z
CVE-2024-7679,2024-10-07T00:00:00Z,,2026-09-25T18:38:58.428Z
CVE-2024-7694,2026-02-17T00:00:00Z,2026-02-17T00:00:00Z,2026-09-25T18:38:58.428Z
CVE-2024-7786,2024-09-04T00:00:00Z,,2026-09-25T18:38:58.428Z
CVE-2024-7928,2024-08-29T00:00:00Z,,2026-09-25T18:38:58.428Z
CVE-2024-7954,2024-09-22T00:00:00Z,,2026-09-25T18:38:58.428Z
CVE-2024-7965,2024-08-21T00:00:00Z,2024-08-28T00:00:00Z,2026-09-25T18:38:58.428Z
CVE-2024-7971,2024-08-21T00:00:00Z,2024-08-26T00:00:00Z,2026-09-25T18:38:58.428Z
CVE-2024-8068,2024-11-12T00:00:00Z,2025-08-25T00:00:00Z,2026-09-25T18:38:58.428Z
CVE-2024-8069,2024-11-12T00:00:00Z,2025-08-25T00:00:00Z,2026-09-25T18:38:58.428Z
CVE-2024-8181,2024-09-29T00:00:00Z,,2026-09-25T18:38:58.428Z
CVE-2024-8190,2024-09-13T00:00:00Z,2024-09-13T00:00:00Z,2026-09-25T18:38:58.428Z
CVE-2024-8277,2024-09-11T00:00:00Z,,2026-09-25T18:38:58.428Z
CVE-2024-8316,2024-10-07T00:00:00Z,,2026-09-25T18:38:58.428Z
CVE-2024-8353,2025-03-27T00:00:00Z,,2026-09-25T18:38:58.428Z
CVE-2024-8420,2026-05-04T00:00:00Z,,2026-09-25T18:38:58.428Z
CVE-2024-8425,2025-02-27T00:00:00Z,,2026-09-25T18:38:58.428Z
CVE-2024-8503,2025-03-19T00:00:00Z,,2026-09-25T18:38:58.428Z
CVE-2024-8522,2024-09-12T00:00:00Z,,2026-09-25T18:38:58.428Z
CVE-2024-8529,2024-09-12T00:00:00Z,,2026-09-25T18:38:58.428Z
CVE-2024-8752,2024-10-07T00:00:00Z,,2026-09-25T18:38:58.428Z
CVE-2024-8852,2025-11-28T00:00:00Z,,2026-09-25T18:38:58.428Z
CVE-2024-8856,2025-03-19T00:00:00Z,,2026-09-25T18:38:58.428Z
CVE-2024-8877,2024-10-15T00:00:00Z,,2026-09-25T18:38:58.428Z
CVE-2024-8883,2026-01-08T00:00:00Z,,2026-09-25T18:38:58.428Z
CVE-2024-8911,2024-10-08T00:00:00Z,,2026-09-25T18:38:58.428Z
CVE-2024-8943,2024-10-08T00:00:00Z,,2026-09-25T18:38:58.428Z
CVE-2024-8956,2024-09-17T00:00:00Z,2024-11-04T00:00:00Z,2026-09-25T18:38:58.428Z
CVE-2024-8957,2024-09-17T00:00:00Z,2024-11-04T00:00:00Z,2026-09-25T18:38:58.428Z
CVE-2024-8963,2024-09-19T00:00:00Z,2024-09-19T00:00:00Z,2026-09-25T18:38:58.428Z
CVE-2024-9001,2025-07-13T00:00:00Z,,2026-09-25T18:38:58.428Z
CVE-2024-9014,2024-10-07T00:00:00Z,,2026-09-25T18:38:58.428Z
CVE-2024-9047,2025-05-27T00:00:00Z,,2026-09-25T18:38:58.428Z
CVE-2024-9161,2024-10-25T00:00:00Z,,2026-09-25T18:38:58.428Z
CVE-2024-9193,2025-08-20T00:00:00Z,,2026-09-25T18:38:58.428Z
CVE-2024-9234,2025-04-23T00:00:00Z,,2026-09-25T18:38:58.428Z
CVE-2024-9265,2024-10-01T00:00:00Z,,2026-09-25T18:38:58.428Z
CVE-2024-9379,2024-10-08T00:00:00Z,2024-10-09T00:00:00Z,2026-09-25T18:38:58.428Z
CVE-2024-9380,2024-10-08T00:00:00Z,2024-10-09T00:00:00Z,2026-09-25T18:38:58.428Z
CVE-2024-9381,2024-10-08T00:00:00Z,,2026-09-25T18:38:58.428Z
CVE-2024-9463,2024-10-15T00:00:00Z,2024-11-14T00:00:00Z,2026-09-25T18:38:58.428Z
CVE-2024-9465,2024-11-12T00:00:00Z,2024-11-14T00:00:00Z,2026-09-25T18:38:58.428Z
CVE-2024-9474,2024-11-18T00:00:00Z,2024-11-18T00:00:00Z,2026-09-25T18:38:58.428Z
CVE-2024-9537,2024-09-28T00:00:00Z,2024-10-21T00:00:00Z,2026-09-25T18:38:58.428Z
CVE-2024-9593,2025-03-11T00:00:00Z,,2026-09-25T18:38:58.428Z
CVE-2024-9643,2025-10-13T00:00:00Z,,2026-09-25T18:38:58.428Z
CVE-2024-9644,2025-02-09T00:00:00Z,,2026-09-25T18:38:58.428Z
CVE-2024-9680,2024-10-09T00:00:00Z,2024-10-15T00:00:00Z,2026-09-25T18:38:58.428Z
CVE-2024-9707,2024-10-11T00:00:00Z,,2026-09-25T18:38:58.428Z
CVE-2024-9860,2025-02-05T00:00:00Z,,2026-09-25T18:38:58.428Z
CVE-2024-9916,2025-02-18T00:00:00Z,,2026-09-25T18:38:58.428Z
CVE-2025-0107,2025-06-25T00:00:00Z,,2026-09-25T18:38:58.428Z
CVE-2025-0108,2025-02-13T00:00:00Z,2025-02-18T00:00:00Z,2026-09-25T18:38:58.428Z
CVE-2025-0111,2025-02-18T00:00:00Z,2025-02-20T00:00:00Z,2026-09-25T18:38:58.428Z
CVE-2025-0282,2025-01-08T00:00:00Z,2025-01-08T00:00:00Z,2026-09-25T18:38:58.428Z
CVE-2025-0283,2025-01-08T00:00:00Z,,2026-09-25T18:38:58.428Z
CVE-2025-0285,2025-06-05T00:00:00Z,,2026-09-25T18:38:58.428Z
CVE-2025-0286,2025-06-05T00:00:00Z,,2026-09-25T18:38:58.428Z
CVE-2025-0287,2025-06-05T00:00:00Z,,2026-09-25T18:38:58.428Z
CVE-2025-0288,2025-06-05T00:00:00Z,,2026-09-25T18:38:58.428Z
CVE-2025-0289,2025-02-28T00:00:00Z,,2026-09-25T18:38:58.428Z
CVE-2025-0411,2025-02-04T00:00:00Z,2025-02-06T00:00:00Z,2026-09-25T18:38:58.428Z
CVE-2025-0520,2026-04-10T00:00:00Z,,2026-09-25T18:38:58.428Z
CVE-2025-0626,2026-01-20T00:00:00Z,,2026-09-25T18:38:58.428Z
CVE-2025-0674,2025-07-18T00:00:00Z,,2026-09-25T18:38:58.428Z
CVE-2025-0683,2026-01-20T00:00:00Z,,2026-09-25T18:38:58.428Z
CVE-2025-0868,2025-06-08T00:00:00Z,,2026-09-25T18:38:58.428Z
CVE-2025-0890,2026-01-20T00:00:00Z,,2026-09-25T18:38:58.428Z
CVE-2025-0994,2025-02-06T00:00:00Z,2025-02-07T00:00:00Z,2026-09-25T18:38:58.428Z
CVE-2025-10035,2025-09-25T00:00:00Z,2025-09-29T00:00:00Z,2026-09-25T18:38:58.428Z
CVE-2025-10090,2026-03-31T00:00:00Z,,2026-09-25T18:38:58.428Z
CVE-2025-10123,2026-08-13T00:00:00Z,,2026-09-25T18:38:58.428Z
CVE-2025-10164,2026-08-22T00:00:00Z,,2026-09-25T18:38:58.428Z
CVE-2025-10204,2025-12-31T00:00:00Z,,2026-09-25T18:38:58.428Z
CVE-2025-10211,2026-01-31T00:00:00Z,,2026-09-25T18:38:58.428Z
CVE-2025-1023,2026-02-01T00:00:00Z,,2026-09-25T18:38:58.428Z
CVE-2025-10353,2026-03-10T00:00:00Z,,2026-09-25T18:38:58.428Z
CVE-2025-1055,2026-06-16T00:00:00Z,,2026-09-25T18:38:58.428Z
CVE-2025-10585,2025-09-17T00:00:00Z,2025-09-23T00:00:00Z,2026-09-25T18:38:58.428Z
CVE-2025-1094,2025-02-13T00:00:00Z,,2026-09-25T18:38:58.428Z
CVE-2025-11001,2026-01-20T00:00:00Z,,2026-09-25T18:38:58.428Z
CVE-2025-11262,2026-05-29T00:00:00Z,,2026-09-25T18:38:58.428Z
CVE-2025-11307,2026-05-04T00:00:00Z,,2026-09-25T18:38:58.428Z
CVE-2025-11368,2026-03-31T00:00:00Z,,2026-09-25T18:38:58.428Z
CVE-2025-11371,2025-10-09T00:00:00Z,2025-11-04T00:00:00Z,2026-09-25T18:38:58.428Z
CVE-2025-11372,2025-10-18T00:00:00Z,,2026-09-25T18:38:58.428Z
CVE-2025-11533,2025-10-11T00:00:00Z,,2026-09-25T18:38:58.428Z
CVE-2025-11700,2025-12-15T00:00:00Z,,2026-09-25T18:38:58.428Z
CVE-2025-11705,2025-10-29T00:00:00Z,,2026-09-25T18:38:58.428Z
CVE-2025-11749,2025-11-05T00:00:00Z,,2026-09-25T18:38:58.428Z
CVE-2025-11833,2025-11-01T00:00:00Z,,2026-09-25T18:38:58.428Z
CVE-2025-11837,2026-06-17T00:00:00Z,,2026-09-25T18:38:58.428Z
CVE-2025-11924,2025-12-17T00:00:00Z,,2026-09-25T18:38:58.428Z
CVE-2025-11953,2025-12-21T00:00:00Z,2026-02-05T00:00:00Z,2026-09-25T18:38:58.428Z
CVE-2025-12055,2025-12-15T00:00:00Z,,2026-09-25T18:38:58.428Z
CVE-2025-12057,2025-11-25T00:00:00Z,,2026-09-25T18:38:58.428Z
CVE-2025-12352,2026-06-23T00:00:00Z,,2026-09-25T18:38:58.428Z
CVE-2025-12450,2025-10-29T00:00:00Z,,2026-09-25T18:38:58.428Z
CVE-2025-12480,2025-11-10T00:00:00Z,2025-11-12T00:00:00Z,2026-09-25T18:38:58.428Z
CVE-2025-12548,2026-04-15T00:00:00Z,,2026-09-25T18:38:58.428Z
CVE-2025-12845,2026-02-19T00:00:00Z,,2026-09-25T18:38:58.428Z
CVE-2025-12974,2025-11-17T00:00:00Z,,2026-09-25T18:38:58.428Z
CVE-2025-1302,2025-11-19T00:00:00Z,,2026-09-25T18:38:58.428Z
CVE-2025-1315,2025-03-07T00:00:00Z,,2026-09-25T18:38:58.428Z
CVE-2025-1316,2025-03-07T00:00:00Z,2025-03-19T00:00:00Z,2026-09-25T18:38:58.428Z
CVE-2025-13223,2025-11-12T00:00:00Z,2025-11-19T00:00:00Z,2026-09-25T18:38:58.428Z
CVE-2025-13315,2025-12-15T00:00:00Z,,2026-09-25T18:38:58.428Z
CVE-2025-13342,2025-12-03T00:00:00Z,,2026-09-25T18:38:58.428Z
CVE-2025-1338,2026-04-09T00:00:00Z,,2026-09-25T18:38:58.428Z
CVE-2025-13390,2025-12-03T00:00:00Z,,2026-09-25T18:38:58.428Z
CVE-2025-13486,2025-12-02T00:00:00Z,,2026-09-25T18:38:58.428Z
CVE-2025-13773,2025-12-24T00:00:00Z,,2026-09-25T18:38:58.428Z
CVE-2025-13920,2026-04-02T00:00:00Z,,2026-09-25T18:38:58.428Z
CVE-2025-14155,2026-02-23T00:00:00Z,,2026-09-25T18:38:58.428Z
CVE-2025-14174,2025-12-12T00:00:00Z,2025-12-12T00:00:00Z,2026-09-25T18:38:58.428Z
CVE-2025-14208,2026-09-07T00:00:00Z,,2026-09-25T18:38:58.428Z
CVE-2025-14436,2026-01-09T00:00:00Z,,2026-09-25T18:38:58.428Z
CVE-2025-14437,2026-04-01T00:00:00Z,,2026-09-25T18:38:58.428Z
CVE-2025-1448,2026-05-18T00:00:00Z,,2026-09-25T18:38:58.428Z
CVE-2025-14528,2026-02-20T00:00:00Z,,2026-09-25T18:38:58.428Z
CVE-2025-14586,2026-02-04T00:00:00Z,,2026-09-25T18:38:58.428Z
CVE-2025-14611,2025-12-12T00:00:00Z,2025-12-15T00:00:00Z,2026-09-25T18:38:58.428Z
CVE-2025-14733,2025-12-19T00:00:00Z,2025-12-19T00:00:00Z,2026-09-25T18:38:58.428Z
CVE-2025-14847,2025-12-28T00:00:00Z,2025-12-29T00:00:00Z,2026-09-25T18:38:58.428Z
CVE-2025-14975,2026-02-04T00:00:00Z,,2026-09-25T18:38:58.428Z
CVE-2025-14998,2026-01-02T00:00:00Z,,2026-09-25T18:38:58.428Z
CVE-2025-15030,2026-02-03T00:00:00Z,,2026-09-25T18:38:58.428Z
CVE-2025-15403,2026-05-04T00:00:00Z,,2026-09-25T18:38:58.428Z
CVE-2025-15488,2026-04-30T00:00:00Z,,2026-09-25T18:38:58.428Z
CVE-2025-15503,2026-03-10T00:00:00Z,,2026-09-25T18:38:58.428Z
CVE-2025-15521,2026-01-21T00:00:00Z,,2026-09-25T18:38:58.428Z
CVE-2025-15556,2026-02-02T00:00:00Z,2026-02-12T00:00:00Z,2026-09-25T18:38:58.428Z
CVE-2025-1562,2025-06-18T00:00:00Z,,2026-09-25T18:38:58.428Z
CVE-2025-1661,2025-03-10T00:00:00Z,,2026-09-25T18:38:58.428Z
CVE-2025-1743,2026-02-02T00:00:00Z,,2026-09-25T18:38:58.428Z
CVE-2025-1829,2025-10-09T00:00:00Z,,2026-09-25T18:38:58.428Z
CVE-2025-1974,2025-03-25T00:00:00Z,,2026-09-25T18:38:58.428Z
CVE-2025-1976,2025-04-17T00:00:00Z,2025-04-28T00:00:00Z,2026-09-25T18:38:58.428Z
CVE-2025-2011,2025-05-05T00:00:00Z,,2026-09-25T18:38:58.428Z
CVE-2025-20188,2025-06-10T00:00:00Z,,2026-09-25T18:38:58.428Z
CVE-2025-20281,2025-07-13T00:00:00Z,2025-07-28T00:00:00Z,2026-09-25T18:38:58.428Z
CVE-2025-20282,2026-01-20T00:00:00Z,,2026-09-25T18:38:58.428Z
CVE-2025-20333,2025-09-25T00:00:00Z,2025-09-25T00:00:00Z,2026-09-25T18:38:58.428Z
CVE-2025-20337,2025-07-21T00:00:00Z,2025-07-28T00:00:00Z,2026-09-25T18:38:58.428Z
CVE-2025-20352,2025-09-24T00:00:00Z,2025-09-29T00:00:00Z,2026-09-25T18:38:58.428Z
CVE-2025-20362,2025-09-25T00:00:00Z,2025-09-25T00:00:00Z,2026-09-25T18:38:58.428Z
CVE-2025-20363,2025-10-06T00:00:00Z,,2026-09-25T18:38:58.428Z
CVE-2025-20393,2025-12-17T00:00:00Z,2025-12-17T00:00:00Z,2026-09-25T18:38:58.428Z
CVE-2025-2075,2025-04-04T00:00:00Z,,2026-09-25T18:38:58.428Z
CVE-2025-21042,2025-11-07T00:00:00Z,2025-11-10T00:00:00Z,2026-09-25T18:38:58.428Z
CVE-2025-21043,2025-09-12T00:00:00Z,2025-10-02T00:00:00Z,2026-09-25T18:38:58.428Z
CVE-2025-21333,2025-01-14T00:00:00Z,2025-01-14T00:00:00Z,2026-09-25T18:38:58.428Z
CVE-2025-21334,2025-01-14T00:00:00Z,2025-01-14T00:00:00Z,2026-09-25T18:38:58.428Z
CVE-2025-21335,2025-01-14T00:00:00Z,2025-01-14T00:00:00Z,2026-09-25T18:38:58.428Z
CVE-2025-21391,2025-02-11T00:00:00Z,2025-02-11T00:00:00Z,2026-09-25T18:38:58.428Z
CVE-2025-21418,2025-02-11T00:00:00Z,2025-02-11T00:00:00Z,2026-09-25T18:38:58.428Z
CVE-2025-21479,2025-06-02T00:00:00Z,2025-06-03T00:00:00Z,2026-09-25T18:38:58.428Z
CVE-2025-21480,2025-06-02T00:00:00Z,2025-06-03T00:00:00Z,2026-09-25T18:38:58.428Z
CVE-2025-21535,2025-02-13T00:00:00Z,,2026-09-25T18:38:58.428Z
CVE-2025-21590,2025-03-12T00:00:00Z,2025-03-13T00:00:00Z,2026-09-25T18:38:58.428Z
CVE-2025-21756,2026-01-30T00:00:00Z,,2026-09-25T18:38:58.428Z
CVE-2025-22214,2025-11-28T00:00:00Z,,2026-09-25T18:38:58.428Z
CVE-2025-22224,2025-03-04T00:00:00Z,2025-03-04T00:00:00Z,2026-09-25T18:38:58.428Z
CVE-2025-22225,2025-03-04T00:00:00Z,2025-03-04T00:00:00Z,2026-09-25T18:38:58.428Z
CVE-2025-22226,2025-03-04T00:00:00Z,2025-03-04T00:00:00Z,2026-09-25T18:38:58.428Z
CVE-2025-22457,2025-04-03T00:00:00Z,2025-04-04T00:00:00Z,2026-09-25T18:38:58.428Z
CVE-2025-2264,2025-07-31T00:00:00Z,,2026-09-25T18:38:58.428Z
CVE-2025-22905,2025-10-09T00:00:00Z,,2026-09-25T18:38:58.428Z
CVE-2025-2294,2025-03-27T00:00:00Z,,2026-09-25T18:38:58.428Z
CVE-2025-22952,2026-04-12T00:00:00Z,,2026-09-25T18:38:58.428Z
CVE-2025-23006,2025-01-22T00:00:00Z,2025-01-24T00:00:00Z,2026-09-25T18:38:58.428Z
CVE-2025-23209,2025-01-17T00:00:00Z,2025-02-20T00:00:00Z,2026-09-25T18:38:58.428Z
CVE-2025-24000,2025-07-24T00:00:00Z,,2026-09-25T18:38:58.428Z
CVE-2025-24016,2025-05-03T00:00:00Z,2025-06-10T00:00:00Z,2026-09-25T18:38:58.428Z
CVE-2025-24054,2025-04-16T00:00:00Z,2025-04-17T00:00:00Z,2026-09-25T18:38:58.428Z
CVE-2025-24061,2025-04-03T00:00:00Z,,2026-09-25T18:38:58.428Z
CVE-2025-24071,2025-04-03T00:00:00Z,,2026-09-25T18:38:58.428Z
CVE-2025-24085,2025-01-27T00:00:00Z,2025-01-29T00:00:00Z,2026-09-25T18:38:58.428Z
CVE-2025-24113,2026-04-07T00:00:00Z,,2026-09-25T18:38:58.428Z
CVE-2025-24200,2025-02-10T00:00:00Z,2025-02-12T00:00:00Z,2026-09-25T18:38:58.428Z
CVE-2025-24201,2025-03-11T00:00:00Z,2025-03-13T00:00:00Z,2026-09-25T18:38:58.428Z
CVE-2025-24354,2025-11-27T00:00:00Z,,2026-09-25T18:38:58.428Z
CVE-2025-24472,2025-02-11T00:00:00Z,2025-03-18T00:00:00Z,2026-09-25T18:38:58.428Z
CVE-2025-24477,2025-10-23T00:00:00Z,,2026-09-25T18:38:58.428Z
CVE-2025-24752,2025-02-04T00:00:00Z,,2026-09-25T18:38:58.428Z
CVE-2025-24799,2025-04-17T00:00:00Z,,2026-09-25T18:38:58.428Z
CVE-2025-24813,2025-03-14T00:00:00Z,2025-04-01T00:00:00Z,2026-09-25T18:38:58.428Z
CVE-2025-2485,2025-03-27T00:00:00Z,,2026-09-25T18:38:58.428Z
CVE-2025-24893,2025-03-19T00:00:00Z,2025-10-30T00:00:00Z,2026-09-25T18:38:58.428Z
CVE-2025-2492,2025-11-19T00:00:00Z,,2026-09-25T18:38:58.428Z
CVE-2025-24963,2026-04-30T00:00:00Z,,2026-09-25T18:38:58.428Z
CVE-2025-24983,2025-03-11T00:00:00Z,2025-03-11T00:00:00Z,2026-09-25T18:38:58.428Z
CVE-2025-24984,2025-03-11T00:00:00Z,2025-03-11T00:00:00Z,2026-09-25T18:38:58.428Z
CVE-2025-24985,2025-03-11T00:00:00Z,2025-03-11T00:00:00Z,2026-09-25T18:38:58.428Z
CVE-2025-24989,2025-02-19T00:00:00Z,2025-02-21T00:00:00Z,2026-09-25T18:38:58.428Z
CVE-2025-24990,2025-10-14T00:00:00Z,2025-10-14T00:00:00Z,2026-09-25T18:38:58.428Z
CVE-2025-24991,2025-03-11T00:00:00Z,2025-03-11T00:00:00Z,2026-09-25T18:38:58.428Z
CVE-2025-24993,2025-03-11T00:00:00Z,2025-03-11T00:00:00Z,2026-09-25T18:38:58.428Z
CVE-2025-25034,2025-06-20T00:00:00Z,,2026-09-25T18:38:58.428Z
CVE-2025-25037,2025-06-20T00:00:00Z,,2026-09-25T18:38:58.428Z
CVE-2025-25038,2025-06-20T00:00:00Z,,2026-09-25T18:38:58.428Z
CVE-2025-2505,2025-03-19T00:00:00Z,,2026-09-25T18:38:58.428Z
CVE-2025-25181,2025-02-03T00:00:00Z,2025-03-10T00:00:00Z,2026-09-25T18:38:58.428Z
CVE-2025-25231,2025-09-09T00:00:00Z,,2026-09-25T18:38:58.428Z
CVE-2025-25249,2026-09-08T00:00:00Z,2026-09-09T00:00:00Z,2026-09-25T18:38:58.428Z
CVE-2025-25252,2026-09-11T00:00:00Z,,2026-09-25T18:38:58.428Z
CVE-2025-25256,2025-08-12T00:00:00Z,,2026-09-25T18:38:58.428Z
CVE-2025-25257,2025-07-11T00:00:00Z,2025-07-18T00:00:00Z,2026-09-25T18:38:58.428Z
CVE-2025-2539,2025-10-12T00:00:00Z,,2026-09-25T18:38:58.428Z
CVE-2025-2563,2025-03-25T00:00:00Z,,2026-09-25T18:38:58.428Z
CVE-2025-2609,2025-03-21T00:00:00Z,,2026-09-25T18:38:58.428Z
CVE-2025-2610,2025-03-21T00:00:00Z,,2026-09-25T18:38:58.428Z
CVE-2025-2611,2025-10-12T00:00:00Z,,2026-09-25T18:38:58.428Z
CVE-2025-26125,2026-02-26T00:00:00Z,,2026-09-25T18:38:58.428Z
CVE-2025-26319,2025-03-31T00:00:00Z,,2026-09-25T18:38:58.428Z
CVE-2025-2636,2025-04-11T00:00:00Z,,2026-09-25T18:38:58.428Z
CVE-2025-26399,2026-01-20T00:00:00Z,2026-03-09T00:00:00Z,2026-09-25T18:38:58.428Z
CVE-2025-26633,2025-03-11T00:00:00Z,2025-03-11T00:00:00Z,2026-09-25T18:38:58.428Z
CVE-2025-26793,2025-06-08T00:00:00Z,,2026-09-25T18:38:58.428Z
CVE-2025-27007,2025-04-30T00:00:00Z,,2026-09-25T18:38:58.428Z
CVE-2025-27038,2025-06-02T00:00:00Z,2025-06-03T00:00:00Z,2026-09-25T18:38:58.428Z
CVE-2025-27112,2025-06-24T00:00:00Z,,2026-09-25T18:38:58.428Z
CVE-2025-2712,2025-07-31T00:00:00Z,,2026-09-25T18:38:58.428Z
CVE-2025-27218,2025-03-27T00:00:00Z,,2026-09-25T18:38:58.428Z
CVE-2025-27222,2026-03-07T00:00:00Z,,2026-09-25T18:38:58.428Z
CVE-2025-27223,2025-10-16T00:00:00Z,,2026-09-25T18:38:58.428Z
CVE-2025-27363,2025-03-11T00:00:00Z,2025-05-06T00:00:00Z,2026-09-25T18:38:58.428Z
CVE-2025-2746,2025-10-20T00:00:00Z,2025-10-20T00:00:00Z,2026-09-25T18:38:58.428Z
CVE-2025-2747,2025-10-20T00:00:00Z,2025-10-20T00:00:00Z,2026-09-25T18:38:58.428Z
CVE-2025-2748,2025-06-07T00:00:00Z,,2026-09-25T18:38:58.428Z
CVE-2025-2749,2026-04-20T00:00:00Z,2026-04-20T00:00:00Z,2026-09-25T18:38:58.428Z
CVE-2025-27505,2025-07-21T00:00:00Z,,2026-09-25T18:38:58.428Z
CVE-2025-27636,2025-04-07T00:00:00Z,,2026-09-25T18:38:58.428Z
CVE-2025-2775,2025-05-19T00:00:00Z,2025-07-22T00:00:00Z,2026-09-25T18:38:58.428Z
CVE-2025-2776,2025-05-14T00:00:00Z,2025-07-22T00:00:00Z,2026-09-25T18:38:58.428Z
CVE-2025-2777,2025-05-14T00:00:00Z,,2026-09-25T18:38:58.428Z
CVE-2025-27817,2026-04-08T00:00:00Z,,2026-09-25T18:38:58.428Z
CVE-2025-2783,2025-03-25T00:00:00Z,2025-03-27T00:00:00Z,2026-09-25T18:38:58.428Z
CVE-2025-27915,2025-09-30T00:00:00Z,2025-10-07T00:00:00Z,2026-09-25T18:38:58.428Z
CVE-2025-27920,2025-05-12T00:00:00Z,2025-05-19T00:00:00Z,2026-09-25T18:38:58.428Z
CVE-2025-28036,2025-07-13T00:00:00Z,,2026-09-25T18:38:58.428Z
CVE-2025-28137,2025-07-21T00:00:00Z,,2026-09-25T18:38:58.428Z
CVE-2025-2825,2025-03-30T00:00:00Z,,2026-09-25T18:38:58.428Z
CVE-2025-28367,2025-06-07T00:00:00Z,,2026-09-25T18:38:58.428Z
CVE-2025-2857,2026-01-20T00:00:00Z,,2026-09-25T18:38:58.428Z
CVE-2025-29063,2025-07-02T00:00:00Z,,2026-09-25T18:38:58.428Z
CVE-2025-2907,2025-04-04T00:00:00Z,,2026-09-25T18:38:58.428Z
CVE-2025-29085,2025-06-09T00:00:00Z,,2026-09-25T18:38:58.428Z
CVE-2025-29306,2025-06-07T00:00:00Z,,2026-09-25T18:38:58.428Z
CVE-2025-29635,2026-04-21T00:00:00Z,2026-04-24T00:00:00Z,2026-09-25T18:38:58.428Z
CVE-2025-29824,2025-04-08T00:00:00Z,2025-04-08T00:00:00Z,2026-09-25T18:38:58.428Z
CVE-2025-29891,2025-07-03T00:00:00Z,,2026-09-25T18:38:58.428Z
CVE-2025-29925,2025-09-04T00:00:00Z,,2026-09-25T18:38:58.428Z
CVE-2025-29927,2025-03-28T00:00:00Z,,2026-09-25T18:38:58.428Z
CVE-2025-30066,2025-03-14T00:00:00Z,2025-03-18T00:00:00Z,2026-09-25T18:38:58.428Z
CVE-2025-30154,2025-03-24T00:00:00Z,2025-03-24T00:00:00Z,2026-09-25T18:38:58.428Z
CVE-2025-30208,2025-04-28T00:00:00Z,,2026-09-25T18:38:58.428Z
CVE-2025-30220,2025-07-22T00:00:00Z,,2026-09-25T18:38:58.428Z
CVE-2025-30259,2025-03-19T00:00:00Z,,2026-09-25T18:38:58.428Z
CVE-2025-30349,2025-03-21T00:00:00Z,,2026-09-25T18:38:58.428Z
CVE-2025-30355,2025-03-26T00:00:00Z,,2026-09-25T18:38:58.428Z
CVE-2025-30397,2025-05-13T00:00:00Z,2025-05-13T00:00:00Z,2026-09-25T18:38:58.428Z
CVE-2025-30400,2025-05-13T00:00:00Z,2025-05-13T00:00:00Z,2026-09-25T18:38:58.428Z
CVE-2025-30406,2025-04-04T00:00:00Z,2025-04-08T00:00:00Z,2026-09-25T18:38:58.428Z
CVE-2025-3054,2025-06-04T00:00:00Z,,2026-09-25T18:38:58.428Z
CVE-2025-30567,2025-07-16T00:00:00Z,,2026-09-25T18:38:58.428Z
CVE-2025-3102,2025-04-09T00:00:00Z,,2026-09-25T18:38:58.428Z
CVE-2025-31082,2025-04-01T00:00:00Z,,2026-09-25T18:38:58.428Z
CVE-2025-31103,2025-03-28T00:00:00Z,,2026-09-25T18:38:58.428Z
CVE-2025-31125,2025-05-30T00:00:00Z,2026-01-22T00:00:00Z,2026-09-25T18:38:58.428Z
CVE-2025-31161,2024-04-26T00:00:00Z,2025-04-07T00:00:00Z,2026-09-25T18:38:58.428Z
CVE-2025-31200,2025-04-16T00:00:00Z,2025-04-17T00:00:00Z,2026-09-25T18:38:58.428Z
CVE-2025-31201,2025-04-16T00:00:00Z,2025-04-17T00:00:00Z,2026-09-25T18:38:58.428Z
CVE-2025-31277,2026-03-18T00:00:00Z,2026-03-20T00:00:00Z,2026-09-25T18:38:58.428Z
CVE-2025-31324,2025-04-22T00:00:00Z,2025-04-29T00:00:00Z,2026-09-25T18:38:58.428Z
CVE-2025-31918,2026-04-23T00:00:00Z,,2026-09-25T18:38:58.428Z
CVE-2025-32102,2024-04-26T00:00:00Z,,2026-09-25T18:38:58.428Z
CVE-2025-32257,2026-03-31T00:00:00Z,,2026-09-25T18:38:58.428Z
CVE-2025-32355,2026-03-31T00:00:00Z,,2026-09-25T18:38:58.428Z
CVE-2025-32429,2025-11-03T00:00:00Z,,2026-09-25T18:38:58.428Z
CVE-2025-32432,2025-04-18T00:00:00Z,2026-03-20T00:00:00Z,2026-09-25T18:38:58.428Z
CVE-2025-32433,2025-06-09T00:00:00Z,2025-06-09T00:00:00Z,2026-09-25T18:38:58.428Z
CVE-2025-32463,2025-09-29T00:00:00Z,2025-09-29T00:00:00Z,2026-09-25T18:38:58.428Z
CVE-2025-3248,2025-04-12T00:00:00Z,2025-05-05T00:00:00Z,2026-09-25T18:38:58.428Z
CVE-2025-32701,2025-05-13T00:00:00Z,2025-05-13T00:00:00Z,2026-09-25T18:38:58.428Z
CVE-2025-32706,2025-05-13T00:00:00Z,2025-05-13T00:00:00Z,2026-09-25T18:38:58.428Z
CVE-2025-32709,2025-05-13T00:00:00Z,2025-05-13T00:00:00Z,2026-09-25T18:38:58.428Z
CVE-2025-32756,2025-05-13T00:00:00Z,2025-05-14T00:00:00Z,2026-09-25T18:38:58.428Z
CVE-2025-32778,2025-12-19T00:00:00Z,,2026-09-25T18:38:58.428Z
CVE-2025-3278,2026-05-04T00:00:00Z,,2026-09-25T18:38:58.428Z
CVE-2025-32813,2025-07-31T00:00:00Z,,2026-09-25T18:38:58.428Z
CVE-2025-32814,2025-07-22T00:00:00Z,,2026-09-25T18:38:58.428Z
CVE-2025-32815,2025-07-21T00:00:00Z,,2026-09-25T18:38:58.428Z
CVE-2025-32818,2026-05-10T00:00:00Z,,2026-09-25T18:38:58.428Z
CVE-2025-32819,2025-05-07T00:00:00Z,,2026-09-25T18:38:58.428Z
CVE-2025-32969,2025-09-04T00:00:00Z,,2026-09-25T18:38:58.428Z
CVE-2025-32970,2025-09-04T00:00:00Z,,2026-09-25T18:38:58.428Z
CVE-2025-32975,2026-03-19T00:00:00Z,2026-04-20T00:00:00Z,2026-09-25T18:38:58.428Z
CVE-2025-33053,2025-06-10T00:00:00Z,2025-06-10T00:00:00Z,2026-09-25T18:38:58.428Z
CVE-2025-33073,2025-10-09T00:00:00Z,2025-10-20T00:00:00Z,2026-09-25T18:38:58.428Z
CVE-2025-34021,2025-06-20T00:00:00Z,,2026-09-25T18:38:58.428Z
CVE-2025-34022,2025-06-20T00:00:00Z,,2026-09-25T18:38:58.428Z
CVE-2025-34023,2025-06-20T00:00:00Z,,2026-09-25T18:38:58.428Z
CVE-2025-34024,2025-06-20T00:00:00Z,,2026-09-25T18:38:58.428Z
CVE-2025-34026,2025-06-07T00:00:00Z,2026-01-22T00:00:00Z,2026-09-25T18:38:58.428Z
CVE-2025-34027,2025-07-21T00:00:00Z,,2026-09-25T18:38:58.428Z
CVE-2025-34028,2025-04-30T00:00:00Z,2025-05-02T00:00:00Z,2026-09-25T18:38:58.428Z
CVE-2025-34029,2025-06-20T00:00:00Z,,2026-09-25T18:38:58.428Z
CVE-2025-34030,2025-06-20T00:00:00Z,,2026-09-25T18:38:58.428Z
CVE-2025-34031,2025-06-23T00:00:00Z,,2026-09-25T18:38:58.428Z
CVE-2025-34032,2025-06-23T00:00:00Z,,2026-09-25T18:38:58.428Z
CVE-2025-34033,2025-06-23T00:00:00Z,,2026-09-25T18:38:58.428Z
CVE-2025-34034,2025-06-23T00:00:00Z,,2026-09-25T18:38:58.428Z
CVE-2025-34035,2025-06-23T00:00:00Z,,2026-09-25T18:38:58.428Z
CVE-2025-34036,2025-06-23T00:00:00Z,,2026-09-25T18:38:58.428Z
CVE-2025-34037,2025-06-23T00:00:00Z,,2026-09-25T18:38:58.428Z
CVE-2025-34038,2025-06-23T00:00:00Z,,2026-09-25T18:38:58.428Z
CVE-2025-34039,2025-06-23T00:00:00Z,,2026-09-25T18:38:58.428Z
CVE-2025-34040,2025-06-23T00:00:00Z,,2026-09-25T18:38:58.428Z
CVE-2025-34041,2025-06-23T00:00:00Z,,2026-09-25T18:38:58.428Z
CVE-2025-34042,2025-06-26T00:00:00Z,,2026-09-25T18:38:58.428Z
CVE-2025-34044,2025-06-26T00:00:00Z,,2026-09-25T18:38:58.428Z
CVE-2025-34045,2025-06-26T00:00:00Z,,2026-09-25T18:38:58.428Z
CVE-2025-34046,2025-06-26T00:00:00Z,,2026-09-25T18:38:58.428Z
CVE-2025-34047,2025-06-26T00:00:00Z,,2026-09-25T18:38:58.428Z
CVE-2025-34048,2025-06-26T00:00:00Z,,2026-09-25T18:38:58.428Z
CVE-2025-34049,2025-06-26T00:00:00Z,,2026-09-25T18:38:58.428Z
CVE-2025-34057,2025-07-02T00:00:00Z,,2026-09-25T18:38:58.428Z
CVE-2025-34058,2025-07-01T00:00:00Z,,2026-09-25T18:38:58.428Z
CVE-2025-34059,2025-07-01T00:00:00Z,,2026-09-25T18:38:58.428Z
CVE-2025-34067,2025-07-02T00:00:00Z,,2026-09-25T18:38:58.428Z
CVE-2025-34068,2025-07-14T00:00:00Z,,2026-09-25T18:38:58.428Z
CVE-2025-34117,2026-03-11T00:00:00Z,,2026-09-25T18:38:58.428Z
CVE-2025-34141,2025-07-31T00:00:00Z,,2026-09-25T18:38:58.428Z
CVE-2025-34143,2025-08-02T00:00:00Z,,2026-09-25T18:38:58.428Z
CVE-2025-3415,2025-08-07T00:00:00Z,,2026-09-25T18:38:58.428Z
CVE-2025-34152,2025-09-15T00:00:00Z,,2026-09-25T18:38:58.428Z
CVE-2025-34160,2025-07-11T00:00:00Z,,2026-09-25T18:38:58.428Z
CVE-2025-34162,2025-07-23T00:00:00Z,,2026-09-25T18:38:58.428Z
CVE-2025-34163,2025-07-23T00:00:00Z,,2026-09-25T18:38:58.428Z
CVE-2025-34291,2026-01-23T00:00:00Z,2026-05-21T00:00:00Z,2026-09-25T18:38:58.428Z
CVE-2025-34299,2025-11-26T00:00:00Z,,2026-09-25T18:38:58.428Z
CVE-2025-34300,2025-08-07T00:00:00Z,,2026-09-25T18:38:58.428Z
CVE-2025-34469,2025-12-19T00:00:00Z,,2026-09-25T18:38:58.428Z
CVE-2025-34509,2025-06-22T00:00:00Z,,2026-09-25T18:38:58.428Z
CVE-2025-34510,2025-06-22T00:00:00Z,,2026-09-25T18:38:58.428Z
CVE-2025-34511,2025-06-22T00:00:00Z,,2026-09-25T18:38:58.428Z
CVE-2025-3515,2025-06-17T00:00:00Z,,2026-09-25T18:38:58.428Z
CVE-2025-35939,2025-06-02T00:00:00Z,2025-06-02T00:00:00Z,2026-09-25T18:38:58.428Z
CVE-2025-3605,2025-10-03T00:00:00Z,,2026-09-25T18:38:58.428Z
CVE-2025-36604,2025-10-09T00:00:00Z,,2026-09-25T18:38:58.428Z
CVE-2025-37164,2025-12-24T00:00:00Z,2026-01-07T00:00:00Z,2026-09-25T18:38:58.428Z
CVE-2025-37899,2025-10-09T00:00:00Z,,2026-09-25T18:38:58.428Z
CVE-2025-38352,2025-09-01T00:00:00Z,2025-09-04T00:00:00Z,2026-09-25T18:38:58.428Z
CVE-2025-3928,2025-03-07T00:00:00Z,2025-04-28T00:00:00Z,2026-09-25T18:38:58.428Z
CVE-2025-3929,2025-04-29T00:00:00Z,,2026-09-25T18:38:58.428Z
CVE-2025-3935,2025-05-30T00:00:00Z,2025-06-02T00:00:00Z,2026-09-25T18:38:58.428Z
CVE-2025-39475,2025-06-03T00:00:00Z,,2026-09-25T18:38:58.428Z
CVE-2025-39682,2026-09-18T00:00:00Z,2026-09-18T00:00:00Z,2026-09-25T18:38:58.428Z
CVE-2025-3987,2025-10-19T00:00:00Z,,2026-09-25T18:38:58.428Z
CVE-2025-39964,2026-09-18T00:00:00Z,2026-09-18T00:00:00Z,2026-09-25T18:38:58.428Z
CVE-2025-4008,2025-10-02T00:00:00Z,2025-10-02T00:00:00Z,2026-09-25T18:38:58.428Z
CVE-2025-4009,2025-06-25T00:00:00Z,,2026-09-25T18:38:58.428Z
CVE-2025-40536,2026-02-12T00:00:00Z,2026-02-12T00:00:00Z,2026-09-25T18:38:58.428Z
CVE-2025-40551,2026-02-03T00:00:00Z,2026-02-03T00:00:00Z,2026-09-25T18:38:58.428Z
CVE-2025-40553,2026-09-01T00:00:00Z,,2026-09-25T18:38:58.428Z
CVE-2025-40554,2026-05-01T00:00:00Z,,2026-09-25T18:38:58.428Z
CVE-2025-40600,2026-05-10T00:00:00Z,,2026-09-25T18:38:58.428Z
CVE-2025-40601,2026-02-05T00:00:00Z,,2026-09-25T18:38:58.428Z
CVE-2025-40602,2025-12-17T00:00:00Z,2025-12-17T00:00:00Z,2026-09-25T18:38:58.428Z
CVE-2025-4078,2026-04-30T00:00:00Z,,2026-09-25T18:38:58.428Z
CVE-2025-4123,2025-07-21T00:00:00Z,,2026-09-25T18:38:58.428Z
CVE-2025-41244,2025-09-29T00:00:00Z,2025-10-30T00:00:00Z,2026-09-25T18:38:58.428Z
CVE-2025-4131,2025-05-02T00:00:00Z,,2026-09-25T18:38:58.428Z
CVE-2025-41646,2025-07-21T00:00:00Z,,2026-09-25T18:38:58.428Z
CVE-2025-4210,2025-05-02T00:00:00Z,,2026-09-25T18:38:58.428Z
CVE-2025-42599,2025-04-18T00:00:00Z,2025-04-28T00:00:00Z,2026-09-25T18:38:58.428Z
CVE-2025-4270,2025-07-30T00:00:00Z,,2026-09-25T18:38:58.428Z
CVE-2025-4281,2025-07-21T00:00:00Z,,2026-09-25T18:38:58.428Z
CVE-2025-4283,2026-07-24T00:00:00Z,,2026-09-25T18:38:58.428Z
CVE-2025-42957,2025-09-04T00:00:00Z,,2026-09-25T18:38:58.428Z
CVE-2025-42999,2025-04-27T00:00:00Z,2025-05-15T00:00:00Z,2026-09-25T18:38:58.428Z
CVE-2025-43200,2025-06-11T00:00:00Z,2025-06-16T00:00:00Z,2026-09-25T18:38:58.428Z
CVE-2025-4322,2025-05-19T00:00:00Z,,2026-09-25T18:38:58.428Z
CVE-2025-43300,2025-08-20T00:00:00Z,2025-08-21T00:00:00Z,2026-09-25T18:38:58.428Z
CVE-2025-43482,2026-04-07T00:00:00Z,,2026-09-25T18:38:58.428Z
CVE-2025-43510,2026-03-18T00:00:00Z,2026-03-20T00:00:00Z,2026-09-25T18:38:58.428Z
CVE-2025-43512,2026-04-07T00:00:00Z,,2026-09-25T18:38:58.428Z
CVE-2025-43517,2026-04-07T00:00:00Z,,2026-09-25T18:38:58.428Z
CVE-2025-43520,2026-03-18T00:00:00Z,2026-03-20T00:00:00Z,2026-09-25T18:38:58.428Z
CVE-2025-43529,2025-12-12T00:00:00Z,2025-12-15T00:00:00Z,2026-09-25T18:38:58.428Z
CVE-2025-43532,2026-04-07T00:00:00Z,,2026-09-25T18:38:58.428Z
CVE-2025-43542,2026-04-07T00:00:00Z,,2026-09-25T18:38:58.428Z
CVE-2025-4396,2026-02-02T00:00:00Z,,2026-09-25T18:38:58.428Z
CVE-2025-44136,2025-11-27T00:00:00Z,,2026-09-25T18:38:58.428Z
CVE-2025-44137,2025-11-27T00:00:00Z,,2026-09-25T18:38:58.428Z
CVE-2025-44177,2025-08-12T00:00:00Z,,2026-09-25T18:38:58.428Z
CVE-2025-4427,2025-05-13T00:00:00Z,2025-05-19T00:00:00Z,2026-09-25T18:38:58.428Z
CVE-2025-4428,2025-05-13T00:00:00Z,2025-05-19T00:00:00Z,2026-09-25T18:38:58.428Z
CVE-2025-44846,2026-01-27T00:00:00Z,,2026-09-25T18:38:58.428Z
CVE-2025-4581,2025-07-13T00:00:00Z,,2026-09-25T18:38:58.428Z
CVE-2025-45985,2025-09-23T00:00:00Z,,2026-09-25T18:38:58.428Z
CVE-2025-45988,2025-09-15T00:00:00Z,,2026-09-25T18:38:58.428Z
CVE-2025-4606,2026-05-04T00:00:00Z,,2026-09-25T18:38:58.428Z
CVE-2025-46289,2026-04-07T00:00:00Z,,2026-09-25T18:38:58.428Z
CVE-2025-4632,2025-05-06T00:00:00Z,2025-05-22T00:00:00Z,2026-09-25T18:38:58.428Z
CVE-2025-46554,2025-09-04T00:00:00Z,,2026-09-25T18:38:58.428Z
CVE-2025-4664,2025-05-14T00:00:00Z,,2026-09-25T18:38:58.428Z
CVE-2025-47165,2025-09-03T00:00:00Z,,2026-09-25T18:38:58.428Z
CVE-2025-47170,2025-09-03T00:00:00Z,,2026-09-25T18:38:58.428Z
CVE-2025-47176,2025-06-16T00:00:00Z,,2026-09-25T18:38:58.428Z
CVE-2025-47188,2025-07-21T00:00:00Z,,2026-09-25T18:38:58.428Z
CVE-2025-47204,2025-07-21T00:00:00Z,,2026-09-25T18:38:58.428Z
CVE-2025-47445,2025-05-08T00:00:00Z,,2026-09-25T18:38:58.428Z
CVE-2025-47539,2025-05-07T00:00:00Z,,2026-09-25T18:38:58.428Z
CVE-2025-47558,2025-05-22T00:00:00Z,,2026-09-25T18:38:58.428Z
CVE-2025-47601,2025-05-30T00:00:00Z,,2026-09-25T18:38:58.428Z
CVE-2025-47696,2025-05-21T00:00:00Z,,2026-09-25T18:38:58.428Z
CVE-2025-47729,2025-05-08T00:00:00Z,2025-05-12T00:00:00Z,2026-09-25T18:38:58.428Z
CVE-2025-47730,2025-05-08T00:00:00Z,,2026-09-25T18:38:58.428Z
CVE-2025-47812,2025-07-10T00:00:00Z,2025-07-14T00:00:00Z,2026-09-25T18:38:58.428Z
CVE-2025-47813,2026-03-16T00:00:00Z,2026-03-16T00:00:00Z,2026-09-25T18:38:58.428Z
CVE-2025-47827,2025-10-14T00:00:00Z,2025-10-14T00:00:00Z,2026-09-25T18:38:58.428Z
CVE-2025-47916,2025-06-06T00:00:00Z,,2026-09-25T18:38:58.428Z
CVE-2025-48281,2026-03-31T00:00:00Z,,2026-09-25T18:38:58.428Z
CVE-2025-48384,2025-08-25T00:00:00Z,2025-08-25T00:00:00Z,2026-09-25T18:38:58.428Z
CVE-2025-48543,2025-09-01T00:00:00Z,2025-09-04T00:00:00Z,2026-09-25T18:38:58.428Z
CVE-2025-48572,2025-12-01T00:00:00Z,2025-12-02T00:00:00Z,2026-09-25T18:38:58.428Z
CVE-2025-48595,2026-06-01T00:00:00Z,2026-06-02T00:00:00Z,2026-09-25T18:38:58.428Z
CVE-2025-48633,2025-12-01T00:00:00Z,2025-12-02T00:00:00Z,2026-09-25T18:38:58.428Z
CVE-2025-48700,2026-04-20T00:00:00Z,2026-04-20T00:00:00Z,2026-09-25T18:38:58.428Z
CVE-2025-48703,2025-08-15T00:00:00Z,2025-11-04T00:00:00Z,2026-09-25T18:38:58.428Z
CVE-2025-48827,2025-05-26T00:00:00Z,,2026-09-25T18:38:58.428Z
CVE-2025-48828,2025-05-26T00:00:00Z,,2026-09-25T18:38:58.428Z
CVE-2025-48925,2025-05-28T00:00:00Z,,2026-09-25T18:38:58.428Z
CVE-2025-48926,2025-05-28T00:00:00Z,,2026-09-25T18:38:58.428Z
CVE-2025-48927,2025-05-28T00:00:00Z,2025-07-01T00:00:00Z,2026-09-25T18:38:58.428Z
CVE-2025-48928,2025-05-28T00:00:00Z,2025-07-01T00:00:00Z,2026-09-25T18:38:58.428Z
CVE-2025-48929,2025-05-28T00:00:00Z,,2026-09-25T18:38:58.428Z
CVE-2025-48930,2025-05-28T00:00:00Z,,2026-09-25T18:38:58.428Z
CVE-2025-49113,2025-06-04T00:00:00Z,2026-02-20T00:00:00Z,2026-09-25T18:38:58.428Z
CVE-2025-49132,2025-06-19T00:00:00Z,,2026-09-25T18:38:58.428Z
CVE-2025-49493,2025-07-31T00:00:00Z,,2026-09-25T18:38:58.428Z
CVE-2025-49533,2025-07-30T00:00:00Z,,2026-09-25T18:38:58.428Z
CVE-2025-49596,2025-10-15T00:00:00Z,,2026-09-25T18:38:58.428Z
CVE-2025-49619,2025-12-27T00:00:00Z,,2026-09-25T18:38:58.428Z
CVE-2025-49704,2025-07-18T00:00:00Z,2025-07-22T00:00:00Z,2026-09-25T18:38:58.428Z
CVE-2025-49706,2025-07-18T00:00:00Z,2025-07-22T00:00:00Z,2026-09-25T18:38:58.428Z
CVE-2025-49844,2025-12-23T00:00:00Z,,2026-09-25T18:38:58.428Z
CVE-2025-49867,2026-04-23T00:00:00Z,,2026-09-25T18:38:58.428Z
CVE-2025-50031,2025-07-16T00:00:00Z,,2026-09-25T18:38:58.428Z
CVE-2025-5086,2025-06-23T00:00:00Z,2025-09-11T00:00:00Z,2026-09-25T18:38:58.428Z
CVE-2025-51482,2025-10-24T00:00:00Z,,2026-09-25T18:38:58.428Z
CVE-2025-51591,2025-09-22T00:00:00Z,,2026-09-25T18:38:58.428Z
CVE-2025-51683,2026-01-21T00:00:00Z,,2026-09-25T18:38:58.428Z
CVE-2025-52089,2026-03-11T00:00:00Z,,2026-09-25T18:38:58.428Z
CVE-2025-52207,2025-11-26T00:00:00Z,,2026-09-25T18:38:58.428Z
CVE-2025-52472,2025-11-27T00:00:00Z,,2026-09-25T18:38:58.428Z
CVE-2025-52488,2025-07-21T00:00:00Z,,2026-09-25T18:38:58.428Z
CVE-2025-52572,2023-08-12T00:00:00Z,,2026-09-25T18:38:58.428Z
CVE-2025-52665,2026-01-16T00:00:00Z,,2026-09-25T18:38:58.428Z
CVE-2025-52691,2026-01-22T00:00:00Z,2026-01-26T00:00:00Z,2026-09-25T18:38:58.428Z
CVE-2025-5287,2025-07-17T00:00:00Z,,2026-09-25T18:38:58.428Z
CVE-2025-52907,2026-08-17T00:00:00Z,,2026-09-25T18:38:58.428Z
CVE-2025-52970,2025-09-04T00:00:00Z,,2026-09-25T18:38:58.428Z
CVE-2025-53072,2026-05-19T00:00:00Z,,2026-09-25T18:38:58.428Z
CVE-2025-53118,2025-11-10T00:00:00Z,,2026-09-25T18:38:58.428Z
CVE-2025-53324,2025-09-23T00:00:00Z,,2026-09-25T18:38:58.428Z
CVE-2025-53364,2025-12-01T00:00:00Z,,2026-09-25T18:38:58.428Z
CVE-2025-5339,2026-05-04T00:00:00Z,,2026-09-25T18:38:58.428Z
CVE-2025-53521,2026-03-27T00:00:00Z,2026-03-27T00:00:00Z,2026-09-25T18:38:58.428Z
CVE-2025-53558,2026-04-30T00:00:00Z,,2026-09-25T18:38:58.428Z
CVE-2025-53690,2025-09-03T00:00:00Z,2025-09-04T00:00:00Z,2026-09-25T18:38:58.428Z
CVE-2025-53770,2025-07-18T00:00:00Z,2025-07-20T00:00:00Z,2026-09-25T18:38:58.428Z
CVE-2025-53771,2025-07-18T00:00:00Z,,2026-09-25T18:38:58.428Z
CVE-2025-53772,2025-10-07T00:00:00Z,,2026-09-25T18:38:58.428Z
CVE-2025-53833,2025-08-07T00:00:00Z,,2026-09-25T18:38:58.428Z
CVE-2025-5394,2025-07-29T00:00:00Z,,2026-09-25T18:38:58.428Z
CVE-2025-5397,2025-10-31T00:00:00Z,,2026-09-25T18:38:58.428Z
CVE-2025-54068,2026-02-17T00:00:00Z,2026-03-20T00:00:00Z,2026-09-25T18:38:58.428Z
CVE-2025-54123,2025-11-10T00:00:00Z,,2026-09-25T18:38:58.428Z
CVE-2025-54125,2025-09-06T00:00:00Z,,2026-09-25T18:38:58.428Z
CVE-2025-5419,2025-06-02T00:00:00Z,2025-06-05T00:00:00Z,2026-09-25T18:38:58.428Z
CVE-2025-54236,2025-10-21T00:00:00Z,2025-10-24T00:00:00Z,2026-09-25T18:38:58.428Z
CVE-2025-54249,2025-10-16T00:00:00Z,,2026-09-25T18:38:58.428Z
CVE-2025-54251,2025-10-28T00:00:00Z,,2026-09-25T18:38:58.428Z
CVE-2025-54253,2025-08-12T00:00:00Z,2025-10-15T00:00:00Z,2026-09-25T18:38:58.428Z
CVE-2025-54254,2025-08-12T00:00:00Z,,2026-09-25T18:38:58.428Z
CVE-2025-54309,2025-07-18T00:00:00Z,2025-07-22T00:00:00Z,2026-09-25T18:38:58.428Z
CVE-2025-54313,2025-07-19T00:00:00Z,2026-01-22T00:00:00Z,2026-09-25T18:38:58.428Z
CVE-2025-54701,2025-08-14T00:00:00Z,,2026-09-25T18:38:58.428Z
CVE-2025-54726,2026-03-31T00:00:00Z,,2026-09-25T18:38:58.428Z
CVE-2025-54782,2025-08-18T00:00:00Z,,2026-09-25T18:38:58.428Z
CVE-2025-54948,2025-08-06T00:00:00Z,2025-08-18T00:00:00Z,2026-09-25T18:38:58.428Z
CVE-2025-54987,2025-08-06T00:00:00Z,,2026-09-25T18:38:58.428Z
CVE-2025-5504,2025-10-09T00:00:00Z,,2026-09-25T18:38:58.428Z
CVE-2025-55161,2025-10-07T00:00:00Z,,2026-09-25T18:38:58.428Z
CVE-2025-55177,2025-08-20T00:00:00Z,2025-09-02T00:00:00Z,2026-09-25T18:38:58.428Z
CVE-2025-55182,2025-12-03T00:00:00Z,2025-12-05T00:00:00Z,2026-09-25T18:38:58.428Z
CVE-2025-55184,2026-04-15T00:00:00Z,,2026-09-25T18:38:58.428Z
CVE-2025-55190,2025-11-18T00:00:00Z,,2026-09-25T18:38:58.428Z
CVE-2025-55303,2026-02-12T00:00:00Z,,2026-09-25T18:38:58.428Z
CVE-2025-55346,2025-11-19T00:00:00Z,,2026-09-25T18:38:58.428Z
CVE-2025-55523,2025-12-15T00:00:00Z,,2026-09-25T18:38:58.428Z
CVE-2025-55583,2026-08-13T00:00:00Z,,2026-09-25T18:38:58.428Z
CVE-2025-5571,2026-01-23T00:00:00Z,,2026-09-25T18:38:58.428Z
CVE-2025-55747,2025-12-15T00:00:00Z,,2026-09-25T18:38:58.428Z
CVE-2025-55748,2025-10-31T00:00:00Z,,2026-09-25T18:38:58.428Z
CVE-2025-55749,2026-01-14T00:00:00Z,,2026-09-25T18:38:58.428Z
CVE-2025-5605,2025-11-28T00:00:00Z,,2026-09-25T18:38:58.428Z
CVE-2025-56132,2026-04-30T00:00:00Z,,2026-09-25T18:38:58.428Z
CVE-2025-56520,2026-02-11T00:00:00Z,,2026-09-25T18:38:58.428Z
CVE-2025-57296,2026-03-11T00:00:00Z,,2026-09-25T18:38:58.428Z
CVE-2025-5777,2025-06-26T00:00:00Z,2025-07-10T00:00:00Z,2026-09-25T18:38:58.428Z
CVE-2025-57788,2025-08-23T00:00:00Z,,2026-09-25T18:38:58.428Z
CVE-2025-57819,2025-08-28T00:00:00Z,2025-08-29T00:00:00Z,2026-09-25T18:38:58.428Z
CVE-2025-58034,2025-11-18T00:00:00Z,2025-11-18T00:00:00Z,2026-09-25T18:38:58.428Z
CVE-2025-58179,2026-04-30T00:00:00Z,,2026-09-25T18:38:58.428Z
CVE-2025-5821,2025-08-22T00:00:00Z,,2026-09-25T18:38:58.428Z
CVE-2025-58360,2025-12-05T00:00:00Z,2025-12-11T00:00:00Z,2026-09-25T18:38:58.428Z
CVE-2025-58443,2025-12-08T00:00:00Z,,2026-09-25T18:38:58.428Z
CVE-2025-59230,2025-10-14T00:00:00Z,2025-10-14T00:00:00Z,2026-09-25T18:38:58.428Z
CVE-2025-59287,2025-10-24T00:00:00Z,2025-10-24T00:00:00Z,2026-09-25T18:38:58.428Z
CVE-2025-59374,2025-12-17T00:00:00Z,2025-12-17T00:00:00Z,2026-09-25T18:38:58.428Z
CVE-2025-5947,2025-10-07T00:00:00Z,,2026-09-25T18:38:58.428Z
CVE-2025-59474,2025-10-17T00:00:00Z,,2026-09-25T18:38:58.428Z
CVE-2025-59528,2026-04-05T00:00:00Z,,2026-09-25T18:38:58.428Z
CVE-2025-59689,2025-09-22T00:00:00Z,2025-09-29T00:00:00Z,2026-09-25T18:38:58.428Z
CVE-2025-59716,2026-04-01T00:00:00Z,,2026-09-25T18:38:58.428Z
CVE-2025-59718,2025-12-15T00:00:00Z,2025-12-16T00:00:00Z,2026-09-25T18:38:58.428Z
CVE-2025-59719,2025-12-15T00:00:00Z,,2026-09-25T18:38:58.428Z
CVE-2025-60021,2026-05-01T00:00:00Z,,2026-09-25T18:38:58.428Z
CVE-2025-6019,2025-10-09T00:00:00Z,,2026-09-25T18:38:58.428Z
CVE-2025-6068,2026-09-07T00:00:00Z,,2026-09-25T18:38:58.428Z
CVE-2025-60687,2026-09-07T00:00:00Z,,2026-09-25T18:38:58.428Z
CVE-2025-60698,2026-09-05T00:00:00Z,,2026-09-25T18:38:58.428Z
CVE-2025-60702,2026-09-01T00:00:00Z,,2026-09-25T18:38:58.428Z
CVE-2025-60710,2026-04-13T00:00:00Z,2026-04-13T00:00:00Z,2026-09-25T18:38:58.428Z
CVE-2025-61155,2026-01-29T00:00:00Z,,2026-09-25T18:38:58.428Z
CVE-2025-61666,2025-11-17T00:00:00Z,,2026-09-25T18:38:58.428Z
CVE-2025-6174,2025-11-27T00:00:00Z,,2026-09-25T18:38:58.428Z
CVE-2025-61757,2025-11-20T00:00:00Z,2025-11-21T00:00:00Z,2026-09-25T18:38:58.428Z
CVE-2025-61882,2025-10-04T00:00:00Z,2025-10-06T00:00:00Z,2026-09-25T18:38:58.428Z
CVE-2025-61884,2025-10-20T00:00:00Z,2025-10-20T00:00:00Z,2026-09-25T18:38:58.428Z
CVE-2025-61932,2025-10-20T00:00:00Z,2025-10-22T00:00:00Z,2026-09-25T18:38:58.428Z
CVE-2025-6204,2025-10-28T00:00:00Z,2025-10-28T00:00:00Z,2026-09-25T18:38:58.428Z
CVE-2025-6205,2025-10-27T00:00:00Z,2025-10-28T00:00:00Z,2026-09-25T18:38:58.428Z
CVE-2025-6218,2025-08-08T00:00:00Z,2025-12-09T00:00:00Z,2026-09-25T18:38:58.428Z
CVE-2025-62215,2025-11-11T00:00:00Z,2025-11-12T00:00:00Z,2026-09-25T18:38:58.428Z
CVE-2025-62221,2025-12-09T00:00:00Z,2025-12-09T00:00:00Z,2026-09-25T18:38:58.428Z
CVE-2025-62481,2026-05-19T00:00:00Z,,2026-09-25T18:38:58.428Z
CVE-2025-62593,2026-03-11T00:00:00Z,2026-08-17T00:00:00Z,2026-09-25T18:38:58.428Z
CVE-2025-62631,2026-07-23T00:00:00Z,,2026-09-25T18:38:58.428Z
CVE-2025-6264,2025-10-22T00:00:00Z,,2026-09-25T18:38:58.428Z
CVE-2025-63387,2026-01-14T00:00:00Z,,2026-09-25T18:38:58.428Z
CVE-2025-6388,2025-10-02T00:00:00Z,,2026-09-25T18:38:58.428Z
CVE-2025-6389,2025-11-25T00:00:00Z,,2026-09-25T18:38:58.428Z
CVE-2025-6403,2025-11-27T00:00:00Z,,2026-09-25T18:38:58.428Z
CVE-2025-64095,2025-11-27T00:00:00Z,,2026-09-25T18:38:58.428Z
CVE-2025-64155,2026-01-15T00:00:00Z,,2026-09-25T18:38:58.428Z
CVE-2025-64328,2026-01-28T00:00:00Z,2026-02-03T00:00:00Z,2026-09-25T18:38:58.428Z
CVE-2025-64375,2026-04-23T00:00:00Z,,2026-09-25T18:38:58.428Z
CVE-2025-64377,2026-05-04T00:00:00Z,,2026-09-25T18:38:58.428Z
CVE-2025-6440,2025-10-24T00:00:00Z,,2026-09-25T18:38:58.428Z
CVE-2025-64446,2025-10-06T00:00:00Z,2025-11-14T00:00:00Z,2026-09-25T18:38:58.428Z
CVE-2025-64764,2025-12-15T00:00:00Z,,2026-09-25T18:38:58.428Z
CVE-2025-6485,2026-01-22T00:00:00Z,,2026-09-25T18:38:58.428Z
CVE-2025-6495,2025-07-28T00:00:00Z,,2026-09-25T18:38:58.428Z
CVE-2025-6543,2025-06-25T00:00:00Z,2025-06-30T00:00:00Z,2026-09-25T18:38:58.428Z
CVE-2025-6554,2025-06-30T00:00:00Z,2025-07-02T00:00:00Z,2026-09-25T18:38:58.428Z
CVE-2025-6558,2025-07-15T00:00:00Z,2025-07-22T00:00:00Z,2026-09-25T18:38:58.428Z
CVE-2025-66376,2026-03-17T00:00:00Z,2026-03-18T00:00:00Z,2026-09-25T18:38:58.428Z
CVE-2025-66644,2025-12-05T00:00:00Z,2025-12-08T00:00:00Z,2026-09-25T18:38:58.428Z
CVE-2025-66744,2026-03-30T00:00:00Z,,2026-09-25T18:38:58.428Z
CVE-2025-67038,2026-06-23T00:00:00Z,2026-06-23T00:00:00Z,2026-09-25T18:38:58.428Z
CVE-2025-6715,2025-08-13T00:00:00Z,,2026-09-25T18:38:58.428Z
CVE-2025-67303,2026-05-16T00:00:00Z,,2026-09-25T18:38:58.428Z
CVE-2025-67945,2026-04-23T00:00:00Z,,2026-09-25T18:38:58.428Z
CVE-2025-67953,2026-01-20T00:00:00Z,,2026-09-25T18:38:58.428Z
CVE-2025-68043,2026-04-09T00:00:00Z,,2026-09-25T18:38:58.428Z
CVE-2025-68461,2026-02-20T00:00:00Z,2026-02-20T00:00:00Z,2026-09-25T18:38:58.428Z
CVE-2025-68472,2026-09-22T00:00:00Z,,2026-09-25T18:38:58.428Z
CVE-2025-68493,2026-07-20T00:00:00Z,,2026-09-25T18:38:58.428Z
CVE-2025-6851,2025-07-10T00:00:00Z,,2026-09-25T18:38:58.428Z
CVE-2025-68613,2026-02-21T00:00:00Z,2026-03-11T00:00:00Z,2026-09-25T18:38:58.428Z
CVE-2025-68645,2026-01-14T00:00:00Z,2026-01-22T00:00:00Z,2026-09-25T18:38:58.428Z
CVE-2025-68686,2026-07-27T00:00:00Z,2026-07-27T00:00:00Z,2026-09-25T18:38:58.428Z
CVE-2025-68947,2026-02-05T00:00:00Z,,2026-09-25T18:38:58.428Z
CVE-2025-69200,2026-01-18T00:00:00Z,,2026-09-25T18:38:58.428Z
CVE-2025-69985,2026-04-24T00:00:00Z,,2026-09-25T18:38:58.428Z
CVE-2025-70795,2026-02-11T00:00:00Z,,2026-09-25T18:38:58.428Z
CVE-2025-7081,2026-01-23T00:00:00Z,,2026-09-25T18:38:58.428Z
CVE-2025-7083,2025-10-28T00:00:00Z,,2026-09-25T18:38:58.428Z
CVE-2025-70974,2025-06-23T00:00:00Z,,2026-09-25T18:38:58.428Z
CVE-2025-71243,2026-04-09T00:00:00Z,,2026-09-25T18:38:58.428Z
CVE-2025-71257,2026-04-01T00:00:00Z,,2026-09-25T18:38:58.428Z
CVE-2025-71284,2026-04-30T00:00:00Z,,2026-09-25T18:38:58.428Z
CVE-2025-71324,2026-08-02T00:00:00Z,,2026-09-25T18:38:58.428Z
CVE-2025-71334,2026-07-03T00:00:00Z,,2026-09-25T18:38:58.428Z
CVE-2025-7340,2026-05-04T00:00:00Z,,2026-09-25T18:38:58.428Z
CVE-2025-7407,2026-01-22T00:00:00Z,,2026-09-25T18:38:58.428Z
CVE-2025-7414,2025-09-23T00:00:00Z,,2026-09-25T18:38:58.428Z
CVE-2025-7417,2026-01-20T00:00:00Z,,2026-09-25T18:38:58.428Z
CVE-2025-7441,2025-08-15T00:00:00Z,,2026-09-25T18:38:58.428Z
CVE-2025-7443,2026-06-23T00:00:00Z,,2026-09-25T18:38:58.428Z
CVE-2025-7451,2025-07-11T00:00:00Z,,2026-09-25T18:38:58.428Z
CVE-2025-7544,2026-01-22T00:00:00Z,,2026-09-25T18:38:58.428Z
CVE-2025-7673,2025-07-16T00:00:00Z,,2026-09-25T18:38:58.428Z
CVE-2025-7771,2025-08-05T00:00:00Z,,2026-09-25T18:38:58.428Z
CVE-2025-7775,2025-08-26T00:00:00Z,2025-08-26T00:00:00Z,2026-09-25T18:38:58.428Z
CVE-2025-7852,2026-07-09T00:00:00Z,,2026-09-25T18:38:58.428Z
CVE-2025-8085,2025-11-14T00:00:00Z,,2026-09-25T18:38:58.428Z
CVE-2025-8088,2025-08-08T00:00:00Z,2025-08-12T00:00:00Z,2026-09-25T18:38:58.428Z
CVE-2025-8110,2025-12-10T00:00:00Z,2026-01-12T00:00:00Z,2026-09-25T18:38:58.428Z
CVE-2025-8266,2026-03-31T00:00:00Z,,2026-09-25T18:38:58.428Z
CVE-2025-8311,2025-09-04T00:00:00Z,,2026-09-25T18:38:58.428Z
CVE-2025-8489,2025-10-31T00:00:00Z,,2026-09-25T18:38:58.428Z
CVE-2025-8829,2026-01-22T00:00:00Z,,2026-09-25T18:38:58.428Z
CVE-2025-8868,2025-10-16T00:00:00Z,,2026-09-25T18:38:58.428Z
CVE-2025-8875,2025-08-13T00:00:00Z,2025-08-13T00:00:00Z,2026-09-25T18:38:58.428Z
CVE-2025-8876,2025-08-13T00:00:00Z,2025-08-13T00:00:00Z,2026-09-25T18:38:58.428Z
CVE-2025-8937,2026-03-11T00:00:00Z,,2026-09-25T18:38:58.428Z
CVE-2025-8943,2025-11-27T00:00:00Z,,2026-09-25T18:38:58.428Z
CVE-2025-9242,2025-10-21T00:00:00Z,2025-11-12T00:00:00Z,2026-09-25T18:38:58.428Z
CVE-2025-9316,2025-12-15T00:00:00Z,,2026-09-25T18:38:58.428Z
CVE-2025-9377,2025-08-29T00:00:00Z,2025-09-03T00:00:00Z,2026-09-25T18:38:58.428Z
CVE-2025-9491,2025-10-30T00:00:00Z,,2026-09-25T18:38:58.428Z
CVE-2025-9501,2026-05-07T00:00:00Z,,2026-09-25T18:38:58.428Z
CVE-2025-9528,2025-11-24T00:00:00Z,,2026-09-25T18:38:58.428Z
CVE-2025-9603,2026-09-15T00:00:00Z,,2026-09-25T18:38:58.428Z
CVE-2025-9807,2026-05-04T00:00:00Z,,2026-09-25T18:38:58.428Z
CVE-2025-9985,2025-11-27T00:00:00Z,,2026-09-25T18:38:58.428Z
CVE-2026-0257,2026-05-29T00:00:00Z,2026-05-29T00:00:00Z,2026-09-25T18:38:58.428Z
CVE-2026-0300,2026-05-05T00:00:00Z,2026-05-06T00:00:00Z,2026-09-25T18:38:58.428Z
CVE-2026-0625,2026-01-05T00:00:00Z,,2026-09-25T18:38:58.428Z
CVE-2026-0740,2026-04-06T00:00:00Z,,2026-09-25T18:38:58.428Z
CVE-2026-0768,2026-08-29T00:00:00Z,,2026-09-25T18:38:58.428Z
CVE-2026-0769,2026-06-24T00:00:00Z,,2026-09-25T18:38:58.428Z
CVE-2026-0770,2026-02-14T00:00:00Z,2026-07-21T00:00:00Z,2026-09-25T18:38:58.428Z
CVE-2026-0920,2026-01-21T00:00:00Z,,2026-09-25T18:38:58.428Z
CVE-2026-0953,2026-03-09T00:00:00Z,,2026-09-25T18:38:58.428Z
CVE-2026-10520,2026-06-10T00:00:00Z,2026-06-11T00:00:00Z,2026-09-25T18:38:58.428Z
CVE-2026-10735,2026-06-16T00:00:00Z,,2026-09-25T18:38:58.428Z
CVE-2026-10795,2026-06-10T00:00:00Z,,2026-09-25T18:38:58.428Z
CVE-2026-1125,2026-07-02T00:00:00Z,,2026-09-25T18:38:58.428Z
CVE-2026-11613,2026-09-10T00:00:00Z,,2026-09-25T18:38:58.428Z
CVE-2026-11645,2026-06-08T00:00:00Z,2026-06-09T00:00:00Z,2026-09-25T18:38:58.428Z
CVE-2026-11907,2026-08-11T00:00:00Z,,2026-09-25T18:38:58.428Z
CVE-2026-1207,2026-02-26T00:00:00Z,,2026-09-25T18:38:58.428Z
CVE-2026-12569,2026-06-25T00:00:00Z,2026-06-25T00:00:00Z,2026-09-25T18:38:58.428Z
CVE-2026-1277,2026-04-02T00:00:00Z,,2026-09-25T18:38:58.428Z
CVE-2026-1281,2026-01-29T00:00:00Z,2026-01-29T00:00:00Z,2026-09-25T18:38:58.428Z
CVE-2026-1340,2026-02-04T00:00:00Z,2026-04-08T00:00:00Z,2026-09-25T18:38:58.428Z
CVE-2026-1357,2026-02-11T00:00:00Z,,2026-09-25T18:38:58.428Z
CVE-2026-13731,2026-07-01T00:00:00Z,,2026-09-25T18:38:58.428Z
CVE-2026-1405,2026-04-06T00:00:00Z,,2026-09-25T18:38:58.428Z
CVE-2026-14359,2026-09-09T00:00:00Z,,2026-09-25T18:38:58.428Z
CVE-2026-14894,2026-07-09T00:00:00Z,,2026-09-25T18:38:58.428Z
CVE-2026-1492,2026-03-02T00:00:00Z,,2026-09-25T18:38:58.428Z
CVE-2026-15039,2026-08-21T00:00:00Z,,2026-09-25T18:38:58.428Z
CVE-2026-15205,2026-08-14T00:00:00Z,,2026-09-25T18:38:58.428Z
CVE-2026-15369,2026-08-31T00:00:00Z,,2026-09-25T18:38:58.428Z
CVE-2026-15409,2026-07-14T00:00:00Z,2026-07-14T00:00:00Z,2026-09-25T18:38:58.428Z
CVE-2026-15410,2026-07-14T00:00:00Z,2026-07-14T00:00:00Z,2026-09-25T18:38:58.428Z
CVE-2026-15459,2026-08-06T00:00:00Z,,2026-09-25T18:38:58.428Z
CVE-2026-1547,2026-09-01T00:00:00Z,,2026-09-25T18:38:58.428Z
CVE-2026-1557,2026-04-02T00:00:00Z,,2026-09-25T18:38:58.428Z
CVE-2026-15780,2026-08-20T00:00:00Z,,2026-09-25T18:38:58.428Z
CVE-2026-1581,2026-02-20T00:00:00Z,,2026-09-25T18:38:58.428Z
CVE-2026-15826,2026-08-15T00:00:00Z,,2026-09-25T18:38:58.428Z
CVE-2026-15981,2026-08-21T00:00:00Z,,2026-09-25T18:38:58.428Z
CVE-2026-1603,2026-02-17T00:00:00Z,2026-03-09T00:00:00Z,2026-09-25T18:38:58.428Z
CVE-2026-16144,2026-08-05T00:00:00Z,,2026-09-25T18:38:58.428Z
CVE-2026-1623,2026-07-30T00:00:00Z,,2026-09-25T18:38:58.428Z
CVE-2026-16232,2026-07-19T00:00:00Z,2026-07-22T00:00:00Z,2026-09-25T18:38:58.428Z
CVE-2026-16723,2026-07-23T00:00:00Z,,2026-09-25T18:38:58.428Z
CVE-2026-16747,2026-08-24T00:00:00Z,,2026-09-25T18:38:58.428Z
CVE-2026-16759,2026-08-28T00:00:00Z,,2026-09-25T18:38:58.428Z
CVE-2026-16812,2026-07-27T00:00:00Z,2026-07-27T00:00:00Z,2026-09-25T18:38:58.428Z
CVE-2026-1731,2026-02-09T00:00:00Z,2026-02-13T00:00:00Z,2026-09-25T18:38:58.428Z
CVE-2026-18109,2026-08-14T00:00:00Z,,2026-09-25T18:38:58.428Z
CVE-2026-18322,2026-09-24T00:00:00Z,,2026-09-25T18:38:58.428Z
CVE-2026-18366,2026-08-31T00:00:00Z,,2026-09-25T18:38:58.428Z
CVE-2026-18556,2026-08-01T00:00:00Z,2026-08-04T00:00:00Z,2026-09-25T18:38:58.428Z
CVE-2026-18562,2026-09-14T00:00:00Z,,2026-09-25T18:38:58.428Z
CVE-2026-18577,2026-08-02T00:00:00Z,2026-08-03T00:00:00Z,2026-09-25T18:38:58.428Z
CVE-2026-18781,2026-08-24T00:00:00Z,,2026-09-25T18:38:58.428Z
CVE-2026-18884,2026-09-10T00:00:00Z,,2026-09-25T18:38:58.428Z
CVE-2026-1890,2026-04-30T00:00:00Z,,2026-09-25T18:38:58.428Z
CVE-2026-18963,2026-08-25T00:00:00Z,,2026-09-25T18:38:58.428Z
CVE-2026-1937,2026-02-18T00:00:00Z,,2026-09-25T18:38:58.428Z
CVE-2026-19478,2026-08-19T00:00:00Z,,2026-09-25T18:38:58.428Z
CVE-2026-19490,2026-09-03T00:00:00Z,2026-09-09T00:00:00Z,2026-09-25T18:38:58.428Z
CVE-2026-19598,2026-08-15T00:00:00Z,,2026-09-25T18:38:58.428Z
CVE-2026-19632,2026-08-25T00:00:00Z,,2026-09-25T18:38:58.428Z
CVE-2026-1969,2026-04-30T00:00:00Z,,2026-09-25T18:38:58.428Z
CVE-2026-1994,2026-02-19T00:00:00Z,,2026-09-25T18:38:58.428Z
CVE-2026-20029,2026-02-24T00:00:00Z,,2026-09-25T18:38:58.428Z
CVE-2026-20045,2026-01-21T00:00:00Z,2026-01-21T00:00:00Z,2026-09-25T18:38:58.428Z
CVE-2026-20079,2026-09-09T00:00:00Z,2026-09-09T00:00:00Z,2026-09-25T18:38:58.428Z
CVE-2026-20122,2026-03-05T00:00:00Z,2026-04-20T00:00:00Z,2026-09-25T18:38:58.428Z
CVE-2026-20127,2026-02-25T00:00:00Z,2026-02-25T00:00:00Z,2026-09-25T18:38:58.428Z
CVE-2026-20128,2026-03-05T00:00:00Z,2026-04-20T00:00:00Z,2026-09-25T18:38:58.428Z
CVE-2026-20131,2026-03-18T00:00:00Z,2026-03-19T00:00:00Z,2026-09-25T18:38:58.428Z
CVE-2026-20133,2026-04-20T00:00:00Z,2026-04-20T00:00:00Z,2026-09-25T18:38:58.428Z
CVE-2026-20182,2026-05-14T00:00:00Z,2026-05-14T00:00:00Z,2026-09-25T18:38:58.428Z
CVE-2026-20230,2026-06-22T00:00:00Z,2026-06-25T00:00:00Z,2026-09-25T18:38:58.428Z
CVE-2026-20245,2026-06-05T00:00:00Z,2026-06-09T00:00:00Z,2026-09-25T18:38:58.428Z
CVE-2026-2025,2026-04-30T00:00:00Z,,2026-09-25T18:38:58.428Z
CVE-2026-20253,2026-06-15T00:00:00Z,2026-06-18T00:00:00Z,2026-09-25T18:38:58.428Z
CVE-2026-20262,2026-06-15T00:00:00Z,2026-06-15T00:00:00Z,2026-09-25T18:38:58.428Z
CVE-2026-20316,2026-07-29T00:00:00Z,2026-07-29T00:00:00Z,2026-09-25T18:38:58.428Z
CVE-2026-20349,2026-08-11T00:00:00Z,2026-08-11T00:00:00Z,2026-09-25T18:38:58.428Z
CVE-2026-20700,2026-02-11T00:00:00Z,2026-02-12T00:00:00Z,2026-09-25T18:38:58.428Z
CVE-2026-20805,2026-01-13T00:00:00Z,2026-01-13T00:00:00Z,2026-09-25T18:38:58.428Z
CVE-2026-20896,2026-07-06T00:00:00Z,,2026-09-25T18:38:58.428Z
CVE-2026-20931,2026-02-24T00:00:00Z,,2026-09-25T18:38:58.428Z
CVE-2026-20963,2026-03-18T00:00:00Z,2026-03-18T00:00:00Z,2026-09-25T18:38:58.428Z
CVE-2026-21262,2026-04-13T00:00:00Z,,2026-09-25T18:38:58.428Z
CVE-2026-21385,2026-03-02T00:00:00Z,2026-03-03T00:00:00Z,2026-09-25T18:38:58.428Z
CVE-2026-21445,2026-04-09T00:00:00Z,,2026-09-25T18:38:58.428Z
CVE-2026-21509,2026-01-26T00:00:00Z,2026-01-26T00:00:00Z,2026-09-25T18:38:58.428Z
CVE-2026-21510,2026-02-10T00:00:00Z,2026-02-10T00:00:00Z,2026-09-25T18:38:58.428Z
CVE-2026-21513,2026-02-10T00:00:00Z,2026-02-10T00:00:00Z,2026-09-25T18:38:58.428Z
CVE-2026-21514,2026-02-10T00:00:00Z,2026-02-10T00:00:00Z,2026-09-25T18:38:58.428Z
CVE-2026-21519,2026-02-10T00:00:00Z,2026-02-10T00:00:00Z,2026-09-25T18:38:58.428Z
CVE-2026-21525,2026-02-10T00:00:00Z,2026-02-10T00:00:00Z,2026-09-25T18:38:58.428Z
CVE-2026-21533,2026-02-10T00:00:00Z,2026-02-10T00:00:00Z,2026-09-25T18:38:58.428Z
CVE-2026-21643,2026-03-28T00:00:00Z,2026-04-13T00:00:00Z,2026-09-25T18:38:58.428Z
CVE-2026-21858,2026-01-09T00:00:00Z,,2026-09-25T18:38:58.428Z
CVE-2026-21859,2026-02-11T00:00:00Z,,2026-09-25T18:38:58.428Z
CVE-2026-21891,2026-03-07T00:00:00Z,,2026-09-25T18:38:58.428Z
CVE-2026-21902,2026-03-14T00:00:00Z,,2026-09-25T18:38:58.428Z
CVE-2026-21962,2026-02-10T00:00:00Z,2026-08-24T00:00:00Z,2026-09-25T18:38:58.428Z
CVE-2026-21992,2026-03-20T00:00:00Z,,2026-09-25T18:38:58.428Z
CVE-2026-22679,2026-04-07T00:00:00Z,,2026-09-25T18:38:58.428Z
CVE-2026-22719,2026-03-03T00:00:00Z,2026-03-03T00:00:00Z,2026-09-25T18:38:58.428Z
CVE-2026-22769,2026-02-17T00:00:00Z,2026-02-18T00:00:00Z,2026-09-25T18:38:58.428Z
CVE-2026-23536,2026-09-14T00:00:00Z,,2026-09-25T18:38:58.428Z
CVE-2026-23541,2026-04-23T00:00:00Z,,2026-09-25T18:38:58.428Z
CVE-2026-23550,2026-01-14T00:00:00Z,,2026-09-25T18:38:58.428Z
CVE-2026-23744,2026-02-18T00:00:00Z,,2026-09-25T18:38:58.428Z
CVE-2026-23760,2026-01-22T00:00:00Z,2026-01-26T00:00:00Z,2026-09-25T18:38:58.428Z
CVE-2026-23800,2026-01-16T00:00:00Z,,2026-09-25T18:38:58.428Z
CVE-2026-24061,2026-01-22T00:00:00Z,2026-01-26T00:00:00Z,2026-09-25T18:38:58.428Z
CVE-2026-2441,2026-02-13T00:00:00Z,2026-02-17T00:00:00Z,2026-09-25T18:38:58.428Z
CVE-2026-24423,2026-01-28T00:00:00Z,2026-02-05T00:00:00Z,2026-09-25T18:38:58.428Z
CVE-2026-24477,2026-04-01T00:00:00Z,,2026-09-25T18:38:58.428Z
CVE-2026-24858,2026-01-27T00:00:00Z,2026-01-27T00:00:00Z,2026-09-25T18:38:58.428Z
CVE-2026-25089,2026-06-15T00:00:00Z,2026-07-16T00:00:00Z,2026-09-25T18:38:58.428Z
CVE-2026-25108,2026-02-13T00:00:00Z,2026-02-24T00:00:00Z,2026-09-25T18:38:58.428Z
CVE-2026-25187,2026-04-13T00:00:00Z,,2026-09-25T18:38:58.428Z
CVE-2026-25253,2026-02-19T00:00:00Z,,2026-09-25T18:38:58.428Z
CVE-2026-25306,2026-03-17T00:00:00Z,,2026-09-25T18:38:58.428Z
CVE-2026-25455,2026-04-17T00:00:00Z,,2026-09-25T18:38:58.428Z
CVE-2026-25815,2026-02-05T00:00:00Z,,2026-09-25T18:38:58.428Z
CVE-2026-25895,2026-08-18T00:00:00Z,,2026-09-25T18:38:58.428Z
CVE-2026-25939,2026-06-12T00:00:00Z,,2026-09-25T18:38:58.428Z
CVE-2026-26127,2026-04-13T00:00:00Z,,2026-09-25T18:38:58.428Z
CVE-2026-2614,2026-08-29T00:00:00Z,,2026-09-25T18:38:58.428Z
CVE-2026-26190,2026-08-13T00:00:00Z,,2026-09-25T18:38:58.428Z
CVE-2026-2652,2026-08-07T00:00:00Z,,2026-09-25T18:38:58.428Z
CVE-2026-26980,2026-05-21T00:00:00Z,,2026-09-25T18:38:58.428Z
CVE-2026-2699,2026-07-10T00:00:00Z,,2026-09-25T18:38:58.428Z
CVE-2026-27174,2026-04-18T00:00:00Z,,2026-09-25T18:38:58.428Z
CVE-2026-27175,2026-04-13T00:00:00Z,,2026-09-25T18:38:58.428Z
CVE-2026-27540,2026-02-20T00:00:00Z,,2026-09-25T18:38:58.428Z
CVE-2026-27541,2026-02-20T00:00:00Z,,2026-09-25T18:38:58.428Z
CVE-2026-27542,2026-02-20T00:00:00Z,,2026-09-25T18:38:58.428Z
CVE-2026-27760,2026-06-17T00:00:00Z,,2026-09-25T18:38:58.428Z
CVE-2026-27944,2026-03-19T00:00:00Z,,2026-09-25T18:38:58.428Z
CVE-2026-27960,2026-09-21T00:00:00Z,,2026-09-25T18:38:58.428Z
CVE-2026-27971,2026-04-01T00:00:00Z,,2026-09-25T18:38:58.428Z
CVE-2026-28139,2026-08-04T00:00:00Z,,2026-09-25T18:38:58.428Z
CVE-2026-28318,2026-06-05T00:00:00Z,2026-06-05T00:00:00Z,2026-09-25T18:38:58.428Z
CVE-2026-28409,2026-08-04T00:00:00Z,,2026-09-25T18:38:58.428Z
CVE-2026-28414,2026-05-31T00:00:00Z,,2026-09-25T18:38:58.428Z
CVE-2026-28496,2026-06-25T00:00:00Z,,2026-09-25T18:38:58.428Z
CVE-2026-28515,2026-05-14T00:00:00Z,,2026-09-25T18:38:58.428Z
CVE-2026-28517,2026-05-14T00:00:00Z,,2026-09-25T18:38:58.428Z
CVE-2026-29014,2026-04-25T00:00:00Z,,2026-09-25T18:38:58.428Z
CVE-2026-29059,2026-07-18T00:00:00Z,,2026-09-25T18:38:58.428Z
CVE-2026-2931,2026-05-04T00:00:00Z,,2026-09-25T18:38:58.428Z
CVE-2026-3018,2026-06-10T00:00:00Z,,2026-09-25T18:38:58.428Z
CVE-2026-3055,2026-03-29T00:00:00Z,2026-03-30T00:00:00Z,2026-09-25T18:38:58.428Z
CVE-2026-30633,2026-09-24T00:00:00Z,,2026-09-25T18:38:58.428Z
CVE-2026-31431,2026-05-01T00:00:00Z,2026-05-01T00:00:00Z,2026-09-25T18:38:58.428Z
CVE-2026-31635,2026-08-26T00:00:00Z,,2026-09-25T18:38:58.428Z
CVE-2026-31816,2026-06-05T00:00:00Z,,2026-09-25T18:38:58.428Z
CVE-2026-31843,2026-07-09T00:00:00Z,,2026-09-25T18:38:58.428Z
CVE-2026-32201,2026-04-12T00:00:00Z,2026-04-14T00:00:00Z,2026-09-25T18:38:58.428Z
CVE-2026-32202,2026-04-14T00:00:00Z,2026-04-28T00:00:00Z,2026-09-25T18:38:58.428Z
CVE-2026-32255,2026-09-17T00:00:00Z,,2026-09-25T18:38:58.428Z
CVE-2026-32475,2026-08-19T00:00:00Z,,2026-09-25T18:38:58.428Z
CVE-2026-32499,2026-03-20T00:00:00Z,,2026-09-25T18:38:58.428Z
CVE-2026-32558,2026-08-24T00:00:00Z,,2026-09-25T18:38:58.428Z
CVE-2026-32562,2026-03-23T00:00:00Z,,2026-09-25T18:38:58.428Z
CVE-2026-32566,2026-08-28T00:00:00Z,,2026-09-25T18:38:58.428Z
CVE-2026-32661,2026-05-13T00:00:00Z,,2026-09-25T18:38:58.428Z
CVE-2026-3296,2026-05-04T00:00:00Z,,2026-09-25T18:38:58.428Z
CVE-2026-32996,2026-09-16T00:00:00Z,,2026-09-25T18:38:58.428Z
CVE-2026-3300,2026-06-03T00:00:00Z,,2026-09-25T18:38:58.428Z
CVE-2026-33017,2026-03-19T00:00:00Z,2026-03-25T00:00:00Z,2026-09-25T18:38:58.428Z
CVE-2026-33032,2026-04-13T00:00:00Z,,2026-09-25T18:38:58.428Z
CVE-2026-33478,2026-04-30T00:00:00Z,,2026-09-25T18:38:58.428Z
CVE-2026-33497,2026-08-11T00:00:00Z,,2026-09-25T18:38:58.428Z
CVE-2026-33626,2026-04-22T00:00:00Z,,2026-09-25T18:38:58.428Z
CVE-2026-33634,2026-03-23T00:00:00Z,2026-03-26T00:00:00Z,2026-09-25T18:38:58.428Z
CVE-2026-33824,2026-07-30T00:00:00Z,2026-08-18T00:00:00Z,2026-09-25T18:38:58.428Z
CVE-2026-33825,2026-04-16T00:00:00Z,2026-04-22T00:00:00Z,2026-09-25T18:38:58.428Z
CVE-2026-3395,2026-07-09T00:00:00Z,,2026-09-25T18:38:58.428Z
CVE-2026-34197,2026-04-13T00:00:00Z,2026-04-16T00:00:00Z,2026-09-25T18:38:58.428Z
CVE-2026-34234,2026-05-19T00:00:00Z,,2026-09-25T18:38:58.428Z
CVE-2026-34424,2026-04-07T00:00:00Z,,2026-09-25T18:38:58.428Z
CVE-2026-34486,2026-07-30T00:00:00Z,2026-08-04T00:00:00Z,2026-09-25T18:38:58.428Z
CVE-2026-34621,2026-04-07T00:00:00Z,2026-04-13T00:00:00Z,2026-09-25T18:38:58.428Z
CVE-2026-34908,2026-06-09T00:00:00Z,2026-06-23T00:00:00Z,2026-09-25T18:38:58.428Z
CVE-2026-34909,2026-06-09T00:00:00Z,2026-06-23T00:00:00Z,2026-09-25T18:38:58.428Z
CVE-2026-34910,2026-06-09T00:00:00Z,2026-06-23T00:00:00Z,2026-09-25T18:38:58.428Z
CVE-2026-34926,2026-05-21T00:00:00Z,2026-05-21T00:00:00Z,2026-09-25T18:38:58.428Z
CVE-2026-3502,2026-03-31T00:00:00Z,2026-04-02T00:00:00Z,2026-09-25T18:38:58.428Z
CVE-2026-35029,2026-04-06T00:00:00Z,,2026-09-25T18:38:58.428Z
CVE-2026-35056,2026-03-30T00:00:00Z,,2026-09-25T18:38:58.428Z
CVE-2026-35273,2026-06-11T00:00:00Z,2026-06-12T00:00:00Z,2026-09-25T18:38:58.428Z
CVE-2026-35616,2026-04-04T00:00:00Z,2026-04-06T00:00:00Z,2026-09-25T18:38:58.428Z
CVE-2026-3564,2026-03-17T00:00:00Z,,2026-09-25T18:38:58.428Z
CVE-2026-3584,2026-03-20T00:00:00Z,,2026-09-25T18:38:58.428Z
CVE-2026-36356,2026-06-21T00:00:00Z,,2026-09-25T18:38:58.428Z
CVE-2026-36425,2026-08-26T00:00:00Z,,2026-09-25T18:38:58.428Z
CVE-2026-3657,2026-03-12T00:00:00Z,,2026-09-25T18:38:58.428Z
CVE-2026-3836,2026-07-31T00:00:00Z,,2026-09-25T18:38:58.428Z
CVE-2026-3844,2026-04-23T00:00:00Z,,2026-09-25T18:38:58.428Z
CVE-2026-38992,2026-08-03T00:00:00Z,,2026-09-25T18:38:58.428Z
CVE-2026-3909,2026-03-12T00:00:00Z,2026-03-13T00:00:00Z,2026-09-25T18:38:58.428Z
CVE-2026-3910,2026-03-12T00:00:00Z,2026-03-13T00:00:00Z,2026-09-25T18:38:58.428Z
CVE-2026-39364,2026-09-11T00:00:00Z,,2026-09-25T18:38:58.428Z
CVE-2026-39365,2026-05-22T00:00:00Z,,2026-09-25T18:38:58.428Z
CVE-2026-39494,2026-06-11T00:00:00Z,,2026-09-25T18:38:58.428Z
CVE-2026-3965,2026-04-06T00:00:00Z,,2026-09-25T18:38:58.428Z
CVE-2026-39808,2026-06-09T00:00:00Z,2026-07-16T00:00:00Z,2026-09-25T18:38:58.428Z
CVE-2026-39813,2026-06-15T00:00:00Z,,2026-09-25T18:38:58.428Z
CVE-2026-39987,2026-04-09T00:00:00Z,2026-04-23T00:00:00Z,2026-09-25T18:38:58.428Z
CVE-2026-4001,2026-03-24T00:00:00Z,,2026-09-25T18:38:58.428Z
CVE-2026-4020,2026-03-31T00:00:00Z,,2026-09-25T18:38:58.428Z
CVE-2026-40217,2026-07-30T00:00:00Z,,2026-09-25T18:38:58.428Z
CVE-2026-40242,2026-09-17T00:00:00Z,,2026-09-25T18:38:58.428Z
CVE-2026-40466,2026-05-07T00:00:00Z,,2026-09-25T18:38:58.428Z
CVE-2026-4047,2026-04-26T00:00:00Z,,2026-09-25T18:38:58.428Z
CVE-2026-41089,2026-05-29T00:00:00Z,,2026-09-25T18:38:58.428Z
CVE-2026-41091,2026-05-19T00:00:00Z,2026-05-20T00:00:00Z,2026-09-25T18:38:58.428Z
CVE-2026-41176,2026-05-13T00:00:00Z,,2026-09-25T18:38:58.428Z
CVE-2026-41679,2026-08-17T00:00:00Z,,2026-09-25T18:38:58.428Z
CVE-2026-41940,2026-04-28T00:00:00Z,2026-04-30T00:00:00Z,2026-09-25T18:38:58.428Z
CVE-2026-41948,2026-09-01T00:00:00Z,,2026-09-25T18:38:58.428Z
CVE-2026-42016,2026-09-10T00:00:00Z,2026-09-11T00:00:00Z,2026-09-25T18:38:58.428Z
CVE-2026-42018,2026-09-10T00:00:00Z,2026-09-11T00:00:00Z,2026-09-25T18:38:58.428Z
CVE-2026-42031,2026-09-10T00:00:00Z,,2026-09-25T18:38:58.428Z
CVE-2026-42167,2026-06-01T00:00:00Z,,2026-09-25T18:38:58.428Z
CVE-2026-42208,2026-04-27T00:00:00Z,2026-05-08T00:00:00Z,2026-09-25T18:38:58.428Z
CVE-2026-42271,2026-06-08T00:00:00Z,2026-06-08T00:00:00Z,2026-09-25T18:38:58.428Z
CVE-2026-42589,2026-06-23T00:00:00Z,,2026-09-25T18:38:58.428Z
CVE-2026-42647,2026-04-29T00:00:00Z,,2026-09-25T18:38:58.428Z
CVE-2026-42653,2026-06-11T00:00:00Z,,2026-09-25T18:38:58.428Z
CVE-2026-42796,2026-09-18T00:00:00Z,,2026-09-25T18:38:58.428Z
CVE-2026-42897,2026-05-14T00:00:00Z,2026-05-15T00:00:00Z,2026-09-25T18:38:58.428Z
CVE-2026-42945,2026-05-16T00:00:00Z,,2026-09-25T18:38:58.428Z
CVE-2026-43284,2026-05-08T00:00:00Z,,2026-09-25T18:38:58.428Z
CVE-2026-43494,2026-08-26T00:00:00Z,,2026-09-25T18:38:58.428Z
CVE-2026-43500,2026-05-11T00:00:00Z,,2026-09-25T18:38:58.428Z
CVE-2026-44338,2026-05-12T00:00:00Z,,2026-09-25T18:38:58.428Z
CVE-2026-44742,2026-05-07T00:00:00Z,,2026-09-25T18:38:58.428Z
CVE-2026-4480,2026-07-20T00:00:00Z,,2026-09-25T18:38:58.428Z
CVE-2026-44825,2026-07-22T00:00:00Z,,2026-09-25T18:38:58.428Z
CVE-2026-44963,2026-07-10T00:00:00Z,,2026-09-25T18:38:58.428Z
CVE-2026-45247,2026-05-29T00:00:00Z,2026-06-03T00:00:00Z,2026-09-25T18:38:58.428Z
CVE-2026-45298,2026-08-14T00:00:00Z,,2026-09-25T18:38:58.428Z
CVE-2026-45321,2026-05-27T00:00:00Z,2026-05-27T00:00:00Z,2026-09-25T18:38:58.428Z
CVE-2026-45444,2026-05-20T00:00:00Z,,2026-09-25T18:38:58.428Z
CVE-2026-45498,2026-05-19T00:00:00Z,2026-05-20T00:00:00Z,2026-09-25T18:38:58.428Z
CVE-2026-45586,2026-07-10T00:00:00Z,,2026-09-25T18:38:58.428Z
CVE-2026-45659,2026-07-01T00:00:00Z,2026-07-01T00:00:00Z,2026-09-25T18:38:58.428Z
CVE-2026-45695,2026-09-10T00:00:00Z,,2026-09-25T18:38:58.428Z
CVE-2026-46300,2026-08-03T00:00:00Z,,2026-09-25T18:38:58.428Z
CVE-2026-4631,2026-07-08T00:00:00Z,,2026-09-25T18:38:58.428Z
CVE-2026-46331,2026-08-26T00:00:00Z,,2026-09-25T18:38:58.428Z
CVE-2026-46442,2026-07-17T00:00:00Z,,2026-09-25T18:38:58.428Z
CVE-2026-46817,2026-06-29T00:00:00Z,2026-07-15T00:00:00Z,2026-09-25T18:38:58.428Z
CVE-2026-47100,2026-05-14T00:00:00Z,,2026-09-25T18:38:58.428Z
CVE-2026-48027,2026-05-27T00:00:00Z,2026-05-27T00:00:00Z,2026-09-25T18:38:58.428Z
CVE-2026-48172,2026-05-21T00:00:00Z,2026-05-26T00:00:00Z,2026-09-25T18:38:58.428Z
CVE-2026-48282,2026-07-02T00:00:00Z,2026-07-07T00:00:00Z,2026-09-25T18:38:58.428Z
CVE-2026-48294,2026-08-10T00:00:00Z,,2026-09-25T18:38:58.428Z
CVE-2026-48313,2026-08-01T00:00:00Z,,2026-09-25T18:38:58.428Z
CVE-2026-48558,2026-06-29T00:00:00Z,2026-06-29T00:00:00Z,2026-09-25T18:38:58.428Z
CVE-2026-48611,2026-07-20T00:00:00Z,,2026-09-25T18:38:58.428Z
CVE-2026-48710,2026-05-26T00:00:00Z,2026-09-02T00:00:00Z,2026-09-25T18:38:58.428Z
CVE-2026-48842,2026-09-21T00:00:00Z,,2026-09-25T18:38:58.428Z
CVE-2026-48907,2026-06-12T00:00:00Z,2026-06-16T00:00:00Z,2026-09-25T18:38:58.428Z
CVE-2026-48908,2026-06-15T00:00:00Z,2026-07-07T00:00:00Z,2026-09-25T18:38:58.428Z
CVE-2026-48939,2026-07-10T00:00:00Z,2026-07-10T00:00:00Z,2026-09-25T18:38:58.428Z
CVE-2026-48969,2026-06-15T00:00:00Z,,2026-09-25T18:38:58.428Z
CVE-2026-49049,2026-08-11T00:00:00Z,,2026-09-25T18:38:58.428Z
CVE-2026-49060,2026-06-08T00:00:00Z,,2026-09-25T18:38:58.428Z
CVE-2026-49777,2026-06-05T00:00:00Z,,2026-09-25T18:38:58.428Z
CVE-2026-49869,2026-08-26T00:00:00Z,2026-09-02T00:00:00Z,2026-09-25T18:38:58.428Z
CVE-2026-5027,2026-06-08T00:00:00Z,,2026-09-25T18:38:58.428Z
CVE-2026-50522,2026-07-20T00:00:00Z,2026-07-22T00:00:00Z,2026-09-25T18:38:58.428Z
CVE-2026-5073,2026-06-04T00:00:00Z,,2026-09-25T18:38:58.428Z
CVE-2026-50751,2026-06-08T00:00:00Z,2026-06-08T00:00:00Z,2026-09-25T18:38:58.428Z
CVE-2026-50752,2026-09-16T00:00:00Z,,2026-09-25T18:38:58.428Z
CVE-2026-5153,2026-09-01T00:00:00Z,,2026-09-25T18:38:58.428Z
CVE-2026-51990,2026-09-10T00:00:00Z,,2026-09-25T18:38:58.428Z
CVE-2026-5231,2026-04-17T00:00:00Z,,2026-09-25T18:38:58.428Z
CVE-2026-52806,2026-06-28T00:00:00Z,,2026-09-25T18:38:58.428Z
CVE-2026-5281,2026-03-31T00:00:00Z,2026-04-01T00:00:00Z,2026-09-25T18:38:58.428Z
CVE-2026-52813,2026-06-26T00:00:00Z,,2026-09-25T18:38:58.428Z
CVE-2026-53266,2026-09-18T00:00:00Z,2026-09-18T00:00:00Z,2026-09-25T18:38:58.428Z
CVE-2026-53362,2026-08-27T00:00:00Z,2026-08-27T00:00:00Z,2026-09-25T18:38:58.428Z
CVE-2026-53435,2026-06-15T00:00:00Z,,2026-09-25T18:38:58.428Z
CVE-2026-53576,2026-08-01T00:00:00Z,,2026-09-25T18:38:58.428Z
CVE-2026-54066,2026-08-03T00:00:00Z,,2026-09-25T18:38:58.428Z
CVE-2026-54196,2026-09-16T00:00:00Z,,2026-09-25T18:38:58.428Z
CVE-2026-5426,2026-05-25T00:00:00Z,,2026-09-25T18:38:58.428Z
CVE-2026-5430,2026-09-15T00:00:00Z,2026-09-24T00:00:00Z,2026-09-25T18:38:58.428Z
CVE-2026-54420,2026-06-01T00:00:00Z,2026-06-15T00:00:00Z,2026-09-25T18:38:58.428Z
CVE-2026-54569,2026-09-21T00:00:00Z,,2026-09-25T18:38:58.428Z
CVE-2026-55040,2026-08-12T00:00:00Z,2026-08-18T00:00:00Z,2026-09-25T18:38:58.428Z
CVE-2026-5524,2026-07-02T00:00:00Z,,2026-09-25T18:38:58.428Z
CVE-2026-55255,2026-06-26T00:00:00Z,2026-07-07T00:00:00Z,2026-09-25T18:38:58.428Z
CVE-2026-55450,2026-08-09T00:00:00Z,,2026-09-25T18:38:58.428Z
CVE-2026-55786,2026-09-14T00:00:00Z,,2026-09-25T18:38:58.428Z
CVE-2026-56011,2026-06-19T00:00:00Z,,2026-09-25T18:38:58.428Z
CVE-2026-56155,2026-07-14T00:00:00Z,2026-07-14T00:00:00Z,2026-09-25T18:38:58.428Z
CVE-2026-56164,2026-07-14T00:00:00Z,2026-07-14T00:00:00Z,2026-09-25T18:38:58.428Z
CVE-2026-56270,2026-07-08T00:00:00Z,,2026-09-25T18:38:58.428Z
CVE-2026-56271,2026-09-21T00:00:00Z,,2026-09-25T18:38:58.428Z
CVE-2026-56290,2026-06-27T00:00:00Z,2026-07-07T00:00:00Z,2026-09-25T18:38:58.428Z
CVE-2026-56291,2026-07-08T00:00:00Z,2026-07-10T00:00:00Z,2026-09-25T18:38:58.428Z
CVE-2026-5718,2026-04-20T00:00:00Z,,2026-09-25T18:38:58.428Z
CVE-2026-57624,2026-07-01T00:00:00Z,,2026-09-25T18:38:58.428Z
CVE-2026-57700,2026-06-25T00:00:00Z,,2026-09-25T18:38:58.428Z
CVE-2026-57739,2026-08-22T00:00:00Z,,2026-09-25T18:38:58.428Z
CVE-2026-58138,2026-07-27T00:00:00Z,,2026-09-25T18:38:58.428Z
CVE-2026-58231,2026-08-14T00:00:00Z,,2026-09-25T18:38:58.428Z
CVE-2026-58400,2026-09-03T00:00:00Z,,2026-09-25T18:38:58.428Z
CVE-2026-58455,2026-07-21T00:00:00Z,,2026-09-25T18:38:58.428Z
CVE-2026-58457,2026-09-04T00:00:00Z,,2026-09-25T18:38:58.428Z
CVE-2026-58480,2026-07-02T00:00:00Z,,2026-09-25T18:38:58.428Z
CVE-2026-58644,2026-07-14T00:00:00Z,2026-07-16T00:00:00Z,2026-09-25T18:38:58.428Z
CVE-2026-58704,2026-09-15T00:00:00Z,2026-09-16T00:00:00Z,2026-09-25T18:38:58.428Z
CVE-2026-59309,2026-08-14T00:00:00Z,,2026-09-25T18:38:58.428Z
CVE-2026-59310,2026-08-10T00:00:00Z,2026-08-18T00:00:00Z,2026-09-25T18:38:58.428Z
CVE-2026-59553,2026-07-24T00:00:00Z,,2026-09-25T18:38:58.428Z
CVE-2026-59800,2026-07-07T00:00:00Z,,2026-09-25T18:38:58.428Z
CVE-2026-59821,2026-07-26T00:00:00Z,,2026-09-25T18:38:58.428Z
CVE-2026-59822,2026-07-08T00:00:00Z,2026-09-02T00:00:00Z,2026-09-25T18:38:58.428Z
CVE-2026-60004,2026-08-19T00:00:00Z,2026-08-25T00:00:00Z,2026-09-25T18:38:58.428Z
CVE-2026-60105,2026-09-07T00:00:00Z,,2026-09-25T18:38:58.428Z
CVE-2026-60137,2026-07-17T00:00:00Z,2026-07-21T00:00:00Z,2026-09-25T18:38:58.428Z
CVE-2026-61511,2026-08-27T00:00:00Z,,2026-09-25T18:38:58.428Z
CVE-2026-61979,2026-08-21T00:00:00Z,,2026-09-25T18:38:58.428Z
CVE-2026-63030,2026-07-17T00:00:00Z,2026-07-21T00:00:00Z,2026-09-25T18:38:58.428Z
CVE-2026-63077,2026-08-05T00:00:00Z,2026-08-05T00:00:00Z,2026-09-25T18:38:58.428Z
CVE-2026-63219,2026-09-03T00:00:00Z,,2026-09-25T18:38:58.428Z
CVE-2026-63520,2026-08-25T00:00:00Z,,2026-09-25T18:38:58.428Z
CVE-2026-6433,2026-06-23T00:00:00Z,,2026-09-25T18:38:58.428Z
CVE-2026-64849,2026-08-18T00:00:00Z,2026-08-19T00:00:00Z,2026-09-25T18:38:58.428Z
CVE-2026-65400,2026-08-07T00:00:00Z,2026-08-18T00:00:00Z,2026-09-25T18:38:58.428Z
CVE-2026-65442,2026-08-03T00:00:00Z,,2026-09-25T18:38:58.428Z
CVE-2026-65660,2026-09-24T00:00:00Z,2026-09-25T00:00:00Z,2026-09-25T18:38:58.428Z
CVE-2026-65884,2026-07-29T00:00:00Z,,2026-09-25T18:38:58.428Z
CVE-2026-65885,2026-07-29T00:00:00Z,,2026-09-25T18:38:58.428Z
CVE-2026-66047,2026-09-16T00:00:00Z,,2026-09-25T18:38:58.428Z
CVE-2026-66066,2026-08-25T00:00:00Z,,2026-09-25T18:38:58.428Z
CVE-2026-66384,2026-08-27T00:00:00Z,2026-08-27T00:00:00Z,2026-09-25T18:38:58.428Z
CVE-2026-66441,2026-08-10T00:00:00Z,,2026-09-25T18:38:58.428Z
CVE-2026-66443,2026-08-10T00:00:00Z,,2026-09-25T18:38:58.428Z
CVE-2026-66457,2026-09-22T00:00:00Z,,2026-09-25T18:38:58.428Z
CVE-2026-66464,2026-08-10T00:00:00Z,,2026-09-25T18:38:58.428Z
CVE-2026-66582,2026-08-19T00:00:00Z,,2026-09-25T18:38:58.428Z
CVE-2026-66613,2026-08-19T00:00:00Z,,2026-09-25T18:38:58.428Z
CVE-2026-66629,2026-08-18T00:00:00Z,,2026-09-25T18:38:58.428Z
CVE-2026-6664,2026-05-20T00:00:00Z,,2026-09-25T18:38:58.428Z
CVE-2026-66665,2026-08-05T00:00:00Z,,2026-09-25T18:38:58.428Z
CVE-2026-6692,2026-05-07T00:00:00Z,,2026-09-25T18:38:58.428Z
CVE-2026-67276,2026-09-05T00:00:00Z,,2026-09-25T18:38:58.428Z
CVE-2026-67277,2026-09-05T00:00:00Z,2026-09-10T00:00:00Z,2026-09-25T18:38:58.428Z
CVE-2026-67279,2026-09-05T00:00:00Z,2026-09-25T00:00:00Z,2026-09-25T18:38:58.428Z
CVE-2026-67595,2026-07-29T00:00:00Z,,2026-09-25T18:38:58.428Z
CVE-2026-6875,2026-07-18T00:00:00Z,,2026-09-25T18:38:58.428Z
CVE-2026-68820,2026-08-11T00:00:00Z,2026-08-11T00:00:00Z,2026-09-25T18:38:58.428Z
CVE-2026-69255,2026-09-15T00:00:00Z,,2026-09-25T18:38:58.428Z
CVE-2026-6973,2026-05-07T00:00:00Z,2026-05-07T00:00:00Z,2026-09-25T18:38:58.428Z
CVE-2026-69836,2026-08-20T00:00:00Z,,2026-09-25T18:38:58.428Z
CVE-2026-71362,2026-09-03T00:00:00Z,2026-09-24T00:00:00Z,2026-09-25T18:38:58.428Z
CVE-2026-72529,2026-08-12T00:00:00Z,2026-08-20T00:00:00Z,2026-09-25T18:38:58.428Z
CVE-2026-72530,2026-08-12T00:00:00Z,2026-08-20T00:00:00Z,2026-09-25T18:38:58.428Z
CVE-2026-7273,2026-09-21T00:00:00Z,2026-09-21T00:00:00Z,2026-09-25T18:38:58.428Z
CVE-2026-72898,2026-08-06T00:00:00Z,2026-08-11T00:00:00Z,2026-09-25T18:38:58.428Z
CVE-2026-73343,2026-08-18T00:00:00Z,,2026-09-25T18:38:58.428Z
CVE-2026-73400,2026-08-18T00:00:00Z,,2026-09-25T18:38:58.428Z
CVE-2026-73532,2026-08-01T00:00:00Z,,2026-09-25T18:38:58.428Z
CVE-2026-73533,2026-08-01T00:00:00Z,,2026-09-25T18:38:58.428Z
CVE-2026-73570,2026-08-17T00:00:00Z,2026-08-21T00:00:00Z,2026-09-25T18:38:58.428Z
CVE-2026-74232,2026-08-27T00:00:00Z,,2026-09-25T18:38:58.428Z
CVE-2026-74233,2026-08-27T00:00:00Z,,2026-09-25T18:38:58.428Z
CVE-2026-7465,2026-06-02T00:00:00Z,,2026-09-25T18:38:58.428Z
CVE-2026-7473,2026-05-05T00:00:00Z,2026-06-09T00:00:00Z,2026-09-25T18:38:58.428Z
CVE-2026-7482,2026-06-08T00:00:00Z,,2026-09-25T18:38:58.428Z
CVE-2026-7515,2026-06-19T00:00:00Z,,2026-09-25T18:38:58.428Z
CVE-2026-75650,2026-09-07T00:00:00Z,2026-09-08T00:00:00Z,2026-09-25T18:38:58.428Z
CVE-2026-75949,2026-09-22T00:00:00Z,,2026-09-25T18:38:58.428Z
CVE-2026-75981,2026-09-10T00:00:00Z,,2026-09-25T18:38:58.428Z
CVE-2026-76460,2026-09-16T00:00:00Z,2026-09-16T00:00:00Z,2026-09-25T18:38:58.428Z
CVE-2026-76461,2026-09-14T00:00:00Z,2026-09-14T00:00:00Z,2026-09-25T18:38:58.428Z
CVE-2026-76581,2026-08-27T00:00:00Z,,2026-09-25T18:38:58.428Z
CVE-2026-76904,2026-08-21T00:00:00Z,,2026-09-25T18:38:58.428Z
CVE-2026-77136,2026-08-25T00:00:00Z,,2026-09-25T18:38:58.428Z
CVE-2026-77647,2026-08-20T00:00:00Z,,2026-09-25T18:38:58.428Z
CVE-2026-77806,2026-08-21T00:00:00Z,,2026-09-25T18:38:58.428Z
CVE-2026-78003,2026-08-28T00:00:00Z,,2026-09-25T18:38:58.428Z
CVE-2026-78006,2026-09-12T00:00:00Z,,2026-09-25T18:38:58.428Z
CVE-2026-78141,2026-09-01T00:00:00Z,,2026-09-25T18:38:58.428Z
CVE-2026-78159,2026-09-14T00:00:00Z,,2026-09-25T18:38:58.428Z
CVE-2026-79756,2026-09-21T00:00:00Z,,2026-09-25T18:38:58.428Z
CVE-2026-80099,2026-09-09T00:00:00Z,,2026-09-25T18:38:58.428Z
CVE-2026-8037,2026-07-01T00:00:00Z,2026-08-07T00:00:00Z,2026-09-25T18:38:58.428Z
CVE-2026-8054,2026-06-27T00:00:00Z,,2026-09-25T18:38:58.428Z
CVE-2026-81578,2026-08-28T00:00:00Z,2026-08-31T00:00:00Z,2026-09-25T18:38:58.428Z
CVE-2026-8181,2026-05-14T00:00:00Z,,2026-09-25T18:38:58.428Z
CVE-2026-81963,2026-09-08T00:00:00Z,2026-09-08T00:00:00Z,2026-09-25T18:38:58.428Z
CVE-2026-8206,2026-06-02T00:00:00Z,,2026-09-25T18:38:58.428Z
CVE-2026-82078,2026-08-28T00:00:00Z,2026-08-31T00:00:00Z,2026-09-25T18:38:58.428Z
CVE-2026-82222,2026-08-31T00:00:00Z,,2026-09-25T18:38:58.428Z
CVE-2026-82329,2026-09-01T00:00:00Z,2026-09-02T00:00:00Z,2026-09-25T18:38:58.428Z
CVE-2026-82970,2026-08-31T00:00:00Z,,2026-09-25T18:38:58.428Z
CVE-2026-83548,2026-09-01T00:00:00Z,2026-09-02T00:00:00Z,2026-09-25T18:38:58.428Z
CVE-2026-83549,2026-09-01T00:00:00Z,2026-09-02T00:00:00Z,2026-09-25T18:38:58.428Z
CVE-2026-8398,2026-05-08T00:00:00Z,2026-05-27T00:00:00Z,2026-09-25T18:38:58.428Z
CVE-2026-84434,2026-09-18T00:00:00Z,,2026-09-25T18:38:58.428Z
CVE-2026-8451,2026-07-01T00:00:00Z,,2026-09-25T18:38:58.428Z
CVE-2026-8452,2026-08-17T00:00:00Z,2026-08-26T00:00:00Z,2026-09-25T18:38:58.428Z
CVE-2026-84755,2026-09-03T00:00:00Z,,2026-09-25T18:38:58.428Z
CVE-2026-84813,2026-09-02T00:00:00Z,,2026-09-25T18:38:58.428Z
CVE-2026-84869,2026-09-08T00:00:00Z,2026-09-11T00:00:00Z,2026-09-25T18:38:58.428Z
CVE-2026-8496,2026-07-23T00:00:00Z,,2026-09-25T18:38:58.428Z
CVE-2026-85046,2026-09-03T00:00:00Z,2026-09-04T00:00:00Z,2026-09-25T18:38:58.428Z
CVE-2026-85102,2026-09-22T00:00:00Z,2026-09-22T00:00:00Z,2026-09-25T18:38:58.428Z
CVE-2026-85706,2026-09-11T00:00:00Z,2026-09-11T00:00:00Z,2026-09-25T18:38:58.428Z
CVE-2026-85880,2026-09-08T00:00:00Z,2026-09-08T00:00:00Z,2026-09-25T18:38:58.428Z
CVE-2026-86060,2026-09-05T00:00:00Z,2026-09-10T00:00:00Z,2026-09-25T18:38:58.428Z
CVE-2026-86124,2026-09-18T00:00:00Z,,2026-09-25T18:38:58.428Z
CVE-2026-86206,2026-09-10T00:00:00Z,,2026-09-25T18:38:58.428Z
CVE-2026-86207,2026-09-09T00:00:00Z,,2026-09-25T18:38:58.428Z
CVE-2026-86218,2026-09-06T00:00:00Z,2026-09-08T00:00:00Z,2026-09-25T18:38:58.428Z
CVE-2026-86538,2026-09-17T00:00:00Z,,2026-09-25T18:38:58.428Z
CVE-2026-8713,2026-06-18T00:00:00Z,,2026-09-25T18:38:58.428Z
CVE-2026-8732,2026-05-29T00:00:00Z,,2026-09-25T18:38:58.428Z
CVE-2026-87491,2026-09-08T00:00:00Z,2026-09-09T00:00:00Z,2026-09-25T18:38:58.428Z
CVE-2026-87827,2026-09-09T00:00:00Z,,2026-09-25T18:38:58.428Z
CVE-2026-87886,2026-09-15T00:00:00Z,2026-09-16T00:00:00Z,2026-09-25T18:38:58.428Z
CVE-2026-87902,2026-09-22T00:00:00Z,,2026-09-25T18:38:58.428Z
CVE-2026-88062,2026-09-21T00:00:00Z,,2026-09-25T18:38:58.428Z
CVE-2026-89013,2026-09-17T00:00:00Z,,2026-09-25T18:38:58.428Z
CVE-2026-89026,2026-09-15T00:00:00Z,,2026-09-25T18:38:58.428Z
CVE-2026-9055,2026-09-01T00:00:00Z,,2026-09-25T18:38:58.428Z
CVE-2026-9082,2026-05-22T00:00:00Z,2026-05-22T00:00:00Z,2026-09-25T18:38:58.428Z
CVE-2026-9198,2026-08-04T00:00:00Z,2026-08-04T00:00:00Z,2026-09-25T18:38:58.428Z
CVE-2026-92229,2026-09-21T00:00:00Z,,2026-09-25T18:38:58.428Z
CVE-2026-9282,2026-07-14T00:00:00Z,,2026-09-25T18:38:58.428Z
CVE-2026-93616,2026-09-22T00:00:00Z,2026-09-22T00:00:00Z,2026-09-25T18:38:58.428Z
CVE-2026-93622,2026-09-25T00:00:00Z,,2026-09-25T18:38:58.428Z
CVE-2026-93952,2026-09-22T00:00:00Z,2026-09-22T00:00:00Z,2026-09-25T18:38:58.428Z
CVE-2026-94127,2026-09-22T00:00:00Z,2026-09-22T00:00:00Z,2026-09-25T18:38:58.428Z
CVE-2026-9586,2026-09-01T00:00:00Z,2026-09-02T00:00:00Z,2026-09-25T18:38:58.428Z
